# Blender 4.4.3
# www.blender.org
mtllib warehouse.mtl
o Plane
v -8.000000 -10.000000 0.000000
v 8.000000 -10.000000 0.000000
v -8.000000 10.000000 0.000000
v 8.000000 10.000000 0.000000
v -8.000000 0.000000 0.000000
v 0.000000 -10.000000 0.000000
v 8.000000 0.000000 0.000000
v 0.000000 10.000000 0.000000
v 0.000000 0.000000 0.000000
v -8.000000 -5.000000 0.000000
v 4.000000 -10.000000 0.000000
v 8.000000 5.000000 0.000000
v -4.000000 10.000000 0.000000
v 4.000000 -5.000000 0.000000
v -8.000000 5.000000 0.000000
v -4.000000 -10.000000 0.000000
v 8.000000 -5.000000 0.000000
v 4.000000 10.000000 0.000000
v -4.000000 5.000000 0.000000
v 0.000000 5.000000 0.000000
v 4.000000 0.000000 0.000000
v 4.000000 5.000000 0.000000
v -4.000000 -5.000000 0.000000
v 0.000000 -5.000000 0.000000
v -4.000000 0.000000 0.000000
v -8.000000 -7.500000 0.000000
v 6.000000 -10.000000 0.000000
v 8.000000 7.500000 0.000000
v -6.000000 10.000000 0.000000
v 6.000000 -7.500000 0.000000
v -8.000000 2.500000 0.000000
v -2.000000 -10.000000 0.000000
v 8.000000 -2.500000 0.000000
v 2.000000 10.000000 0.000000
v -2.000000 2.500000 0.000000
v 0.000000 7.500000 0.000000
v 6.000000 0.000000 0.000000
v 6.000000 2.500000 0.000000
v -6.000000 -2.500000 0.000000
v 0.000000 -2.500000 0.000000
v -2.000000 0.000000 0.000000
v -8.000000 -2.500000 0.000000
v 2.000000 -10.000000 0.000000
v 8.000000 2.500000 0.000000
v -2.000000 10.000000 0.000000
v 2.000000 -2.500000 0.000000
v -8.000000 7.500000 0.000000
v -6.000000 -10.000000 0.000000
v 8.000000 -7.500000 0.000000
v 6.000000 10.000000 0.000000
v -6.000000 7.500000 0.000000
v 0.000000 2.500000 0.000000
v 2.000000 0.000000 0.000000
v 2.000000 7.500000 0.000000
v -2.000000 -7.500000 0.000000
v 0.000000 -7.500000 0.000000
v -6.000000 0.000000 0.000000
v -6.000000 2.500000 0.000000
v -4.000000 2.500000 0.000000
v -6.000000 5.000000 0.000000
v -4.000000 -2.500000 0.000000
v -2.000000 -5.000000 0.000000
v -2.000000 -2.500000 0.000000
v -6.000000 -7.500000 0.000000
v -4.000000 -7.500000 0.000000
v -6.000000 -5.000000 0.000000
v 4.000000 7.500000 0.000000
v 6.000000 5.000000 0.000000
v 6.000000 7.500000 0.000000
v 2.000000 5.000000 0.000000
v 2.000000 2.500000 0.000000
v 4.000000 2.500000 0.000000
v -4.000000 7.500000 0.000000
v -2.000000 5.000000 0.000000
v -2.000000 7.500000 0.000000
v 4.000000 -2.500000 0.000000
v 6.000000 -5.000000 0.000000
v 6.000000 -2.500000 0.000000
v 2.000000 -7.500000 0.000000
v 4.000000 -7.500000 0.000000
v 2.000000 -5.000000 0.000000
v -8.000000 -8.750000 0.000000
v 7.000000 -10.000000 0.000000
v 8.000000 8.750000 0.000000
v -7.000000 10.000000 0.000000
v 7.000000 -8.750000 0.000000
v -8.000000 1.250000 0.000000
v -1.000000 -10.000000 0.000000
v 8.000000 -1.250000 0.000000
v 1.000000 10.000000 0.000000
v -1.000000 1.250000 0.000000
v 0.000000 8.750000 0.000000
v 7.000000 0.000000 0.000000
v 7.000000 1.250000 0.000000
v -7.000000 -1.250000 0.000000
v 0.000000 -1.250000 0.000000
v -1.000000 0.000000 0.000000
v -8.000000 -3.750000 0.000000
v 3.000000 -10.000000 0.000000
v 8.000000 3.750000 0.000000
v -3.000000 10.000000 0.000000
v 3.000000 -3.750000 0.000000
v -8.000000 6.250000 0.000000
v -5.000000 -10.000000 0.000000
v 8.000000 -6.250000 0.000000
v 5.000000 10.000000 0.000000
v -5.000000 6.250000 0.000000
v 0.000000 3.750000 0.000000
v 3.000000 0.000000 0.000000
v 3.000000 6.250000 0.000000
v -3.000000 -6.250000 0.000000
v 0.000000 -6.250000 0.000000
v -5.000000 0.000000 0.000000
v -7.000000 3.750000 0.000000
v -4.000000 3.750000 0.000000
v -5.000000 5.000000 0.000000
v -4.000000 -1.250000 0.000000
v -1.000000 -5.000000 0.000000
v -1.000000 -3.750000 0.000000
v -7.000000 -6.250000 0.000000
v -4.000000 -6.250000 0.000000
v -5.000000 -5.000000 0.000000
v 4.000000 8.750000 0.000000
v 7.000000 5.000000 0.000000
v 7.000000 6.250000 0.000000
v 3.000000 5.000000 0.000000
v 3.000000 1.250000 0.000000
v 4.000000 1.250000 0.000000
v -4.000000 8.750000 0.000000
v -1.000000 5.000000 0.000000
v -1.000000 6.250000 0.000000
v 4.000000 -1.250000 0.000000
v 7.000000 -5.000000 0.000000
v 7.000000 -3.750000 0.000000
v 1.000000 -6.250000 0.000000
v 4.000000 -6.250000 0.000000
v 3.000000 -5.000000 0.000000
v -8.000000 -6.250000 0.000000
v 5.000000 -10.000000 0.000000
v 8.000000 6.250000 0.000000
v -5.000000 10.000000 0.000000
v 5.000000 -6.250000 0.000000
v -8.000000 3.750000 0.000000
v -3.000000 -10.000000 0.000000
v 8.000000 -3.750000 0.000000
v 3.000000 10.000000 0.000000
v -3.000000 3.750000 0.000000
v 0.000000 6.250000 0.000000
v 5.000000 0.000000 0.000000
v 5.000000 3.750000 0.000000
v -5.000000 -3.750000 0.000000
v 0.000000 -3.750000 0.000000
v -3.000000 0.000000 0.000000
v -8.000000 -1.250000 0.000000
v 1.000000 -10.000000 0.000000
v 8.000000 1.250000 0.000000
v -1.000000 10.000000 0.000000
v 1.000000 -1.250000 0.000000
v -8.000000 8.750000 0.000000
v -7.000000 -10.000000 0.000000
v 8.000000 -8.750000 0.000000
v 7.000000 10.000000 0.000000
v -7.000000 8.750000 0.000000
v 0.000000 1.250000 0.000000
v 1.000000 0.000000 0.000000
v 1.000000 8.750000 0.000000
v -1.000000 -8.750000 0.000000
v 0.000000 -8.750000 0.000000
v -7.000000 0.000000 0.000000
v -5.000000 1.250000 0.000000
v -4.000000 1.250000 0.000000
v -7.000000 5.000000 0.000000
v -4.000000 -3.750000 0.000000
v -3.000000 -5.000000 0.000000
v -3.000000 -1.250000 0.000000
v -5.000000 -8.750000 0.000000
v -4.000000 -8.750000 0.000000
v -7.000000 -5.000000 0.000000
v 4.000000 6.250000 0.000000
v 5.000000 5.000000 0.000000
v 5.000000 8.750000 0.000000
v 1.000000 5.000000 0.000000
v 1.000000 3.750000 0.000000
v 4.000000 3.750000 0.000000
v -4.000000 6.250000 0.000000
v -3.000000 5.000000 0.000000
v -3.000000 8.750000 0.000000
v 4.000000 -3.750000 0.000000
v 5.000000 -5.000000 0.000000
v 5.000000 -1.250000 0.000000
v 3.000000 -8.750000 0.000000
v 4.000000 -8.750000 0.000000
v 1.000000 -5.000000 0.000000
v 1.000000 -3.750000 0.000000
v 2.000000 -3.750000 0.000000
v 1.000000 -2.500000 0.000000
v 2.000000 -6.250000 0.000000
v 3.000000 -7.500000 0.000000
v 3.000000 -6.250000 0.000000
v 1.000000 -8.750000 0.000000
v 2.000000 -8.750000 0.000000
v 1.000000 -7.500000 0.000000
v 6.000000 -1.250000 0.000000
v 7.000000 -2.500000 0.000000
v 7.000000 -1.250000 0.000000
v 5.000000 -2.500000 0.000000
v 5.000000 -3.750000 0.000000
v 6.000000 -3.750000 0.000000
v 2.000000 -1.250000 0.000000
v 3.000000 -2.500000 0.000000
v 3.000000 -1.250000 0.000000
v -2.000000 8.750000 0.000000
v -1.000000 7.500000 0.000000
v -1.000000 8.750000 0.000000
v -3.000000 7.500000 0.000000
v -3.000000 6.250000 0.000000
v -2.000000 6.250000 0.000000
v -6.000000 8.750000 0.000000
v -5.000000 7.500000 0.000000
v -5.000000 8.750000 0.000000
v 5.000000 2.500000 0.000000
v 5.000000 1.250000 0.000000
v 6.000000 1.250000 0.000000
v 3.000000 3.750000 0.000000
v 2.000000 3.750000 0.000000
v 3.000000 2.500000 0.000000
v 1.000000 7.500000 0.000000
v 1.000000 6.250000 0.000000
v 2.000000 6.250000 0.000000
v 6.000000 8.750000 0.000000
v 7.000000 7.500000 0.000000
v 7.000000 8.750000 0.000000
v 5.000000 7.500000 0.000000
v 5.000000 6.250000 0.000000
v 6.000000 6.250000 0.000000
v 2.000000 8.750000 0.000000
v 3.000000 7.500000 0.000000
v 3.000000 8.750000 0.000000
v -7.000000 -3.750000 0.000000
v -6.000000 -3.750000 0.000000
v -7.000000 -2.500000 0.000000
v -6.000000 -6.250000 0.000000
v -5.000000 -7.500000 0.000000
v -5.000000 -6.250000 0.000000
v -7.000000 -8.750000 0.000000
v -6.000000 -8.750000 0.000000
v -7.000000 -7.500000 0.000000
v -2.000000 -1.250000 0.000000
v -1.000000 -2.500000 0.000000
v -1.000000 -1.250000 0.000000
v -3.000000 -2.500000 0.000000
v -3.000000 -3.750000 0.000000
v -2.000000 -3.750000 0.000000
v -6.000000 -1.250000 0.000000
v -5.000000 -2.500000 0.000000
v -5.000000 -1.250000 0.000000
v -7.000000 6.250000 0.000000
v -6.000000 6.250000 0.000000
v -7.000000 7.500000 0.000000
v -6.000000 3.750000 0.000000
v -5.000000 2.500000 0.000000
v -5.000000 3.750000 0.000000
v -7.000000 1.250000 0.000000
v -6.000000 1.250000 0.000000
v -7.000000 2.500000 0.000000
v -3.000000 1.250000 0.000000
v -2.000000 1.250000 0.000000
v -3.000000 2.500000 0.000000
v -2.000000 -6.250000 0.000000
v -1.000000 -7.500000 0.000000
v -1.000000 -6.250000 0.000000
v -3.000000 -8.750000 0.000000
v -2.000000 -8.750000 0.000000
v -3.000000 -7.500000 0.000000
v 6.000000 3.750000 0.000000
v 7.000000 2.500000 0.000000
v 7.000000 3.750000 0.000000
v 1.000000 2.500000 0.000000
v 1.000000 1.250000 0.000000
v 2.000000 1.250000 0.000000
v -2.000000 3.750000 0.000000
v -1.000000 2.500000 0.000000
v -1.000000 3.750000 0.000000
v 6.000000 -6.250000 0.000000
v 7.000000 -7.500000 0.000000
v 7.000000 -6.250000 0.000000
v 5.000000 -8.750000 0.000000
v 6.000000 -8.750000 0.000000
v 5.000000 -7.500000 0.000000
v -8.000000 -9.375000 0.000000
v 7.500000 -10.000000 0.000000
v 8.000000 9.375000 0.000000
v -7.500000 10.000000 0.000000
v 7.500000 -9.375000 0.000000
v -8.000000 0.625000 0.000000
v -0.500000 -10.000000 0.000000
v 8.000000 -0.625000 0.000000
v 0.500000 10.000000 0.000000
v -0.500000 0.625000 0.000000
v 0.000000 9.375000 0.000000
v 7.500000 0.000000 0.000000
v 7.500000 0.625000 0.000000
v -7.500000 -0.625000 0.000000
v 0.000000 -0.625000 0.000000
v -0.500000 0.000000 0.000000
v -8.000000 -4.375000 0.000000
v 3.500000 -10.000000 0.000000
v 8.000000 4.375000 0.000000
v -3.500000 10.000000 0.000000
v 3.500000 -4.375000 0.000000
v -8.000000 5.625000 0.000000
v -4.500000 -10.000000 0.000000
v 8.000000 -5.625000 0.000000
v 4.500000 10.000000 0.000000
v -4.500000 5.625000 0.000000
v 0.000000 4.375000 0.000000
v 3.500000 0.000000 0.000000
v 3.500000 5.625000 0.000000
v -3.500000 -5.625000 0.000000
v 0.000000 -5.625000 0.000000
v -4.500000 0.000000 0.000000
v -7.500000 4.375000 0.000000
v -4.000000 4.375000 0.000000
v -4.500000 5.000000 0.000000
v -4.000000 -0.625000 0.000000
v -0.500000 -5.000000 0.000000
v -0.500000 -4.375000 0.000000
v -7.500000 -5.625000 0.000000
v -4.000000 -5.625000 0.000000
v -4.500000 -5.000000 0.000000
v 4.000000 9.375000 0.000000
v 7.500000 5.000000 0.000000
v 7.500000 5.625000 0.000000
v 3.500000 5.000000 0.000000
v 3.500000 0.625000 0.000000
v 4.000000 0.625000 0.000000
v -4.000000 9.375000 0.000000
v -0.500000 5.000000 0.000000
v -0.500000 5.625000 0.000000
v 4.000000 -0.625000 0.000000
v 7.500000 -5.000000 0.000000
v 7.500000 -4.375000 0.000000
v 0.500000 -5.625000 0.000000
v 4.000000 -5.625000 0.000000
v 3.500000 -5.000000 0.000000
v -8.000000 -6.875000 0.000000
v 5.500000 -10.000000 0.000000
v 8.000000 6.875000 0.000000
v -5.500000 10.000000 0.000000
v 5.500000 -6.875000 0.000000
v -8.000000 3.125000 0.000000
v -2.500000 -10.000000 0.000000
v 8.000000 -3.125000 0.000000
v 2.500000 10.000000 0.000000
v -2.500000 3.125000 0.000000
v 0.000000 6.875000 0.000000
v 5.500000 0.000000 0.000000
v 5.500000 3.125000 0.000000
v -5.500000 -3.125000 0.000000
v 0.000000 -3.125000 0.000000
v -2.500000 0.000000 0.000000
v -8.000000 -1.875000 0.000000
v 1.500000 -10.000000 0.000000
v 8.000000 1.875000 0.000000
v -1.500000 10.000000 0.000000
v 1.500000 -1.875000 0.000000
v -8.000000 8.125000 0.000000
v -6.500000 -10.000000 0.000000
v 8.000000 -8.125000 0.000000
v 6.500000 10.000000 0.000000
v -6.500000 8.125000 0.000000
v 0.000000 1.875000 0.000000
v 1.500000 0.000000 0.000000
v 1.500000 8.125000 0.000000
v -1.500000 -8.125000 0.000000
v 0.000000 -8.125000 0.000000
v -6.500000 0.000000 0.000000
v -5.500000 1.875000 0.000000
v -4.000000 1.875000 0.000000
v -6.500000 5.000000 0.000000
v -4.000000 -3.125000 0.000000
v -2.500000 -5.000000 0.000000
v -2.500000 -1.875000 0.000000
v -5.500000 -8.125000 0.000000
v -4.000000 -8.125000 0.000000
v -6.500000 -5.000000 0.000000
v 4.000000 6.875000 0.000000
v 5.500000 5.000000 0.000000
v 5.500000 8.125000 0.000000
v 1.500000 5.000000 0.000000
v 1.500000 3.125000 0.000000
v 4.000000 3.125000 0.000000
v -4.000000 6.875000 0.000000
v -2.500000 5.000000 0.000000
v -2.500000 8.125000 0.000000
v 4.000000 -3.125000 0.000000
v 5.500000 -5.000000 0.000000
v 5.500000 -1.875000 0.000000
v 2.500000 -8.125000 0.000000
v 4.000000 -8.125000 0.000000
v 1.500000 -5.000000 0.000000
v 0.500000 -3.125000 0.000000
v 2.000000 -3.125000 0.000000
v 1.500000 -2.500000 0.000000
v 2.000000 -5.625000 0.000000
v 3.500000 -7.500000 0.000000
v 3.500000 -6.875000 0.000000
v 0.500000 -8.125000 0.000000
v 2.000000 -8.125000 0.000000
v 1.500000 -7.500000 0.000000
v 6.000000 -0.625000 0.000000
v 7.500000 -2.500000 0.000000
v 7.500000 -1.875000 0.000000
v 5.500000 -2.500000 0.000000
v 5.500000 -4.375000 0.000000
v 6.000000 -4.375000 0.000000
v 2.000000 -0.625000 0.000000
v 3.500000 -2.500000 0.000000
v 3.500000 -1.875000 0.000000
v -2.000000 9.375000 0.000000
v -0.500000 7.500000 0.000000
v -0.500000 8.125000 0.000000
v -2.500000 7.500000 0.000000
v -2.500000 5.625000 0.000000
v -2.000000 5.625000 0.000000
v -6.000000 9.375000 0.000000
v -4.500000 7.500000 0.000000
v -4.500000 8.125000 0.000000
v 5.500000 2.500000 0.000000
v 5.500000 0.625000 0.000000
v 6.000000 0.625000 0.000000
v 3.500000 3.125000 0.000000
v 2.000000 3.125000 0.000000
v 2.500000 2.500000 0.000000
v 1.500000 7.500000 0.000000
v 1.500000 5.625000 0.000000
v 2.000000 5.625000 0.000000
v 6.000000 9.375000 0.000000
v 7.500000 7.500000 0.000000
v 7.500000 8.125000 0.000000
v 5.500000 7.500000 0.000000
v 5.500000 5.625000 0.000000
v 6.000000 5.625000 0.000000
v 2.000000 9.375000 0.000000
v 3.500000 7.500000 0.000000
v 3.500000 8.125000 0.000000
v -7.500000 -3.125000 0.000000
v -6.000000 -3.125000 0.000000
v -6.500000 -2.500000 0.000000
v -6.000000 -5.625000 0.000000
v -4.500000 -7.500000 0.000000
v -4.500000 -6.875000 0.000000
v -7.500000 -8.125000 0.000000
v -6.000000 -8.125000 0.000000
v -6.500000 -7.500000 0.000000
v -2.000000 -0.625000 0.000000
v -0.500000 -2.500000 0.000000
v -0.500000 -1.875000 0.000000
v -2.500000 -2.500000 0.000000
v -2.500000 -4.375000 0.000000
v -2.000000 -4.375000 0.000000
v -6.000000 -0.625000 0.000000
v -4.500000 -2.500000 0.000000
v -4.500000 -1.875000 0.000000
v -7.500000 6.875000 0.000000
v -6.000000 6.875000 0.000000
v -6.500000 7.500000 0.000000
v -6.000000 4.375000 0.000000
v -4.500000 2.500000 0.000000
v -4.500000 3.125000 0.000000
v -7.500000 1.875000 0.000000
v -6.000000 1.875000 0.000000
v -6.500000 2.500000 0.000000
v -3.500000 1.875000 0.000000
v -2.000000 1.875000 0.000000
v -2.500000 2.500000 0.000000
v -2.000000 -5.625000 0.000000
v -0.500000 -7.500000 0.000000
v -0.500000 -6.875000 0.000000
v -3.500000 -8.125000 0.000000
v -2.000000 -8.125000 0.000000
v -2.500000 -7.500000 0.000000
v 6.000000 4.375000 0.000000
v 7.500000 2.500000 0.000000
v 7.500000 3.125000 0.000000
v 1.500000 2.500000 0.000000
v 1.500000 0.625000 0.000000
v 2.000000 0.625000 0.000000
v -2.000000 4.375000 0.000000
v -0.500000 2.500000 0.000000
v -0.500000 3.125000 0.000000
v 6.000000 -5.625000 0.000000
v 7.500000 -7.500000 0.000000
v 7.500000 -6.875000 0.000000
v 4.500000 -8.125000 0.000000
v 6.000000 -8.125000 0.000000
v 5.500000 -7.500000 0.000000
v -8.000000 -8.125000 0.000000
v 6.500000 -10.000000 0.000000
v 8.000000 8.125000 0.000000
v -6.500000 10.000000 0.000000
v 6.500000 -8.125000 0.000000
v -8.000000 1.875000 0.000000
v -1.500000 -10.000000 0.000000
v 8.000000 -1.875000 0.000000
v 1.500000 10.000000 0.000000
v -1.500000 1.875000 0.000000
v 0.000000 8.125000 0.000000
v 6.500000 0.000000 0.000000
v 6.500000 1.875000 0.000000
v -6.500000 -1.875000 0.000000
v 0.000000 -1.875000 0.000000
v -1.500000 0.000000 0.000000
v -8.000000 -3.125000 0.000000
v 2.500000 -10.000000 0.000000
v 8.000000 3.125000 0.000000
v -2.500000 10.000000 0.000000
v 2.500000 -3.125000 0.000000
v -8.000000 6.875000 0.000000
v -5.500000 -10.000000 0.000000
v 8.000000 -6.875000 0.000000
v 5.500000 10.000000 0.000000
v -5.500000 6.875000 0.000000
v 0.000000 3.125000 0.000000
v 2.500000 0.000000 0.000000
v 2.500000 6.875000 0.000000
v -2.500000 -6.875000 0.000000
v 0.000000 -6.875000 0.000000
v -5.500000 0.000000 0.000000
v -6.500000 3.125000 0.000000
v -4.000000 3.125000 0.000000
v -5.500000 5.000000 0.000000
v -4.000000 -1.875000 0.000000
v -1.500000 -5.000000 0.000000
v -1.500000 -3.125000 0.000000
v -6.500000 -6.875000 0.000000
v -4.000000 -6.875000 0.000000
v -5.500000 -5.000000 0.000000
v 4.000000 8.125000 0.000000
v 6.500000 5.000000 0.000000
v 6.500000 6.875000 0.000000
v 2.500000 5.000000 0.000000
v 2.500000 1.875000 0.000000
v 4.000000 1.875000 0.000000
v -4.000000 8.125000 0.000000
v -1.500000 5.000000 0.000000
v -1.500000 6.875000 0.000000
v 4.000000 -1.875000 0.000000
v 6.500000 -5.000000 0.000000
v 6.500000 -3.125000 0.000000
v 1.500000 -6.875000 0.000000
v 4.000000 -6.875000 0.000000
v 2.500000 -5.000000 0.000000
v -8.000000 -5.625000 0.000000
v 4.500000 -10.000000 0.000000
v 8.000000 5.625000 0.000000
v -4.500000 10.000000 0.000000
v 4.500000 -5.625000 0.000000
v -8.000000 4.375000 0.000000
v -3.500000 -10.000000 0.000000
v 8.000000 -4.375000 0.000000
v 3.500000 10.000000 0.000000
v -3.500000 4.375000 0.000000
v 0.000000 5.625000 0.000000
v 4.500000 0.000000 0.000000
v 4.500000 4.375000 0.000000
v -4.500000 -4.375000 0.000000
v 0.000000 -4.375000 0.000000
v -3.500000 0.000000 0.000000
v -8.000000 -0.625000 0.000000
v 0.500000 -10.000000 0.000000
v 8.000000 0.625000 0.000000
v -0.500000 10.000000 0.000000
v 0.500000 -0.625000 0.000000
v -8.000000 9.375000 0.000000
v -7.500000 -10.000000 0.000000
v 8.000000 -9.375000 0.000000
v 7.500000 10.000000 0.000000
v -7.500000 9.375000 0.000000
v 0.000000 0.625000 0.000000
v 0.500000 0.000000 0.000000
v 0.500000 9.375000 0.000000
v -0.500000 -9.375000 0.000000
v 0.000000 -9.375000 0.000000
v -7.500000 0.000000 0.000000
v -4.500000 0.625000 0.000000
v -4.000000 0.625000 0.000000
v -7.500000 5.000000 0.000000
v -4.000000 -4.375000 0.000000
v -3.500000 -5.000000 0.000000
v -3.500000 -0.625000 0.000000
v -4.500000 -9.375000 0.000000
v -4.000000 -9.375000 0.000000
v -7.500000 -5.000000 0.000000
v 4.000000 5.625000 0.000000
v 4.500000 5.000000 0.000000
v 4.500000 9.375000 0.000000
v 0.500000 5.000000 0.000000
v 0.500000 4.375000 0.000000
v 4.000000 4.375000 0.000000
v -4.000000 5.625000 0.000000
v -3.500000 5.000000 0.000000
v -3.500000 9.375000 0.000000
v 4.000000 -4.375000 0.000000
v 4.500000 -5.000000 0.000000
v 4.500000 -0.625000 0.000000
v 3.500000 -9.375000 0.000000
v 4.000000 -9.375000 0.000000
v 0.500000 -5.000000 0.000000
v 1.500000 -4.375000 0.000000
v 2.000000 -4.375000 0.000000
v 0.500000 -2.500000 0.000000
v 2.000000 -6.875000 0.000000
v 2.500000 -7.500000 0.000000
v 2.500000 -5.625000 0.000000
v 1.500000 -9.375000 0.000000
v 2.000000 -9.375000 0.000000
v 0.500000 -7.500000 0.000000
v 6.000000 -1.875000 0.000000
v 6.500000 -2.500000 0.000000
v 6.500000 -0.625000 0.000000
v 4.500000 -2.500000 0.000000
v 4.500000 -3.125000 0.000000
v 6.000000 -3.125000 0.000000
v 2.000000 -1.875000 0.000000
v 2.500000 -2.500000 0.000000
v 2.500000 -0.625000 0.000000
v -2.000000 8.125000 0.000000
v -1.500000 7.500000 0.000000
v -1.500000 9.375000 0.000000
v -3.500000 7.500000 0.000000
v -3.500000 6.875000 0.000000
v -2.000000 6.875000 0.000000
v -6.000000 8.125000 0.000000
v -5.500000 7.500000 0.000000
v -5.500000 9.375000 0.000000
v 4.500000 2.500000 0.000000
v 4.500000 1.875000 0.000000
v 6.000000 1.875000 0.000000
v 2.500000 4.375000 0.000000
v 2.000000 4.375000 0.000000
v 3.500000 2.500000 0.000000
v 0.500000 7.500000 0.000000
v 0.500000 6.875000 0.000000
v 2.000000 6.875000 0.000000
v 6.000000 8.125000 0.000000
v 6.500000 7.500000 0.000000
v 6.500000 9.375000 0.000000
v 4.500000 7.500000 0.000000
v 4.500000 6.875000 0.000000
v 6.000000 6.875000 0.000000
v 2.000000 8.125000 0.000000
v 2.500000 7.500000 0.000000
v 2.500000 9.375000 0.000000
v -6.500000 -4.375000 0.000000
v -6.000000 -4.375000 0.000000
v -7.500000 -2.500000 0.000000
v -6.000000 -6.875000 0.000000
v -5.500000 -7.500000 0.000000
v -5.500000 -5.625000 0.000000
v -6.500000 -9.375000 0.000000
v -6.000000 -9.375000 0.000000
v -7.500000 -7.500000 0.000000
v -2.000000 -1.875000 0.000000
v -1.500000 -2.500000 0.000000
v -1.500000 -0.625000 0.000000
v -3.500000 -2.500000 0.000000
v -3.500000 -3.125000 0.000000
v -2.000000 -3.125000 0.000000
v -6.000000 -1.875000 0.000000
v -5.500000 -2.500000 0.000000
v -5.500000 -0.625000 0.000000
v -6.500000 5.625000 0.000000
v -6.000000 5.625000 0.000000
v -7.500000 7.500000 0.000000
v -6.000000 3.125000 0.000000
v -5.500000 2.500000 0.000000
v -5.500000 4.375000 0.000000
v -6.500000 0.625000 0.000000
v -6.000000 0.625000 0.000000
v -7.500000 2.500000 0.000000
v -2.500000 0.625000 0.000000
v -2.000000 0.625000 0.000000
v -3.500000 2.500000 0.000000
v -2.000000 -6.875000 0.000000
v -1.500000 -7.500000 0.000000
v -1.500000 -5.625000 0.000000
v -2.500000 -9.375000 0.000000
v -2.000000 -9.375000 0.000000
v -3.500000 -7.500000 0.000000
v 6.000000 3.125000 0.000000
v 6.500000 2.500000 0.000000
v 6.500000 4.375000 0.000000
v 0.500000 2.500000 0.000000
v 0.500000 1.875000 0.000000
v 2.000000 1.875000 0.000000
v -2.000000 3.125000 0.000000
v -1.500000 2.500000 0.000000
v -1.500000 4.375000 0.000000
v 6.000000 -6.875000 0.000000
v 6.500000 -7.500000 0.000000
v 6.500000 -5.625000 0.000000
v 5.500000 -9.375000 0.000000
v 6.000000 -9.375000 0.000000
v 4.500000 -7.500000 0.000000
v 4.500000 -6.875000 0.000000
v 5.000000 -6.875000 0.000000
v 4.500000 -6.250000 0.000000
v 5.000000 -8.125000 0.000000
v 5.500000 -8.750000 0.000000
v 5.500000 -8.125000 0.000000
v 4.500000 -9.375000 0.000000
v 5.000000 -9.375000 0.000000
v 4.500000 -8.750000 0.000000
v 7.000000 -5.625000 0.000000
v 7.500000 -6.250000 0.000000
v 7.500000 -5.625000 0.000000
v 6.500000 -6.250000 0.000000
v 6.500000 -6.875000 0.000000
v 7.000000 -6.875000 0.000000
v 5.000000 -5.625000 0.000000
v 5.500000 -6.250000 0.000000
v 5.500000 -5.625000 0.000000
v -1.000000 4.375000 0.000000
v -0.500000 3.750000 0.000000
v -0.500000 4.375000 0.000000
v -1.500000 3.750000 0.000000
v -1.500000 3.125000 0.000000
v -1.000000 3.125000 0.000000
v -3.000000 4.375000 0.000000
v -2.500000 3.750000 0.000000
v -2.500000 4.375000 0.000000
v 2.500000 1.250000 0.000000
v 2.500000 0.625000 0.000000
v 3.000000 0.625000 0.000000
v 1.500000 1.875000 0.000000
v 1.000000 1.875000 0.000000
v 1.500000 1.250000 0.000000
v 0.500000 3.750000 0.000000
v 0.500000 3.125000 0.000000
v 1.000000 3.125000 0.000000
v 7.000000 4.375000 0.000000
v 7.500000 3.750000 0.000000
v 7.500000 4.375000 0.000000
v 6.500000 3.750000 0.000000
v 6.500000 3.125000 0.000000
v 7.000000 3.125000 0.000000
v 5.000000 4.375000 0.000000
v 5.500000 3.750000 0.000000
v 5.500000 4.375000 0.000000
v -3.500000 -6.875000 0.000000
v -3.000000 -6.875000 0.000000
v -3.500000 -6.250000 0.000000
v -3.000000 -8.125000 0.000000
v -2.500000 -8.750000 0.000000
v -2.500000 -8.125000 0.000000
v -3.500000 -9.375000 0.000000
v -3.000000 -9.375000 0.000000
v -3.500000 -8.750000 0.000000
v -1.000000 -5.625000 0.000000
v -0.500000 -6.250000 0.000000
v -0.500000 -5.625000 0.000000
v -1.500000 -6.250000 0.000000
v -1.500000 -6.875000 0.000000
v -1.000000 -6.875000 0.000000
v -3.000000 -5.625000 0.000000
v -2.500000 -6.250000 0.000000
v -2.500000 -5.625000 0.000000
v -3.500000 3.125000 0.000000
v -3.000000 3.125000 0.000000
v -3.500000 3.750000 0.000000
v -3.000000 1.875000 0.000000
v -2.500000 1.250000 0.000000
v -2.500000 1.875000 0.000000
v -3.500000 0.625000 0.000000
v -3.000000 0.625000 0.000000
v -3.500000 1.250000 0.000000
v -7.500000 3.125000 0.000000
v -7.000000 3.125000 0.000000
v -7.500000 3.750000 0.000000
v -7.000000 1.875000 0.000000
v -6.500000 1.250000 0.000000
v -6.500000 1.875000 0.000000
v -7.500000 0.625000 0.000000
v -7.000000 0.625000 0.000000
v -7.500000 1.250000 0.000000
v -5.000000 4.375000 0.000000
v -4.500000 3.750000 0.000000
v -4.500000 4.375000 0.000000
v -5.500000 3.750000 0.000000
v -5.500000 3.125000 0.000000
v -5.000000 3.125000 0.000000
v -7.000000 4.375000 0.000000
v -6.500000 3.750000 0.000000
v -6.500000 4.375000 0.000000
v -7.500000 8.125000 0.000000
v -7.000000 8.125000 0.000000
v -7.500000 8.750000 0.000000
v -7.000000 6.875000 0.000000
v -6.500000 6.250000 0.000000
v -6.500000 6.875000 0.000000
v -7.500000 5.625000 0.000000
v -7.000000 5.625000 0.000000
v -7.500000 6.250000 0.000000
v -5.000000 -0.625000 0.000000
v -4.500000 -1.250000 0.000000
v -4.500000 -0.625000 0.000000
v -5.500000 -1.250000 0.000000
v -5.500000 -1.875000 0.000000
v -5.000000 -1.875000 0.000000
v -7.000000 -0.625000 0.000000
v -6.500000 -1.250000 0.000000
v -6.500000 -0.625000 0.000000
v -1.500000 -3.750000 0.000000
v -1.500000 -4.375000 0.000000
v -1.000000 -4.375000 0.000000
v -2.500000 -3.125000 0.000000
v -3.000000 -3.125000 0.000000
v -2.500000 -3.750000 0.000000
v -3.500000 -1.250000 0.000000
v -3.500000 -1.875000 0.000000
v -3.000000 -1.875000 0.000000
v -1.000000 -0.625000 0.000000
v -0.500000 -1.250000 0.000000
v -0.500000 -0.625000 0.000000
v -1.500000 -1.250000 0.000000
v -1.500000 -1.875000 0.000000
v -1.000000 -1.875000 0.000000
v -3.000000 -0.625000 0.000000
v -2.500000 -1.250000 0.000000
v -2.500000 -0.625000 0.000000
v -7.500000 -6.875000 0.000000
v -7.000000 -6.875000 0.000000
v -7.500000 -6.250000 0.000000
v -7.000000 -8.125000 0.000000
v -6.500000 -8.750000 0.000000
v -6.500000 -8.125000 0.000000
v -7.500000 -9.375000 0.000000
v -7.000000 -9.375000 0.000000
v -7.500000 -8.750000 0.000000
v -5.000000 -5.625000 0.000000
v -4.500000 -6.250000 0.000000
v -4.500000 -5.625000 0.000000
v -5.500000 -6.250000 0.000000
v -5.500000 -6.875000 0.000000
v -5.000000 -6.875000 0.000000
v -7.000000 -5.625000 0.000000
v -6.500000 -6.250000 0.000000
v -6.500000 -5.625000 0.000000
v -7.500000 -1.875000 0.000000
v -7.000000 -1.875000 0.000000
v -7.500000 -1.250000 0.000000
v -7.000000 -3.125000 0.000000
v -6.500000 -3.750000 0.000000
v -6.500000 -3.125000 0.000000
v -7.500000 -4.375000 0.000000
v -7.000000 -4.375000 0.000000
v -7.500000 -3.750000 0.000000
v 3.000000 9.375000 0.000000
v 3.500000 8.750000 0.000000
v 3.500000 9.375000 0.000000
v 2.500000 8.750000 0.000000
v 2.500000 8.125000 0.000000
v 3.000000 8.125000 0.000000
v 1.000000 9.375000 0.000000
v 1.500000 8.750000 0.000000
v 1.500000 9.375000 0.000000
v 6.500000 6.250000 0.000000
v 6.500000 5.625000 0.000000
v 7.000000 5.625000 0.000000
v 5.500000 6.875000 0.000000
v 5.000000 6.875000 0.000000
v 5.500000 6.250000 0.000000
v 4.500000 8.750000 0.000000
v 4.500000 8.125000 0.000000
v 5.000000 8.125000 0.000000
v 7.000000 9.375000 0.000000
v 7.500000 8.750000 0.000000
v 7.500000 9.375000 0.000000
v 6.500000 8.750000 0.000000
v 6.500000 8.125000 0.000000
v 7.000000 8.125000 0.000000
v 5.000000 9.375000 0.000000
v 5.500000 8.750000 0.000000
v 5.500000 9.375000 0.000000
v 2.500000 6.250000 0.000000
v 2.500000 5.625000 0.000000
v 3.000000 5.625000 0.000000
v 1.500000 6.875000 0.000000
v 1.000000 6.875000 0.000000
v 1.500000 6.250000 0.000000
v 0.500000 8.750000 0.000000
v 0.500000 8.125000 0.000000
v 1.000000 8.125000 0.000000
v 3.500000 1.875000 0.000000
v 3.000000 1.875000 0.000000
v 3.500000 1.250000 0.000000
v 3.000000 3.125000 0.000000
v 2.500000 3.750000 0.000000
v 2.500000 3.125000 0.000000
v 3.500000 4.375000 0.000000
v 3.000000 4.375000 0.000000
v 3.500000 3.750000 0.000000
v 6.500000 1.250000 0.000000
v 6.500000 0.625000 0.000000
v 7.000000 0.625000 0.000000
v 5.500000 1.875000 0.000000
v 5.000000 1.875000 0.000000
v 5.500000 1.250000 0.000000
v 4.500000 3.750000 0.000000
v 4.500000 3.125000 0.000000
v 5.000000 3.125000 0.000000
v -5.000000 9.375000 0.000000
v -4.500000 8.750000 0.000000
v -4.500000 9.375000 0.000000
v -5.500000 8.750000 0.000000
v -5.500000 8.125000 0.000000
v -5.000000 8.125000 0.000000
v -7.000000 9.375000 0.000000
v -6.500000 8.750000 0.000000
v -6.500000 9.375000 0.000000
v -1.500000 6.250000 0.000000
v -1.500000 5.625000 0.000000
v -1.000000 5.625000 0.000000
v -2.500000 6.875000 0.000000
v -3.000000 6.875000 0.000000
v -2.500000 6.250000 0.000000
v -3.500000 8.750000 0.000000
v -3.500000 8.125000 0.000000
v -3.000000 8.125000 0.000000
v -1.000000 9.375000 0.000000
v -0.500000 8.750000 0.000000
v -0.500000 9.375000 0.000000
v -1.500000 8.750000 0.000000
v -1.500000 8.125000 0.000000
v -1.000000 8.125000 0.000000
v -3.000000 9.375000 0.000000
v -2.500000 8.750000 0.000000
v -2.500000 9.375000 0.000000
v 3.000000 -0.625000 0.000000
v 3.500000 -1.250000 0.000000
v 3.500000 -0.625000 0.000000
v 2.500000 -1.250000 0.000000
v 2.500000 -1.875000 0.000000
v 3.000000 -1.875000 0.000000
v 1.000000 -0.625000 0.000000
v 1.500000 -1.250000 0.000000
v 1.500000 -0.625000 0.000000
v 6.500000 -3.750000 0.000000
v 6.500000 -4.375000 0.000000
v 7.000000 -4.375000 0.000000
v 5.500000 -3.125000 0.000000
v 5.000000 -3.125000 0.000000
v 5.500000 -3.750000 0.000000
v 4.500000 -1.250000 0.000000
v 4.500000 -1.875000 0.000000
v 5.000000 -1.875000 0.000000
v 7.000000 -0.625000 0.000000
v 7.500000 -1.250000 0.000000
v 7.500000 -0.625000 0.000000
v 6.500000 -1.250000 0.000000
v 6.500000 -1.875000 0.000000
v 7.000000 -1.875000 0.000000
v 5.000000 -0.625000 0.000000
v 5.500000 -1.250000 0.000000
v 5.500000 -0.625000 0.000000
v 0.500000 -6.875000 0.000000
v 1.000000 -6.875000 0.000000
v 0.500000 -6.250000 0.000000
v 1.000000 -8.125000 0.000000
v 1.500000 -8.750000 0.000000
v 1.500000 -8.125000 0.000000
v 0.500000 -9.375000 0.000000
v 1.000000 -9.375000 0.000000
v 0.500000 -8.750000 0.000000
v 3.000000 -5.625000 0.000000
v 3.500000 -6.250000 0.000000
v 3.500000 -5.625000 0.000000
v 2.500000 -6.250000 0.000000
v 2.500000 -6.875000 0.000000
v 3.000000 -6.875000 0.000000
v 1.000000 -5.625000 0.000000
v 1.500000 -6.250000 0.000000
v 1.500000 -5.625000 0.000000
v 0.500000 -1.875000 0.000000
v 1.000000 -1.875000 0.000000
v 0.500000 -1.250000 0.000000
v 1.000000 -3.125000 0.000000
v 1.500000 -3.750000 0.000000
v 1.500000 -3.125000 0.000000
v 0.500000 -4.375000 0.000000
v 1.000000 -4.375000 0.000000
v 0.500000 -3.750000 0.000000
v 2.500000 -4.375000 0.000000
v 3.000000 -4.375000 0.000000
v 2.500000 -3.750000 0.000000
v 3.000000 -8.125000 0.000000
v 3.500000 -8.750000 0.000000
v 3.500000 -8.125000 0.000000
v 2.500000 -9.375000 0.000000
v 3.000000 -9.375000 0.000000
v 2.500000 -8.750000 0.000000
v 7.000000 -3.125000 0.000000
v 7.500000 -3.750000 0.000000
v 7.500000 -3.125000 0.000000
v 4.500000 -3.750000 0.000000
v 4.500000 -4.375000 0.000000
v 5.000000 -4.375000 0.000000
v 3.000000 -3.125000 0.000000
v 3.500000 -3.750000 0.000000
v 3.500000 -3.125000 0.000000
v -1.000000 6.875000 0.000000
v -0.500000 6.250000 0.000000
v -0.500000 6.875000 0.000000
v -3.500000 6.250000 0.000000
v -3.500000 5.625000 0.000000
v -3.000000 5.625000 0.000000
v -5.000000 6.875000 0.000000
v -4.500000 6.250000 0.000000
v -4.500000 6.875000 0.000000
v 4.500000 1.250000 0.000000
v 4.500000 0.625000 0.000000
v 5.000000 0.625000 0.000000
v 1.500000 4.375000 0.000000
v 1.000000 4.375000 0.000000
v 1.500000 3.750000 0.000000
v 0.500000 6.250000 0.000000
v 0.500000 5.625000 0.000000
v 1.000000 5.625000 0.000000
v 7.000000 6.875000 0.000000
v 7.500000 6.250000 0.000000
v 7.500000 6.875000 0.000000
v 4.500000 6.250000 0.000000
v 4.500000 5.625000 0.000000
v 5.000000 5.625000 0.000000
v 3.000000 6.875000 0.000000
v 3.500000 6.250000 0.000000
v 3.500000 6.875000 0.000000
v -5.500000 -4.375000 0.000000
v -5.000000 -4.375000 0.000000
v -5.500000 -3.750000 0.000000
v -5.000000 -8.125000 0.000000
v -4.500000 -8.750000 0.000000
v -4.500000 -8.125000 0.000000
v -5.500000 -9.375000 0.000000
v -5.000000 -9.375000 0.000000
v -5.500000 -8.750000 0.000000
v -1.000000 -3.125000 0.000000
v -0.500000 -3.750000 0.000000
v -0.500000 -3.125000 0.000000
v -3.500000 -3.750000 0.000000
v -3.500000 -4.375000 0.000000
v -3.000000 -4.375000 0.000000
v -5.000000 -3.125000 0.000000
v -4.500000 -3.750000 0.000000
v -4.500000 -3.125000 0.000000
v -5.500000 5.625000 0.000000
v -5.000000 5.625000 0.000000
v -5.500000 6.250000 0.000000
v -5.000000 1.875000 0.000000
v -4.500000 1.250000 0.000000
v -4.500000 1.875000 0.000000
v -5.500000 0.625000 0.000000
v -5.000000 0.625000 0.000000
v -5.500000 1.250000 0.000000
v -1.500000 0.625000 0.000000
v -1.000000 0.625000 0.000000
v -1.500000 1.250000 0.000000
v -1.000000 -8.125000 0.000000
v -0.500000 -8.750000 0.000000
v -0.500000 -8.125000 0.000000
v -1.500000 -9.375000 0.000000
v -1.000000 -9.375000 0.000000
v -1.500000 -8.750000 0.000000
v 7.000000 1.875000 0.000000
v 7.500000 1.250000 0.000000
v 7.500000 1.875000 0.000000
v 0.500000 1.250000 0.000000
v 0.500000 0.625000 0.000000
v 1.000000 0.625000 0.000000
v -1.000000 1.875000 0.000000
v -0.500000 1.250000 0.000000
v -0.500000 1.875000 0.000000
v 7.000000 -8.125000 0.000000
v 7.500000 -8.750000 0.000000
v 7.500000 -8.125000 0.000000
v 6.500000 -9.375000 0.000000
v 7.000000 -9.375000 0.000000
v 6.500000 -8.750000 0.000000
vn -0.0000 -0.0000 1.0000
vt 1.000000 0.000000
vt 0.968750 0.031250
vt 0.968750 0.000000
vt 1.000000 0.031250
vt 0.500000 0.500000
vt 0.500000 0.531250
vt 0.468750 0.531250
vt 0.531250 0.500000
vt 1.000000 0.500000
vt 1.000000 0.531250
vt 0.968750 0.531250
vt 0.500000 0.000000
vt 0.468750 0.031250
vt 0.468750 0.000000
vt 0.500000 0.031250
vt 0.468750 0.500000
vt 0.250000 0.500000
vt 0.218750 0.531250
vt 0.218750 0.500000
vt 0.250000 0.531250
vt 0.250000 0.750000
vt 0.218750 0.781250
vt 0.218750 0.750000
vt 0.250000 0.250000
vt 0.250000 0.281250
vt 0.218750 0.281250
vt 0.281250 0.250000
vt 0.500000 0.250000
vt 0.500000 0.281250
vt 0.468750 0.281250
vt 0.250000 0.000000
vt 0.218750 0.031250
vt 0.218750 0.000000
vt 0.250000 0.031250
vt 0.218750 0.250000
vt 0.750000 0.750000
vt 0.750000 0.781250
vt 0.718750 0.781250
vt 0.781250 0.750000
vt 1.000000 0.750000
vt 1.000000 0.781250
vt 0.968750 0.781250
vt 0.500000 0.750000
vt 0.531250 0.750000
vt 0.500000 0.781250
vt 0.531250 0.718750
vt 0.750000 0.500000
vt 0.781250 0.500000
vt 0.750000 0.531250
vt 0.250000 0.781250
vt 0.281250 0.750000
vt 0.468750 0.781250
vt 0.750000 0.250000
vt 0.750000 0.281250
vt 0.718750 0.281250
vt 0.781250 0.250000
vt 1.000000 0.250000
vt 1.000000 0.281250
vt 0.968750 0.281250
vt 0.750000 0.000000
vt 0.718750 0.031250
vt 0.718750 0.000000
vt 0.750000 0.031250
vt 0.718750 0.250000
vt 0.625000 0.250000
vt 0.593750 0.281250
vt 0.593750 0.250000
vt 0.625000 0.281250
vt 0.625000 0.375000
vt 0.593750 0.406250
vt 0.593750 0.375000
vt 0.625000 0.125000
vt 0.625000 0.156250
vt 0.593750 0.156250
vt 0.656250 0.125000
vt 0.750000 0.125000
vt 0.750000 0.156250
vt 0.718750 0.156250
vt 0.625000 0.000000
vt 0.593750 0.031250
vt 0.593750 0.000000
vt 0.625000 0.031250
vt 0.593750 0.125000
vt 0.875000 0.375000
vt 0.875000 0.406250
vt 0.843750 0.406250
vt 0.906250 0.375000
vt 1.000000 0.375000
vt 1.000000 0.406250
vt 0.968750 0.406250
vt 0.750000 0.375000
vt 0.781250 0.375000
vt 0.750000 0.406250
vt 0.781250 0.343750
vt 0.875000 0.250000
vt 0.906250 0.250000
vt 0.875000 0.281250
vt 0.625000 0.406250
vt 0.656250 0.375000
vt 0.718750 0.406250
vt 0.375000 0.875000
vt 0.375000 0.906250
vt 0.343750 0.906250
vt 0.406250 0.875000
vt 0.500000 0.875000
vt 0.500000 0.906250
vt 0.468750 0.906250
vt 0.250000 0.875000
vt 0.281250 0.875000
vt 0.250000 0.906250
vt 0.281250 0.843750
vt 0.375000 0.750000
vt 0.406250 0.750000
vt 0.375000 0.781250
vt 0.125000 0.875000
vt 0.125000 0.906250
vt 0.093750 0.906250
vt 0.156250 0.875000
vt 0.218750 0.906250
vt 0.750000 0.625000
vt 0.781250 0.625000
vt 0.750000 0.656250
vt 0.781250 0.593750
vt 0.875000 0.500000
vt 0.906250 0.500000
vt 0.875000 0.531250
vt 0.625000 0.750000
vt 0.656250 0.718750
vt 0.656250 0.750000
vt 0.625000 0.718750
vt 0.625000 0.625000
vt 0.656250 0.593750
vt 0.656250 0.625000
vt 0.531250 0.875000
vt 0.531250 0.843750
vt 0.625000 0.781250
vt 0.875000 0.875000
vt 0.875000 0.906250
vt 0.843750 0.906250
vt 0.906250 0.875000
vt 1.000000 0.875000
vt 1.000000 0.906250
vt 0.968750 0.906250
vt 0.750000 0.875000
vt 0.781250 0.875000
vt 0.750000 0.906250
vt 0.781250 0.843750
vt 0.875000 0.750000
vt 0.906250 0.750000
vt 0.875000 0.781250
vt 0.625000 0.875000
vt 0.625000 0.906250
vt 0.593750 0.906250
vt 0.656250 0.875000
vt 0.718750 0.906250
vt 0.125000 0.250000
vt 0.093750 0.281250
vt 0.093750 0.250000
vt 0.125000 0.281250
vt 0.125000 0.375000
vt 0.093750 0.406250
vt 0.093750 0.375000
vt 0.125000 0.125000
vt 0.125000 0.156250
vt 0.093750 0.156250
vt 0.156250 0.125000
vt 0.250000 0.125000
vt 0.250000 0.156250
vt 0.218750 0.156250
vt 0.125000 0.000000
vt 0.093750 0.031250
vt 0.093750 0.000000
vt 0.125000 0.031250
vt 0.093750 0.125000
vt 0.375000 0.375000
vt 0.375000 0.406250
vt 0.343750 0.406250
vt 0.406250 0.375000
vt 0.500000 0.375000
vt 0.500000 0.406250
vt 0.468750 0.406250
vt 0.250000 0.375000
vt 0.281250 0.375000
vt 0.250000 0.406250
vt 0.281250 0.343750
vt 0.375000 0.250000
vt 0.406250 0.250000
vt 0.375000 0.281250
vt 0.125000 0.406250
vt 0.156250 0.375000
vt 0.218750 0.406250
vt 0.125000 0.750000
vt 0.093750 0.781250
vt 0.093750 0.750000
vt 0.125000 0.781250
vt 0.093750 0.875000
vt 0.125000 0.625000
vt 0.125000 0.656250
vt 0.093750 0.656250
vt 0.156250 0.625000
vt 0.250000 0.625000
vt 0.250000 0.656250
vt 0.218750 0.656250
vt 0.125000 0.500000
vt 0.093750 0.531250
vt 0.093750 0.500000
vt 0.125000 0.531250
vt 0.093750 0.625000
vt 0.375000 0.500000
vt 0.343750 0.531250
vt 0.343750 0.500000
vt 0.375000 0.531250
vt 0.375000 0.625000
vt 0.343750 0.656250
vt 0.343750 0.625000
vt 0.375000 0.125000
vt 0.375000 0.156250
vt 0.343750 0.156250
vt 0.406250 0.125000
vt 0.500000 0.125000
vt 0.500000 0.156250
vt 0.468750 0.156250
vt 0.375000 0.000000
vt 0.343750 0.031250
vt 0.343750 0.000000
vt 0.375000 0.031250
vt 0.343750 0.125000
vt 0.875000 0.625000
vt 0.875000 0.656250
vt 0.843750 0.656250
vt 0.906250 0.625000
vt 1.000000 0.625000
vt 1.000000 0.656250
vt 0.968750 0.656250
vt 0.500000 0.625000
vt 0.531250 0.625000
vt 0.500000 0.656250
vt 0.531250 0.593750
vt 0.625000 0.500000
vt 0.656250 0.500000
vt 0.625000 0.531250
vt 0.375000 0.656250
vt 0.406250 0.625000
vt 0.468750 0.656250
vt 0.875000 0.125000
vt 0.875000 0.156250
vt 0.843750 0.156250
vt 0.906250 0.125000
vt 1.000000 0.125000
vt 1.000000 0.156250
vt 0.968750 0.156250
vt 0.875000 0.000000
vt 0.843750 0.031250
vt 0.843750 0.000000
vt 0.875000 0.031250
vt 0.843750 0.125000
vt 0.812500 0.125000
vt 0.781250 0.156250
vt 0.781250 0.125000
vt 0.812500 0.156250
vt 0.812500 0.187500
vt 0.781250 0.218750
vt 0.781250 0.187500
vt 0.812500 0.062500
vt 0.812500 0.093750
vt 0.781250 0.093750
vt 0.843750 0.062500
vt 0.875000 0.062500
vt 0.875000 0.093750
vt 0.843750 0.093750
vt 0.812500 0.000000
vt 0.781250 0.031250
vt 0.781250 0.000000
vt 0.812500 0.031250
vt 0.781250 0.062500
vt 0.937500 0.187500
vt 0.937500 0.218750
vt 0.906250 0.218750
vt 0.968750 0.187500
vt 1.000000 0.187500
vt 1.000000 0.218750
vt 0.968750 0.218750
vt 0.875000 0.187500
vt 0.906250 0.187500
vt 0.875000 0.218750
vt 0.906250 0.156250
vt 0.937500 0.125000
vt 0.968750 0.125000
vt 0.937500 0.156250
vt 0.812500 0.218750
vt 0.843750 0.187500
vt 0.843750 0.218750
vt 0.437500 0.687500
vt 0.437500 0.718750
vt 0.406250 0.718750
vt 0.468750 0.687500
vt 0.500000 0.687500
vt 0.500000 0.718750
vt 0.468750 0.718750
vt 0.375000 0.687500
vt 0.406250 0.687500
vt 0.375000 0.718750
vt 0.406250 0.656250
vt 0.437500 0.625000
vt 0.468750 0.625000
vt 0.437500 0.656250
vt 0.312500 0.687500
vt 0.312500 0.718750
vt 0.281250 0.718750
vt 0.343750 0.687500
vt 0.343750 0.718750
vt 0.625000 0.562500
vt 0.656250 0.562500
vt 0.625000 0.593750
vt 0.656250 0.531250
vt 0.687500 0.500000
vt 0.718750 0.500000
vt 0.687500 0.531250
vt 0.562500 0.625000
vt 0.593750 0.593750
vt 0.593750 0.625000
vt 0.562500 0.593750
vt 0.562500 0.562500
vt 0.593750 0.531250
vt 0.593750 0.562500
vt 0.531250 0.687500
vt 0.531250 0.656250
vt 0.562500 0.656250
vt 0.937500 0.687500
vt 0.937500 0.718750
vt 0.906250 0.718750
vt 0.968750 0.687500
vt 1.000000 0.687500
vt 1.000000 0.718750
vt 0.968750 0.718750
vt 0.875000 0.687500
vt 0.906250 0.687500
vt 0.875000 0.718750
vt 0.906250 0.656250
vt 0.937500 0.625000
vt 0.968750 0.625000
vt 0.937500 0.656250
vt 0.812500 0.687500
vt 0.812500 0.718750
vt 0.781250 0.718750
vt 0.843750 0.687500
vt 0.843750 0.718750
vt 0.312500 0.125000
vt 0.281250 0.156250
vt 0.281250 0.125000
vt 0.312500 0.156250
vt 0.312500 0.187500
vt 0.281250 0.218750
vt 0.281250 0.187500
vt 0.312500 0.062500
vt 0.312500 0.093750
vt 0.281250 0.093750
vt 0.343750 0.062500
vt 0.375000 0.062500
vt 0.375000 0.093750
vt 0.343750 0.093750
vt 0.312500 0.000000
vt 0.281250 0.031250
vt 0.281250 0.000000
vt 0.312500 0.031250
vt 0.281250 0.062500
vt 0.437500 0.187500
vt 0.437500 0.218750
vt 0.406250 0.218750
vt 0.468750 0.187500
vt 0.500000 0.187500
vt 0.500000 0.218750
vt 0.468750 0.218750
vt 0.375000 0.187500
vt 0.406250 0.187500
vt 0.375000 0.218750
vt 0.406250 0.156250
vt 0.437500 0.125000
vt 0.468750 0.125000
vt 0.437500 0.156250
vt 0.312500 0.218750
vt 0.343750 0.187500
vt 0.343750 0.218750
vt 0.312500 0.625000
vt 0.281250 0.656250
vt 0.281250 0.625000
vt 0.312500 0.656250
vt 0.281250 0.687500
vt 0.312500 0.562500
vt 0.312500 0.593750
vt 0.281250 0.593750
vt 0.343750 0.562500
vt 0.375000 0.562500
vt 0.375000 0.593750
vt 0.343750 0.593750
vt 0.312500 0.500000
vt 0.281250 0.531250
vt 0.281250 0.500000
vt 0.312500 0.531250
vt 0.281250 0.562500
vt 0.062500 0.625000
vt 0.031250 0.656250
vt 0.031250 0.625000
vt 0.062500 0.656250
vt 0.062500 0.687500
vt 0.031250 0.718750
vt 0.031250 0.687500
vt 0.062500 0.562500
vt 0.062500 0.593750
vt 0.031250 0.593750
vt 0.093750 0.562500
vt 0.125000 0.562500
vt 0.125000 0.593750
vt 0.093750 0.593750
vt 0.062500 0.500000
vt 0.031250 0.531250
vt 0.031250 0.500000
vt 0.062500 0.531250
vt 0.031250 0.562500
vt 0.187500 0.687500
vt 0.187500 0.718750
vt 0.156250 0.718750
vt 0.218750 0.687500
vt 0.250000 0.687500
vt 0.250000 0.718750
vt 0.218750 0.718750
vt 0.125000 0.687500
vt 0.156250 0.687500
vt 0.125000 0.718750
vt 0.156250 0.656250
vt 0.187500 0.625000
vt 0.218750 0.625000
vt 0.187500 0.656250
vt 0.062500 0.718750
vt 0.093750 0.687500
vt 0.093750 0.718750
vt 0.062500 0.875000
vt 0.031250 0.906250
vt 0.031250 0.875000
vt 0.062500 0.906250
vt 0.062500 0.937500
vt 0.031250 0.968750
vt 0.031250 0.937500
vt 0.062500 0.812500
vt 0.062500 0.843750
vt 0.031250 0.843750
vt 0.093750 0.812500
vt 0.125000 0.812500
vt 0.125000 0.843750
vt 0.093750 0.843750
vt 0.062500 0.750000
vt 0.031250 0.781250
vt 0.031250 0.750000
vt 0.062500 0.781250
vt 0.031250 0.812500
vt 0.187500 0.437500
vt 0.187500 0.468750
vt 0.156250 0.468750
vt 0.218750 0.437500
vt 0.250000 0.437500
vt 0.250000 0.468750
vt 0.218750 0.468750
vt 0.125000 0.437500
vt 0.156250 0.437500
vt 0.125000 0.468750
vt 0.156250 0.406250
vt 0.187500 0.375000
vt 0.218750 0.375000
vt 0.187500 0.406250
vt 0.062500 0.437500
vt 0.062500 0.468750
vt 0.031250 0.468750
vt 0.093750 0.437500
vt 0.093750 0.468750
vt 0.375000 0.312500
vt 0.406250 0.312500
vt 0.375000 0.343750
vt 0.406250 0.281250
vt 0.437500 0.250000
vt 0.468750 0.250000
vt 0.437500 0.281250
vt 0.312500 0.375000
vt 0.343750 0.343750
vt 0.343750 0.375000
vt 0.312500 0.343750
vt 0.312500 0.312500
vt 0.343750 0.281250
vt 0.343750 0.312500
vt 0.281250 0.437500
vt 0.281250 0.406250
vt 0.312500 0.406250
vt 0.437500 0.437500
vt 0.437500 0.468750
vt 0.406250 0.468750
vt 0.468750 0.437500
vt 0.500000 0.437500
vt 0.500000 0.468750
vt 0.468750 0.468750
vt 0.375000 0.437500
vt 0.406250 0.437500
vt 0.375000 0.468750
vt 0.406250 0.406250
vt 0.437500 0.375000
vt 0.468750 0.375000
vt 0.437500 0.406250
vt 0.312500 0.437500
vt 0.312500 0.468750
vt 0.281250 0.468750
vt 0.343750 0.437500
vt 0.343750 0.468750
vt 0.062500 0.125000
vt 0.031250 0.156250
vt 0.031250 0.125000
vt 0.062500 0.156250
vt 0.062500 0.187500
vt 0.031250 0.218750
vt 0.031250 0.187500
vt 0.062500 0.062500
vt 0.062500 0.093750
vt 0.031250 0.093750
vt 0.093750 0.062500
vt 0.125000 0.062500
vt 0.125000 0.093750
vt 0.093750 0.093750
vt 0.062500 0.000000
vt 0.031250 0.031250
vt 0.031250 0.000000
vt 0.062500 0.031250
vt 0.031250 0.062500
vt 0.187500 0.187500
vt 0.187500 0.218750
vt 0.156250 0.218750
vt 0.218750 0.187500
vt 0.250000 0.187500
vt 0.250000 0.218750
vt 0.218750 0.218750
vt 0.125000 0.187500
vt 0.156250 0.187500
vt 0.125000 0.218750
vt 0.156250 0.156250
vt 0.187500 0.125000
vt 0.218750 0.125000
vt 0.187500 0.156250
vt 0.062500 0.218750
vt 0.093750 0.187500
vt 0.093750 0.218750
vt 0.062500 0.375000
vt 0.031250 0.406250
vt 0.031250 0.375000
vt 0.062500 0.406250
vt 0.031250 0.437500
vt 0.062500 0.312500
vt 0.062500 0.343750
vt 0.031250 0.343750
vt 0.093750 0.312500
vt 0.125000 0.312500
vt 0.125000 0.343750
vt 0.093750 0.343750
vt 0.062500 0.250000
vt 0.031250 0.281250
vt 0.031250 0.250000
vt 0.062500 0.281250
vt 0.031250 0.312500
vt 0.687500 0.937500
vt 0.687500 0.968750
vt 0.656250 0.968750
vt 0.718750 0.937500
vt 0.750000 0.937500
vt 0.750000 0.968750
vt 0.718750 0.968750
vt 0.625000 0.937500
vt 0.656250 0.937500
vt 0.625000 0.968750
vt 0.656250 0.906250
vt 0.687500 0.875000
vt 0.718750 0.875000
vt 0.687500 0.906250
vt 0.562500 0.937500
vt 0.562500 0.968750
vt 0.531250 0.968750
vt 0.593750 0.937500
vt 0.593750 0.968750
vt 0.875000 0.812500
vt 0.906250 0.812500
vt 0.875000 0.843750
vt 0.906250 0.781250
vt 0.937500 0.750000
vt 0.968750 0.750000
vt 0.937500 0.781250
vt 0.812500 0.875000
vt 0.843750 0.843750
vt 0.843750 0.875000
vt 0.812500 0.843750
vt 0.812500 0.812500
vt 0.843750 0.781250
vt 0.843750 0.812500
vt 0.781250 0.937500
vt 0.781250 0.906250
vt 0.812500 0.906250
vt 0.937500 0.937500
vt 0.937500 0.968750
vt 0.906250 0.968750
vt 0.968750 0.937500
vt 1.000000 0.937500
vt 1.000000 0.968750
vt 0.968750 0.968750
vt 0.875000 0.937500
vt 0.906250 0.937500
vt 0.875000 0.968750
vt 0.906250 0.906250
vt 0.937500 0.875000
vt 0.968750 0.875000
vt 0.937500 0.906250
vt 0.812500 0.937500
vt 0.812500 0.968750
vt 0.781250 0.968750
vt 0.843750 0.937500
vt 0.843750 0.968750
vt 0.625000 0.812500
vt 0.656250 0.812500
vt 0.625000 0.843750
vt 0.656250 0.781250
vt 0.687500 0.750000
vt 0.718750 0.750000
vt 0.687500 0.781250
vt 0.562500 0.875000
vt 0.593750 0.843750
vt 0.593750 0.875000
vt 0.562500 0.843750
vt 0.562500 0.812500
vt 0.593750 0.781250
vt 0.593750 0.812500
vt 0.500000 0.937500
vt 0.531250 0.937500
vt 0.500000 0.968750
vt 0.531250 0.906250
vt 0.562500 0.906250
vt 0.687500 0.625000
vt 0.718750 0.593750
vt 0.718750 0.625000
vt 0.687500 0.593750
vt 0.687500 0.562500
vt 0.718750 0.531250
vt 0.718750 0.562500
vt 0.687500 0.687500
vt 0.687500 0.656250
vt 0.718750 0.656250
vt 0.656250 0.687500
vt 0.625000 0.687500
vt 0.625000 0.656250
vt 0.656250 0.656250
vt 0.718750 0.718750
vt 0.687500 0.718750
vt 0.718750 0.687500
vt 0.875000 0.562500
vt 0.906250 0.562500
vt 0.875000 0.593750
vt 0.906250 0.531250
vt 0.937500 0.500000
vt 0.968750 0.500000
vt 0.937500 0.531250
vt 0.812500 0.625000
vt 0.843750 0.593750
vt 0.843750 0.625000
vt 0.812500 0.593750
vt 0.812500 0.562500
vt 0.843750 0.531250
vt 0.843750 0.562500
vt 0.750000 0.687500
vt 0.781250 0.687500
vt 0.750000 0.718750
vt 0.781250 0.656250
vt 0.812500 0.656250
vt 0.187500 0.937500
vt 0.187500 0.968750
vt 0.156250 0.968750
vt 0.218750 0.937500
vt 0.250000 0.937500
vt 0.250000 0.968750
vt 0.218750 0.968750
vt 0.125000 0.937500
vt 0.156250 0.937500
vt 0.125000 0.968750
vt 0.156250 0.906250
vt 0.187500 0.875000
vt 0.218750 0.875000
vt 0.187500 0.906250
vt 0.062500 0.968750
vt 0.093750 0.937500
vt 0.093750 0.968750
vt 0.375000 0.812500
vt 0.406250 0.812500
vt 0.375000 0.843750
vt 0.406250 0.781250
vt 0.437500 0.750000
vt 0.468750 0.750000
vt 0.437500 0.781250
vt 0.312500 0.875000
vt 0.343750 0.843750
vt 0.343750 0.875000
vt 0.312500 0.843750
vt 0.312500 0.812500
vt 0.343750 0.781250
vt 0.343750 0.812500
vt 0.281250 0.937500
vt 0.281250 0.906250
vt 0.312500 0.906250
vt 0.437500 0.937500
vt 0.437500 0.968750
vt 0.406250 0.968750
vt 0.468750 0.937500
vt 0.468750 0.968750
vt 0.375000 0.937500
vt 0.406250 0.937500
vt 0.375000 0.968750
vt 0.406250 0.906250
vt 0.437500 0.875000
vt 0.468750 0.875000
vt 0.437500 0.906250
vt 0.312500 0.937500
vt 0.312500 0.968750
vt 0.281250 0.968750
vt 0.343750 0.937500
vt 0.343750 0.968750
vt 0.687500 0.437500
vt 0.687500 0.468750
vt 0.656250 0.468750
vt 0.718750 0.437500
vt 0.750000 0.437500
vt 0.750000 0.468750
vt 0.718750 0.468750
vt 0.625000 0.437500
vt 0.656250 0.437500
vt 0.625000 0.468750
vt 0.656250 0.406250
vt 0.687500 0.375000
vt 0.718750 0.375000
vt 0.687500 0.406250
vt 0.562500 0.437500
vt 0.562500 0.468750
vt 0.531250 0.468750
vt 0.593750 0.437500
vt 0.593750 0.468750
vt 0.875000 0.312500
vt 0.906250 0.312500
vt 0.875000 0.343750
vt 0.906250 0.281250
vt 0.937500 0.250000
vt 0.968750 0.250000
vt 0.937500 0.281250
vt 0.812500 0.375000
vt 0.843750 0.343750
vt 0.843750 0.375000
vt 0.812500 0.343750
vt 0.812500 0.312500
vt 0.843750 0.281250
vt 0.843750 0.312500
vt 0.781250 0.437500
vt 0.781250 0.406250
vt 0.812500 0.406250
vt 0.937500 0.437500
vt 0.937500 0.468750
vt 0.906250 0.468750
vt 0.968750 0.437500
vt 1.000000 0.437500
vt 1.000000 0.468750
vt 0.968750 0.468750
vt 0.875000 0.437500
vt 0.906250 0.437500
vt 0.875000 0.468750
vt 0.906250 0.406250
vt 0.937500 0.375000
vt 0.968750 0.375000
vt 0.937500 0.406250
vt 0.812500 0.437500
vt 0.812500 0.468750
vt 0.781250 0.468750
vt 0.843750 0.437500
vt 0.843750 0.468750
vt 0.562500 0.125000
vt 0.531250 0.156250
vt 0.531250 0.125000
vt 0.562500 0.156250
vt 0.562500 0.187500
vt 0.531250 0.218750
vt 0.531250 0.187500
vt 0.562500 0.062500
vt 0.562500 0.093750
vt 0.531250 0.093750
vt 0.593750 0.062500
vt 0.625000 0.062500
vt 0.625000 0.093750
vt 0.593750 0.093750
vt 0.562500 0.000000
vt 0.531250 0.031250
vt 0.531250 0.000000
vt 0.562500 0.031250
vt 0.531250 0.062500
vt 0.687500 0.187500
vt 0.687500 0.218750
vt 0.656250 0.218750
vt 0.718750 0.187500
vt 0.750000 0.187500
vt 0.750000 0.218750
vt 0.718750 0.218750
vt 0.625000 0.187500
vt 0.656250 0.187500
vt 0.625000 0.218750
vt 0.656250 0.156250
vt 0.687500 0.125000
vt 0.718750 0.125000
vt 0.687500 0.156250
vt 0.562500 0.218750
vt 0.593750 0.187500
vt 0.593750 0.218750
vt 0.562500 0.375000
vt 0.531250 0.406250
vt 0.531250 0.375000
vt 0.562500 0.406250
vt 0.531250 0.437500
vt 0.562500 0.312500
vt 0.562500 0.343750
vt 0.531250 0.343750
vt 0.593750 0.312500
vt 0.625000 0.312500
vt 0.625000 0.343750
vt 0.593750 0.343750
vt 0.562500 0.250000
vt 0.531250 0.281250
vt 0.531250 0.250000
vt 0.562500 0.281250
vt 0.531250 0.312500
vt 0.687500 0.250000
vt 0.656250 0.281250
vt 0.656250 0.250000
vt 0.687500 0.281250
vt 0.687500 0.312500
vt 0.656250 0.343750
vt 0.656250 0.312500
vt 0.687500 0.062500
vt 0.687500 0.093750
vt 0.656250 0.093750
vt 0.718750 0.062500
vt 0.750000 0.062500
vt 0.750000 0.093750
vt 0.718750 0.093750
vt 0.687500 0.000000
vt 0.656250 0.031250
vt 0.656250 0.000000
vt 0.687500 0.031250
vt 0.656250 0.062500
vt 0.937500 0.312500
vt 0.937500 0.343750
vt 0.906250 0.343750
vt 0.968750 0.312500
vt 1.000000 0.312500
vt 1.000000 0.343750
vt 0.968750 0.343750
vt 0.750000 0.312500
vt 0.781250 0.312500
vt 0.750000 0.343750
vt 0.781250 0.281250
vt 0.812500 0.250000
vt 0.843750 0.250000
vt 0.812500 0.281250
vt 0.687500 0.343750
vt 0.718750 0.312500
vt 0.718750 0.343750
vt 0.437500 0.812500
vt 0.437500 0.843750
vt 0.406250 0.843750
vt 0.468750 0.812500
vt 0.500000 0.812500
vt 0.500000 0.843750
vt 0.468750 0.843750
vt 0.250000 0.812500
vt 0.281250 0.812500
vt 0.250000 0.843750
vt 0.281250 0.781250
vt 0.312500 0.750000
vt 0.343750 0.750000
vt 0.312500 0.781250
vt 0.187500 0.812500
vt 0.187500 0.843750
vt 0.156250 0.843750
vt 0.218750 0.812500
vt 0.218750 0.843750
vt 0.750000 0.562500
vt 0.781250 0.562500
vt 0.750000 0.593750
vt 0.781250 0.531250
vt 0.812500 0.500000
vt 0.843750 0.500000
vt 0.812500 0.531250
vt 0.562500 0.750000
vt 0.593750 0.718750
vt 0.593750 0.750000
vt 0.562500 0.718750
vt 0.562500 0.687500
vt 0.593750 0.656250
vt 0.593750 0.687500
vt 0.531250 0.812500
vt 0.531250 0.781250
vt 0.562500 0.781250
vt 0.937500 0.812500
vt 0.937500 0.843750
vt 0.906250 0.843750
vt 0.968750 0.812500
vt 1.000000 0.812500
vt 1.000000 0.843750
vt 0.968750 0.843750
vt 0.750000 0.812500
vt 0.781250 0.812500
vt 0.750000 0.843750
vt 0.781250 0.781250
vt 0.812500 0.750000
vt 0.843750 0.750000
vt 0.812500 0.781250
vt 0.687500 0.812500
vt 0.687500 0.843750
vt 0.656250 0.843750
vt 0.718750 0.812500
vt 0.718750 0.843750
vt 0.187500 0.250000
vt 0.156250 0.281250
vt 0.156250 0.250000
vt 0.187500 0.281250
vt 0.187500 0.312500
vt 0.156250 0.343750
vt 0.156250 0.312500
vt 0.187500 0.062500
vt 0.187500 0.093750
vt 0.156250 0.093750
vt 0.218750 0.062500
vt 0.250000 0.062500
vt 0.250000 0.093750
vt 0.218750 0.093750
vt 0.187500 0.000000
vt 0.156250 0.031250
vt 0.156250 0.000000
vt 0.187500 0.031250
vt 0.156250 0.062500
vt 0.437500 0.312500
vt 0.437500 0.343750
vt 0.406250 0.343750
vt 0.468750 0.312500
vt 0.500000 0.312500
vt 0.500000 0.343750
vt 0.468750 0.343750
vt 0.250000 0.312500
vt 0.281250 0.312500
vt 0.250000 0.343750
vt 0.281250 0.281250
vt 0.312500 0.250000
vt 0.343750 0.250000
vt 0.312500 0.281250
vt 0.187500 0.343750
vt 0.218750 0.312500
vt 0.218750 0.343750
vt 0.187500 0.750000
vt 0.156250 0.781250
vt 0.156250 0.750000
vt 0.187500 0.781250
vt 0.156250 0.812500
vt 0.187500 0.562500
vt 0.187500 0.593750
vt 0.156250 0.593750
vt 0.218750 0.562500
vt 0.250000 0.562500
vt 0.250000 0.593750
vt 0.218750 0.593750
vt 0.187500 0.500000
vt 0.156250 0.531250
vt 0.156250 0.500000
vt 0.187500 0.531250
vt 0.156250 0.562500
vt 0.437500 0.500000
vt 0.406250 0.531250
vt 0.406250 0.500000
vt 0.437500 0.531250
vt 0.437500 0.562500
vt 0.406250 0.593750
vt 0.406250 0.562500
vt 0.437500 0.062500
vt 0.437500 0.093750
vt 0.406250 0.093750
vt 0.468750 0.062500
vt 0.500000 0.062500
vt 0.500000 0.093750
vt 0.468750 0.093750
vt 0.437500 0.000000
vt 0.406250 0.031250
vt 0.406250 0.000000
vt 0.437500 0.031250
vt 0.406250 0.062500
vt 0.937500 0.562500
vt 0.937500 0.593750
vt 0.906250 0.593750
vt 0.968750 0.562500
vt 1.000000 0.562500
vt 1.000000 0.593750
vt 0.968750 0.593750
vt 0.500000 0.562500
vt 0.531250 0.562500
vt 0.500000 0.593750
vt 0.531250 0.531250
vt 0.562500 0.500000
vt 0.593750 0.500000
vt 0.562500 0.531250
vt 0.437500 0.593750
vt 0.468750 0.562500
vt 0.468750 0.593750
vt 0.937500 0.062500
vt 0.937500 0.093750
vt 0.906250 0.093750
vt 0.968750 0.062500
vt 1.000000 0.062500
vt 1.000000 0.093750
vt 0.968750 0.093750
vt 0.937500 0.000000
vt 0.906250 0.031250
vt 0.906250 0.000000
vt 0.937500 0.031250
vt 0.906250 0.062500
vt 0.343750 1.000000
vt 0.312500 1.000000
vt 0.375000 1.000000
vt 0.281250 1.000000
vt 0.250000 1.000000
vt 0.468750 1.000000
vt 0.437500 1.000000
vt 0.500000 1.000000
vt 0.406250 1.000000
vt 0.093750 1.000000
vt 0.062500 1.000000
vt 0.125000 1.000000
vt 0.031250 1.000000
vt 0.000000 1.000000
vt 0.218750 1.000000
vt 0.187500 1.000000
vt 0.156250 1.000000
vt 0.843750 1.000000
vt 0.812500 1.000000
vt 0.875000 1.000000
vt 0.781250 1.000000
vt 0.750000 1.000000
vt 0.968750 1.000000
vt 0.937500 1.000000
vt 1.000000 1.000000
vt 0.906250 1.000000
vt 0.593750 1.000000
vt 0.562500 1.000000
vt 0.625000 1.000000
vt 0.531250 1.000000
vt 0.718750 1.000000
vt 0.687500 1.000000
vt 0.656250 1.000000
vt 0.000000 0.343750
vt 0.000000 0.312500
vt 0.000000 0.375000
vt 0.000000 0.281250
vt 0.000000 0.250000
vt 0.000000 0.468750
vt 0.000000 0.437500
vt 0.000000 0.500000
vt 0.000000 0.406250
vt 0.000000 0.093750
vt 0.000000 0.062500
vt 0.000000 0.125000
vt 0.000000 0.031250
vt 0.000000 0.000000
vt 0.000000 0.218750
vt 0.000000 0.187500
vt 0.000000 0.156250
vt 0.000000 0.843750
vt 0.000000 0.812500
vt 0.000000 0.875000
vt 0.000000 0.781250
vt 0.000000 0.750000
vt 0.000000 0.968750
vt 0.000000 0.937500
vt 0.000000 0.906250
vt 0.000000 0.593750
vt 0.000000 0.562500
vt 0.000000 0.625000
vt 0.000000 0.531250
vt 0.000000 0.718750
vt 0.000000 0.687500
vt 0.000000 0.656250
s 0
f 2/1/1 294/2/1 291/3/1
f 2/1/1 577/4/1 294/2/1
f 9/5/1 580/6/1 299/7/1
f 9/5/1 581/8/1 580/6/1
f 7/9/1 572/10/1 302/11/1
f 6/12/1 583/13/1 296/14/1
f 6/12/1 584/15/1 583/13/1
f 9/5/1 299/7/1 305/16/1
f 25/17/1 586/18/1 321/19/1
f 25/17/1 587/20/1 586/18/1
f 19/21/1 315/22/1 324/23/1
f 23/24/1 589/25/1 567/26/1
f 23/24/1 590/27/1 589/25/1
f 24/28/1 568/29/1 327/30/1
f 16/31/1 592/32/1 312/33/1
f 16/31/1 593/34/1 592/32/1
f 23/24/1 567/26/1 330/35/1
f 22/36/1 595/37/1 318/38/1
f 22/36/1 596/39/1 595/37/1
f 12/40/1 556/41/1 333/42/1
f 20/43/1 598/44/1 564/45/1
f 20/43/1 599/46/1 598/44/1
f 21/47/1 565/48/1 336/49/1
f 19/21/1 601/50/1 315/22/1
f 19/21/1 602/51/1 601/50/1
f 20/43/1 564/45/1 339/52/1
f 14/53/1 604/54/1 310/55/1
f 14/53/1 605/56/1 604/54/1
f 17/57/1 561/58/1 342/59/1
f 11/60/1 607/61/1 307/62/1
f 11/60/1 608/63/1 607/61/1
f 14/53/1 310/55/1 345/64/1
f 81/65/1 610/66/1 401/67/1
f 81/65/1 611/68/1 610/66/1
f 46/69/1 366/70/1 404/71/1
f 79/72/1 613/73/1 551/74/1
f 79/72/1 614/75/1 613/73/1
f 80/76/1 552/77/1 407/78/1
f 43/79/1 616/80/1 363/81/1
f 43/79/1 617/82/1 616/80/1
f 79/72/1 551/74/1 410/83/1
f 78/84/1 619/85/1 398/86/1
f 78/84/1 620/87/1 619/85/1
f 33/88/1 505/89/1 413/90/1
f 76/91/1 622/92/1 548/93/1
f 76/91/1 623/94/1 622/92/1
f 77/95/1 549/96/1 416/97/1
f 46/69/1 625/98/1 366/70/1
f 46/69/1 626/99/1 625/98/1
f 76/91/1 548/93/1 419/100/1
f 75/101/1 628/102/1 395/103/1
f 75/101/1 629/104/1 628/102/1
f 36/105/1 508/106/1 422/107/1
f 73/108/1 631/109/1 545/110/1
f 73/108/1 632/111/1 631/109/1
f 74/112/1 546/113/1 425/114/1
f 51/115/1 634/116/1 371/117/1
f 51/115/1 635/118/1 634/116/1
f 73/108/1 545/110/1 428/119/1
f 72/120/1 637/121/1 392/122/1
f 72/120/1 638/123/1 637/121/1
f 37/124/1 509/125/1 431/126/1
f 70/127/1 640/128/1 542/129/1
f 70/127/1 641/130/1 640/128/1
f 71/131/1 543/132/1 434/133/1
f 36/105/1 643/134/1 508/106/1
f 36/105/1 644/135/1 643/134/1
f 70/127/1 542/129/1 437/136/1
f 69/137/1 646/138/1 389/139/1
f 69/137/1 647/140/1 646/138/1
f 28/141/1 500/142/1 440/143/1
f 67/144/1 649/145/1 539/146/1
f 67/144/1 650/147/1 649/145/1
f 68/148/1 540/149/1 443/150/1
f 54/151/1 652/152/1 374/153/1
f 54/151/1 653/154/1 652/152/1
f 67/144/1 539/146/1 446/155/1
f 66/156/1 655/157/1 386/158/1
f 66/156/1 656/159/1 655/157/1
f 39/160/1 511/161/1 449/162/1
f 64/163/1 658/164/1 536/165/1
f 64/163/1 659/166/1 658/164/1
f 65/167/1 537/168/1 452/169/1
f 48/170/1 661/171/1 368/172/1
f 48/170/1 662/173/1 661/171/1
f 64/163/1 536/165/1 455/174/1
f 63/175/1 664/176/1 383/177/1
f 63/175/1 665/178/1 664/176/1
f 40/179/1 512/180/1 458/181/1
f 61/182/1 667/183/1 533/184/1
f 61/182/1 668/185/1 667/183/1
f 62/186/1 534/187/1 461/188/1
f 39/160/1 670/189/1 511/161/1
f 39/160/1 671/190/1 670/189/1
f 61/182/1 533/184/1 464/191/1
f 60/192/1 673/193/1 380/194/1
f 60/192/1 674/195/1 673/193/1
f 51/115/1 371/117/1 467/196/1
f 58/197/1 676/198/1 530/199/1
f 58/197/1 677/200/1 676/198/1
f 59/201/1 531/202/1 470/203/1
f 57/204/1 679/205/1 377/206/1
f 57/204/1 680/207/1 679/205/1
f 58/197/1 530/199/1 473/208/1
f 41/209/1 682/210/1 361/211/1
f 41/209/1 683/212/1 682/210/1
f 35/213/1 355/214/1 476/215/1
f 55/216/1 685/217/1 527/218/1
f 55/216/1 686/219/1 685/217/1
f 56/220/1 528/221/1 479/222/1
f 32/223/1 688/224/1 352/225/1
f 32/223/1 689/226/1 688/224/1
f 55/216/1 527/218/1 482/227/1
f 38/228/1 691/229/1 358/230/1
f 38/228/1 692/231/1 691/229/1
f 44/232/1 516/233/1 485/234/1
f 52/235/1 694/236/1 524/237/1
f 52/235/1 695/238/1 694/236/1
f 53/239/1 525/240/1 488/241/1
f 35/213/1 697/242/1 355/214/1
f 35/213/1 698/243/1 697/242/1
f 52/235/1 524/237/1 491/244/1
f 30/245/1 700/246/1 350/247/1
f 30/245/1 701/248/1 700/246/1
f 49/249/1 521/250/1 494/251/1
f 27/252/1 703/253/1 347/254/1
f 27/252/1 704/255/1 703/253/1
f 30/245/1 350/247/1 497/256/1
f 289/257/1 706/258/1 705/259/1
f 289/257/1 707/260/1 706/258/1
f 142/261/1 558/262/1 708/263/1
f 287/264/1 709/265/1 495/266/1
f 287/264/1 710/267/1 709/265/1
f 288/268/1 496/269/1 711/270/1
f 139/271/1 712/272/1 555/273/1
f 139/271/1 713/274/1 712/272/1
f 287/264/1 495/266/1 714/275/1
f 286/276/1 715/277/1 702/278/1
f 286/276/1 716/279/1 715/277/1
f 105/280/1 313/281/1 717/282/1
f 284/283/1 718/284/1 492/285/1
f 284/283/1 719/286/1 718/284/1
f 285/287/1 493/288/1 720/289/1
f 142/261/1 721/290/1 558/262/1
f 142/261/1 722/291/1 721/290/1
f 284/283/1 492/285/1 723/292/1
f 283/293/1 724/294/1 699/295/1
f 283/293/1 725/296/1 724/294/1
f 108/297/1 316/298/1 726/299/1
f 281/300/1 727/301/1 489/302/1
f 281/300/1 728/303/1 727/301/1
f 282/304/1 490/305/1 729/306/1
f 147/307/1 730/308/1 563/309/1
f 147/307/1 731/310/1 730/308/1
f 281/300/1 489/302/1 732/311/1
f 280/312/1 733/313/1 696/314/1
f 280/312/1 734/315/1 733/313/1
f 109/316/1 317/317/1 735/318/1
f 278/319/1 736/320/1 486/321/1
f 278/319/1 737/322/1 736/320/1
f 279/323/1 487/324/1 738/325/1
f 108/297/1 739/326/1 316/298/1
f 108/297/1 740/327/1 739/326/1
f 278/319/1 486/321/1 741/328/1
f 277/329/1 742/330/1 693/331/1
f 277/329/1 743/332/1 742/330/1
f 100/333/1 308/334/1 744/335/1
f 275/336/1 745/337/1 483/338/1
f 275/336/1 746/339/1 745/337/1
f 276/340/1 484/341/1 747/342/1
f 150/343/1 748/344/1 566/345/1
f 150/343/1 749/346/1 748/344/1
f 275/336/1 483/338/1 750/347/1
f 274/348/1 751/349/1 690/350/1
f 274/348/1 752/351/1 751/349/1
f 111/352/1 319/353/1 753/354/1
f 272/355/1 754/356/1 480/357/1
f 272/355/1 755/358/1 754/356/1
f 273/359/1 481/360/1 756/361/1
f 144/362/1 757/363/1 560/364/1
f 144/362/1 758/365/1 757/363/1
f 272/355/1 480/357/1 759/366/1
f 271/367/1 760/368/1 687/369/1
f 271/367/1 761/370/1 760/368/1
f 112/371/1 320/372/1 762/373/1
f 269/374/1 763/375/1 477/376/1
f 269/374/1 764/377/1 763/375/1
f 270/378/1 478/379/1 765/380/1
f 111/352/1 766/381/1 319/353/1
f 111/352/1 767/382/1 766/381/1
f 269/374/1 477/376/1 768/383/1
f 268/384/1 769/385/1 684/386/1
f 268/384/1 770/387/1 769/385/1
f 147/307/1 563/309/1 771/388/1
f 266/389/1 772/390/1 474/391/1
f 266/389/1 773/392/1 772/390/1
f 267/393/1 475/394/1 774/395/1
f 153/396/1 775/397/1 569/398/1
f 153/396/1 776/399/1 775/397/1
f 266/389/1 474/391/1 777/400/1
f 265/401/1 778/402/1 681/403/1
f 265/401/1 779/404/1 778/402/1
f 114/405/1 322/406/1 780/407/1
f 263/408/1 781/409/1 471/410/1
f 263/408/1 782/411/1 781/409/1
f 264/412/1 472/413/1 783/414/1
f 169/415/1 784/416/1 585/417/1
f 169/415/1 785/418/1 784/416/1
f 263/408/1 471/410/1 786/419/1
f 262/420/1 787/421/1 678/422/1
f 262/420/1 788/423/1 787/421/1
f 115/424/1 323/425/1 789/426/1
f 260/427/1 790/428/1 468/429/1
f 260/427/1 791/430/1 790/428/1
f 261/431/1 469/432/1 792/433/1
f 114/405/1 793/434/1 322/406/1
f 114/405/1 794/435/1 793/434/1
f 260/427/1 468/429/1 795/436/1
f 259/437/1 796/438/1 675/439/1
f 259/437/1 797/440/1 796/438/1
f 163/441/1 579/442/1 798/443/1
f 257/444/1 799/445/1 465/446/1
f 257/444/1 800/447/1 799/445/1
f 258/448/1 466/449/1 801/450/1
f 172/451/1 802/452/1 588/453/1
f 172/451/1 803/454/1 802/452/1
f 257/444/1 465/446/1 804/455/1
f 256/456/1 805/457/1 672/458/1
f 256/456/1 806/459/1 805/457/1
f 117/460/1 325/461/1 807/462/1
f 254/463/1 808/464/1 462/465/1
f 254/463/1 809/466/1 808/464/1
f 255/467/1 463/468/1 810/469/1
f 95/470/1 811/471/1 303/472/1
f 95/470/1 812/473/1 811/471/1
f 254/463/1 462/465/1 813/474/1
f 253/475/1 814/476/1 669/477/1
f 253/475/1 815/478/1 814/476/1
f 118/479/1 326/480/1 816/481/1
f 251/482/1 817/483/1 459/484/1
f 251/482/1 818/485/1 817/483/1
f 252/486/1 460/487/1 819/488/1
f 117/460/1 820/489/1 325/461/1
f 117/460/1 821/490/1 820/489/1
f 251/482/1 459/484/1 822/491/1
f 250/492/1 823/493/1 666/494/1
f 250/492/1 824/495/1 823/493/1
f 96/496/1 304/497/1 825/498/1
f 248/499/1 826/500/1 456/501/1
f 248/499/1 827/502/1 826/500/1
f 249/503/1 457/504/1 828/505/1
f 175/506/1 829/507/1 591/508/1
f 175/506/1 830/509/1 829/507/1
f 248/499/1 456/501/1 831/510/1
f 247/511/1 832/512/1 663/513/1
f 247/511/1 833/514/1 832/512/1
f 120/515/1 328/516/1 834/517/1
f 245/518/1 835/519/1 453/520/1
f 245/518/1 836/521/1 835/519/1
f 246/522/1 454/523/1 837/524/1
f 160/525/1 838/526/1 576/527/1
f 160/525/1 839/528/1 838/526/1
f 245/518/1 453/520/1 840/529/1
f 244/530/1 841/531/1 660/532/1
f 244/530/1 842/533/1 841/531/1
f 121/534/1 329/535/1 843/536/1
f 242/537/1 844/538/1 450/539/1
f 242/537/1 845/540/1 844/538/1
f 243/541/1 451/542/1 846/543/1
f 120/515/1 847/544/1 328/516/1
f 120/515/1 848/545/1 847/544/1
f 242/537/1 450/539/1 849/546/1
f 241/547/1 850/548/1 657/549/1
f 241/547/1 851/550/1 850/548/1
f 95/470/1 303/472/1 852/551/1
f 239/552/1 853/553/1 447/554/1
f 239/552/1 854/555/1 853/553/1
f 240/556/1 448/557/1 855/558/1
f 178/559/1 856/560/1 594/561/1
f 178/559/1 857/562/1 856/560/1
f 239/552/1 447/554/1 858/563/1
f 238/564/1 859/565/1 654/566/1
f 238/564/1 860/567/1 859/565/1
f 123/568/1 331/569/1 861/570/1
f 236/571/1 862/572/1 444/573/1
f 236/571/1 863/574/1 862/572/1
f 237/575/1 445/576/1 864/577/1
f 166/578/1 865/579/1 582/580/1
f 166/578/1 866/581/1 865/579/1
f 236/571/1 444/573/1 867/582/1
f 235/583/1 868/584/1 651/585/1
f 235/583/1 869/586/1 868/584/1
f 124/587/1 332/588/1 870/589/1
f 233/590/1 871/591/1 441/592/1
f 233/590/1 872/593/1 871/591/1
f 234/594/1 442/595/1 873/596/1
f 123/568/1 874/597/1 331/569/1
f 123/568/1 875/598/1 874/597/1
f 233/590/1 441/592/1 876/599/1
f 232/600/1 877/601/1 648/602/1
f 232/600/1 878/603/1 877/601/1
f 84/604/1 292/605/1 879/606/1
f 230/607/1 880/608/1 438/609/1
f 230/607/1 881/610/1 880/608/1
f 231/611/1 439/612/1 882/613/1
f 181/614/1 883/615/1 597/616/1
f 181/614/1 884/617/1 883/615/1
f 230/607/1 438/609/1 885/618/1
f 229/619/1 886/620/1 645/621/1
f 229/619/1 887/622/1 886/620/1
f 126/623/1 334/624/1 888/625/1
f 227/626/1 889/627/1 435/628/1
f 227/626/1 890/629/1 889/627/1
f 228/630/1 436/631/1 891/632/1
f 92/633/1 892/634/1 300/635/1
f 92/633/1 893/636/1 892/634/1
f 227/626/1 435/628/1 894/637/1
f 226/638/1 895/639/1 642/640/1
f 226/638/1 896/641/1 895/639/1
f 127/642/1 335/643/1 897/644/1
f 224/645/1 898/646/1 432/647/1
f 224/645/1 899/648/1 898/646/1
f 225/649/1 433/650/1 900/651/1
f 126/623/1 901/652/1 334/624/1
f 126/623/1 902/653/1 901/652/1
f 224/645/1 432/647/1 903/654/1
f 223/655/1 904/656/1 639/657/1
f 223/655/1 905/658/1 904/656/1
f 93/659/1 301/660/1 906/661/1
f 221/662/1 907/663/1 429/664/1
f 221/662/1 908/665/1 907/663/1
f 222/666/1 430/667/1 909/668/1
f 184/669/1 910/670/1 600/671/1
f 184/669/1 911/672/1 910/670/1
f 221/662/1 429/664/1 912/673/1
f 220/674/1 913/675/1 636/676/1
f 220/674/1 914/677/1 913/675/1
f 129/678/1 337/679/1 915/680/1
f 218/681/1 916/682/1 426/683/1
f 218/681/1 917/684/1 916/682/1
f 219/685/1 427/686/1 918/687/1
f 163/441/1 919/688/1 579/442/1
f 163/441/1 920/689/1 919/688/1
f 218/681/1 426/683/1 921/690/1
f 217/691/1 922/692/1 633/693/1
f 217/691/1 923/694/1 922/692/1
f 130/695/1 338/696/1 924/697/1
f 215/698/1 925/699/1 423/700/1
f 215/698/1 926/701/1 925/699/1
f 216/702/1 424/703/1 927/704/1
f 129/678/1 928/705/1 337/679/1
f 129/678/1 929/706/1 928/705/1
f 215/698/1 423/700/1 930/707/1
f 214/708/1 931/709/1 630/710/1
f 214/708/1 932/711/1 931/709/1
f 92/633/1 300/635/1 933/712/1
f 212/713/1 934/714/1 420/715/1
f 212/713/1 935/716/1 934/714/1
f 213/717/1 421/718/1 936/719/1
f 187/720/1 937/721/1 603/722/1
f 187/720/1 938/723/1 937/721/1
f 212/713/1 420/715/1 939/724/1
f 211/725/1 940/726/1 627/727/1
f 211/725/1 941/728/1 940/726/1
f 132/729/1 340/730/1 942/731/1
f 209/732/1 943/733/1 417/734/1
f 209/732/1 944/735/1 943/733/1
f 210/736/1 418/737/1 945/738/1
f 158/739/1 946/740/1 574/741/1
f 158/739/1 947/742/1 946/740/1
f 209/732/1 417/734/1 948/743/1
f 208/744/1 949/745/1 624/746/1
f 208/744/1 950/747/1 949/745/1
f 133/748/1 341/749/1 951/750/1
f 206/751/1 952/752/1 414/753/1
f 206/751/1 953/754/1 952/752/1
f 207/755/1 415/756/1 954/757/1
f 132/729/1 955/758/1 340/730/1
f 132/729/1 956/759/1 955/758/1
f 206/751/1 414/753/1 957/760/1
f 205/761/1 958/762/1 621/763/1
f 205/761/1 959/764/1 958/762/1
f 89/765/1 297/766/1 960/767/1
f 203/768/1 961/769/1 411/770/1
f 203/768/1 962/771/1 961/769/1
f 204/772/1 412/773/1 963/774/1
f 190/775/1 964/776/1 606/777/1
f 190/775/1 965/778/1 964/776/1
f 203/768/1 411/770/1 966/779/1
f 202/780/1 967/781/1 618/782/1
f 202/780/1 968/783/1 967/781/1
f 135/784/1 343/785/1 969/786/1
f 200/787/1 970/788/1 408/789/1
f 200/787/1 971/790/1 970/788/1
f 201/791/1 409/792/1 972/793/1
f 155/794/1 973/795/1 571/796/1
f 155/794/1 974/797/1 973/795/1
f 200/787/1 408/789/1 975/798/1
f 199/799/1 976/800/1 615/801/1
f 199/799/1 977/802/1 976/800/1
f 136/803/1 344/804/1 978/805/1
f 197/806/1 979/807/1 405/808/1
f 197/806/1 980/809/1 979/807/1
f 198/810/1 406/811/1 981/812/1
f 135/784/1 982/813/1 343/785/1
f 135/784/1 983/814/1 982/813/1
f 197/806/1 405/808/1 984/815/1
f 196/816/1 985/817/1 612/818/1
f 196/816/1 986/819/1 985/817/1
f 158/739/1 574/741/1 987/820/1
f 194/821/1 988/822/1 402/823/1
f 194/821/1 989/824/1 988/822/1
f 195/825/1 403/826/1 990/827/1
f 193/828/1 991/829/1 609/830/1
f 193/828/1 992/831/1 991/829/1
f 194/821/1 402/823/1 993/832/1
f 137/833/1 994/834/1 553/835/1
f 137/833/1 995/836/1 994/834/1
f 102/837/1 518/838/1 996/839/1
f 191/840/1 997/841/1 399/842/1
f 191/840/1 998/843/1 997/841/1
f 192/844/1 400/845/1 999/846/1
f 99/847/1 1000/848/1 515/849/1
f 99/847/1 1001/850/1 1000/848/1
f 191/840/1 399/842/1 1002/851/1
f 134/852/1 1003/853/1 550/854/1
f 134/852/1 1004/855/1 1003/853/1
f 145/856/1 353/857/1 1005/858/1
f 188/859/1 1006/860/1 396/861/1
f 188/859/1 1007/862/1 1006/860/1
f 189/863/1 397/864/1 1008/865/1
f 102/837/1 1009/866/1 518/838/1
f 102/837/1 1010/867/1 1009/866/1
f 188/859/1 396/861/1 1011/868/1
f 131/869/1 1012/870/1 547/871/1
f 131/869/1 1013/872/1 1012/870/1
f 148/873/1 356/874/1 1014/875/1
f 185/876/1 1015/877/1 393/878/1
f 185/876/1 1016/879/1 1015/877/1
f 186/880/1 394/881/1 1017/882/1
f 107/883/1 1018/884/1 523/885/1
f 107/883/1 1019/886/1 1018/884/1
f 185/876/1 393/878/1 1020/887/1
f 128/888/1 1021/889/1 544/890/1
f 128/888/1 1022/891/1 1021/889/1
f 149/892/1 357/893/1 1023/894/1
f 182/895/1 1024/896/1 390/897/1
f 182/895/1 1025/898/1 1024/896/1
f 183/899/1 391/900/1 1026/901/1
f 148/873/1 1027/902/1 356/874/1
f 148/873/1 1028/903/1 1027/902/1
f 182/895/1 390/897/1 1029/904/1
f 125/905/1 1030/906/1 541/907/1
f 125/905/1 1031/908/1 1030/906/1
f 140/909/1 348/910/1 1032/911/1
f 179/912/1 1033/913/1 387/914/1
f 179/912/1 1034/915/1 1033/913/1
f 180/916/1 388/917/1 1035/918/1
f 110/919/1 1036/920/1 526/921/1
f 110/919/1 1037/922/1 1036/920/1
f 179/912/1 387/914/1 1038/923/1
f 122/924/1 1039/925/1 538/926/1
f 122/924/1 1040/927/1 1039/925/1
f 151/928/1 359/929/1 1041/930/1
f 176/931/1 1042/932/1 384/933/1
f 176/931/1 1043/934/1 1042/932/1
f 177/935/1 385/936/1 1044/937/1
f 104/938/1 1045/939/1 520/940/1
f 104/938/1 1046/941/1 1045/939/1
f 176/931/1 384/933/1 1047/942/1
f 119/943/1 1048/944/1 535/945/1
f 119/943/1 1049/946/1 1048/944/1
f 152/947/1 360/948/1 1050/949/1
f 173/950/1 1051/951/1 381/952/1
f 173/950/1 1052/953/1 1051/951/1
f 174/954/1 382/955/1 1053/956/1
f 151/928/1 1054/957/1 359/929/1
f 151/928/1 1055/958/1 1054/957/1
f 173/950/1 381/952/1 1056/959/1
f 116/960/1 1057/961/1 532/962/1
f 116/960/1 1058/963/1 1057/961/1
f 107/883/1 523/885/1 1059/964/1
f 170/965/1 1060/966/1 378/967/1
f 170/965/1 1061/968/1 1060/966/1
f 171/969/1 379/970/1 1062/971/1
f 113/972/1 1063/973/1 529/974/1
f 113/972/1 1064/975/1 1063/973/1
f 170/965/1 378/967/1 1065/976/1
f 97/977/1 1066/978/1 513/979/1
f 97/977/1 1067/980/1 1066/978/1
f 91/981/1 507/982/1 1068/983/1
f 167/984/1 1069/985/1 375/986/1
f 167/984/1 1070/987/1 1069/985/1
f 168/988/1 376/989/1 1071/990/1
f 88/991/1 1072/992/1 504/993/1
f 88/991/1 1073/994/1 1072/992/1
f 167/984/1 375/986/1 1074/995/1
f 94/996/1 1075/997/1 510/998/1
f 94/996/1 1076/999/1 1075/997/1
f 156/1000/1 364/1001/1 1077/1002/1
f 164/1003/1 1078/1004/1 372/1005/1
f 164/1003/1 1079/1006/1 1078/1004/1
f 165/1007/1 373/1008/1 1080/1009/1
f 91/981/1 1081/1010/1 507/982/1
f 91/981/1 1082/1011/1 1081/1010/1
f 164/1003/1 372/1005/1 1083/1012/1
f 86/1013/1 1084/1014/1 502/1015/1
f 86/1013/1 1085/1016/1 1084/1014/1
f 161/1017/1 369/1018/1 1086/1019/1
f 83/1020/1 1087/1021/1 499/1022/1
f 83/1020/1 1088/1023/1 1087/1021/1
f 86/1013/1 502/1015/1 1089/1024/1
f 1089/1024/1 496/269/1 288/268/1
f 1089/1024/1 502/1015/1 496/269/1
f 502/1015/1 30/245/1 496/269/1
f 1087/1021/1 1089/1024/1 288/268/1
f 1087/1021/1 1088/1023/1 1089/1024/1
f 1088/1023/1 86/1013/1 1089/1024/1
f 499/1022/1 704/255/1 27/252/1
f 499/1022/1 1087/1021/1 704/255/1
f 1087/1021/1 288/268/1 704/255/1
f 1086/1019/1 493/288/1 285/287/1
f 1086/1019/1 369/1018/1 493/288/1
f 369/1018/1 49/249/1 493/288/1
f 1084/1014/1 1086/1019/1 285/287/1
f 1084/1014/1 1085/1016/1 1086/1019/1
f 1085/1016/1 161/1017/1 1086/1019/1
f 502/1015/1 701/248/1 30/245/1
f 502/1015/1 1084/1014/1 701/248/1
f 1084/1014/1 285/287/1 701/248/1
f 1083/1012/1 490/305/1 282/304/1
f 1083/1012/1 372/1005/1 490/305/1
f 372/1005/1 52/235/1 490/305/1
f 1081/1010/1 1083/1012/1 282/304/1
f 1081/1010/1 1082/1011/1 1083/1012/1
f 1082/1011/1 164/1003/1 1083/1012/1
f 507/982/1 698/243/1 35/213/1
f 507/982/1 1081/1010/1 698/243/1
f 1081/1010/1 282/304/1 698/243/1
f 1080/1009/1 487/324/1 279/323/1
f 1080/1009/1 373/1008/1 487/324/1
f 373/1008/1 53/239/1 487/324/1
f 1078/1004/1 1080/1009/1 279/323/1
f 1078/1004/1 1079/1006/1 1080/1009/1
f 1079/1006/1 165/1007/1 1080/1009/1
f 372/1005/1 695/238/1 52/235/1
f 372/1005/1 1078/1004/1 695/238/1
f 1078/1004/1 279/323/1 695/238/1
f 1077/1002/1 484/341/1 276/340/1
f 1077/1002/1 364/1001/1 484/341/1
f 364/1001/1 44/232/1 484/341/1
f 1075/997/1 1077/1002/1 276/340/1
f 1075/997/1 1076/999/1 1077/1002/1
f 1076/999/1 156/1000/1 1077/1002/1
f 510/998/1 692/231/1 38/228/1
f 510/998/1 1075/997/1 692/231/1
f 1075/997/1 276/340/1 692/231/1
f 1074/995/1 481/360/1 273/359/1
f 1074/995/1 375/986/1 481/360/1
f 375/986/1 55/216/1 481/360/1
f 1072/992/1 1074/995/1 273/359/1
f 1072/992/1 1073/994/1 1074/995/1
f 1073/994/1 167/984/1 1074/995/1
f 504/993/1 689/226/1 32/223/1
f 504/993/1 1072/992/1 689/226/1
f 1072/992/1 273/359/1 689/226/1
f 1071/990/1 478/379/1 270/378/1
f 1071/990/1 376/989/1 478/379/1
f 376/989/1 56/220/1 478/379/1
f 1069/985/1 1071/990/1 270/378/1
f 1069/985/1 1070/987/1 1071/990/1
f 1070/987/1 168/988/1 1071/990/1
f 375/986/1 686/219/1 55/216/1
f 375/986/1 1069/985/1 686/219/1
f 1069/985/1 270/378/1 686/219/1
f 1068/983/1 475/394/1 267/393/1
f 1068/983/1 507/982/1 475/394/1
f 507/982/1 35/213/1 475/394/1
f 1066/978/1 1068/983/1 267/393/1
f 1066/978/1 1067/980/1 1068/983/1
f 1067/980/1 91/981/1 1068/983/1
f 513/979/1 683/212/1 41/209/1
f 513/979/1 1066/978/1 683/212/1
f 1066/978/1 267/393/1 683/212/1
f 1065/976/1 472/413/1 264/412/1
f 1065/976/1 378/967/1 472/413/1
f 378/967/1 58/197/1 472/413/1
f 1063/973/1 1065/976/1 264/412/1
f 1063/973/1 1064/975/1 1065/976/1
f 1064/975/1 170/965/1 1065/976/1
f 529/974/1 680/207/1 57/204/1
f 529/974/1 1063/973/1 680/207/1
f 1063/973/1 264/412/1 680/207/1
f 1062/971/1 469/432/1 261/431/1
f 1062/971/1 379/970/1 469/432/1
f 379/970/1 59/201/1 469/432/1
f 1060/966/1 1062/971/1 261/431/1
f 1060/966/1 1061/968/1 1062/971/1
f 1061/968/1 171/969/1 1062/971/1
f 378/967/1 677/200/1 58/197/1
f 378/967/1 1060/966/1 677/200/1
f 1060/966/1 261/431/1 677/200/1
f 1059/964/1 466/449/1 258/448/1
f 1059/964/1 523/885/1 466/449/1
f 523/885/1 51/115/1 466/449/1
f 1057/961/1 1059/964/1 258/448/1
f 1057/961/1 1058/963/1 1059/964/1
f 1058/963/1 107/883/1 1059/964/1
f 532/962/1 674/195/1 60/192/1
f 532/962/1 1057/961/1 674/195/1
f 1057/961/1 258/448/1 674/195/1
f 1056/959/1 463/468/1 255/467/1
f 1056/959/1 381/952/1 463/468/1
f 381/952/1 61/182/1 463/468/1
f 1054/957/1 1056/959/1 255/467/1
f 1054/957/1 1055/958/1 1056/959/1
f 1055/958/1 173/950/1 1056/959/1
f 359/929/1 671/190/1 39/160/1
f 359/929/1 1054/957/1 671/190/1
f 1054/957/1 255/467/1 671/190/1
f 1053/956/1 460/487/1 252/486/1
f 1053/956/1 382/955/1 460/487/1
f 382/955/1 62/186/1 460/487/1
f 1051/951/1 1053/956/1 252/486/1
f 1051/951/1 1052/953/1 1053/956/1
f 1052/953/1 174/954/1 1053/956/1
f 381/952/1 668/185/1 61/182/1
f 381/952/1 1051/951/1 668/185/1
f 1051/951/1 252/486/1 668/185/1
f 1050/949/1 457/504/1 249/503/1
f 1050/949/1 360/948/1 457/504/1
f 360/948/1 40/179/1 457/504/1
f 1048/944/1 1050/949/1 249/503/1
f 1048/944/1 1049/946/1 1050/949/1
f 1049/946/1 152/947/1 1050/949/1
f 535/945/1 665/178/1 63/175/1
f 535/945/1 1048/944/1 665/178/1
f 1048/944/1 249/503/1 665/178/1
f 1047/942/1 454/523/1 246/522/1
f 1047/942/1 384/933/1 454/523/1
f 384/933/1 64/163/1 454/523/1
f 1045/939/1 1047/942/1 246/522/1
f 1045/939/1 1046/941/1 1047/942/1
f 1046/941/1 176/931/1 1047/942/1
f 520/940/1 662/173/1 48/170/1
f 520/940/1 1045/939/1 662/173/1
f 1045/939/1 246/522/1 662/173/1
f 1044/937/1 451/542/1 243/541/1
f 1044/937/1 385/936/1 451/542/1
f 385/936/1 65/167/1 451/542/1
f 1042/932/1 1044/937/1 243/541/1
f 1042/932/1 1043/934/1 1044/937/1
f 1043/934/1 177/935/1 1044/937/1
f 384/933/1 659/166/1 64/163/1
f 384/933/1 1042/932/1 659/166/1
f 1042/932/1 243/541/1 659/166/1
f 1041/930/1 448/557/1 240/556/1
f 1041/930/1 359/929/1 448/557/1
f 359/929/1 39/160/1 448/557/1
f 1039/925/1 1041/930/1 240/556/1
f 1039/925/1 1040/927/1 1041/930/1
f 1040/927/1 151/928/1 1041/930/1
f 538/926/1 656/159/1 66/156/1
f 538/926/1 1039/925/1 656/159/1
f 1039/925/1 240/556/1 656/159/1
f 1038/923/1 445/576/1 237/575/1
f 1038/923/1 387/914/1 445/576/1
f 387/914/1 67/144/1 445/576/1
f 1036/920/1 1038/923/1 237/575/1
f 1036/920/1 1037/922/1 1038/923/1
f 1037/922/1 179/912/1 1038/923/1
f 526/921/1 653/154/1 54/151/1
f 526/921/1 1036/920/1 653/154/1
f 1036/920/1 237/575/1 653/154/1
f 1035/918/1 442/595/1 234/594/1
f 1035/918/1 388/917/1 442/595/1
f 388/917/1 68/148/1 442/595/1
f 1033/913/1 1035/918/1 234/594/1
f 1033/913/1 1034/915/1 1035/918/1
f 1034/915/1 180/916/1 1035/918/1
f 387/914/1 650/147/1 67/144/1
f 387/914/1 1033/913/1 650/147/1
f 1033/913/1 234/594/1 650/147/1
f 1032/911/1 439/612/1 231/611/1
f 1032/911/1 348/910/1 439/612/1
f 348/910/1 28/141/1 439/612/1
f 1030/906/1 1032/911/1 231/611/1
f 1030/906/1 1031/908/1 1032/911/1
f 1031/908/1 140/909/1 1032/911/1
f 541/907/1 647/140/1 69/137/1
f 541/907/1 1030/906/1 647/140/1
f 1030/906/1 231/611/1 647/140/1
f 1029/904/1 436/631/1 228/630/1
f 1029/904/1 390/897/1 436/631/1
f 390/897/1 70/127/1 436/631/1
f 1027/902/1 1029/904/1 228/630/1
f 1027/902/1 1028/903/1 1029/904/1
f 1028/903/1 182/895/1 1029/904/1
f 356/874/1 644/135/1 36/105/1
f 356/874/1 1027/902/1 644/135/1
f 1027/902/1 228/630/1 644/135/1
f 1026/901/1 433/650/1 225/649/1
f 1026/901/1 391/900/1 433/650/1
f 391/900/1 71/131/1 433/650/1
f 1024/896/1 1026/901/1 225/649/1
f 1024/896/1 1025/898/1 1026/901/1
f 1025/898/1 183/899/1 1026/901/1
f 390/897/1 641/130/1 70/127/1
f 390/897/1 1024/896/1 641/130/1
f 1024/896/1 225/649/1 641/130/1
f 1023/894/1 430/667/1 222/666/1
f 1023/894/1 357/893/1 430/667/1
f 357/893/1 37/124/1 430/667/1
f 1021/889/1 1023/894/1 222/666/1
f 1021/889/1 1022/891/1 1023/894/1
f 1022/891/1 149/892/1 1023/894/1
f 544/890/1 638/123/1 72/120/1
f 544/890/1 1021/889/1 638/123/1
f 1021/889/1 222/666/1 638/123/1
f 1020/887/1 427/686/1 219/685/1
f 1020/887/1 393/878/1 427/686/1
f 393/878/1 73/108/1 427/686/1
f 1018/884/1 1020/887/1 219/685/1
f 1018/884/1 1019/886/1 1020/887/1
f 1019/886/1 185/876/1 1020/887/1
f 523/885/1 635/118/1 51/115/1
f 523/885/1 1018/884/1 635/118/1
f 1018/884/1 219/685/1 635/118/1
f 1017/882/1 424/703/1 216/702/1
f 1017/882/1 394/881/1 424/703/1
f 394/881/1 74/112/1 424/703/1
f 1015/877/1 1017/882/1 216/702/1
f 1015/877/1 1016/879/1 1017/882/1
f 1016/879/1 186/880/1 1017/882/1
f 393/878/1 632/111/1 73/108/1
f 393/878/1 1015/877/1 632/111/1
f 1015/877/1 216/702/1 632/111/1
f 1014/875/1 421/718/1 213/717/1
f 1014/875/1 356/874/1 421/718/1
f 356/874/1 36/105/1 421/718/1
f 1012/870/1 1014/875/1 213/717/1
f 1012/870/1 1013/872/1 1014/875/1
f 1013/872/1 148/873/1 1014/875/1
f 547/871/1 629/104/1 75/101/1
f 547/871/1 1012/870/1 629/104/1
f 1012/870/1 213/717/1 629/104/1
f 1011/868/1 418/737/1 210/736/1
f 1011/868/1 396/861/1 418/737/1
f 396/861/1 76/91/1 418/737/1
f 1009/866/1 1011/868/1 210/736/1
f 1009/866/1 1010/867/1 1011/868/1
f 1010/867/1 188/859/1 1011/868/1
f 518/838/1 626/99/1 46/69/1
f 518/838/1 1009/866/1 626/99/1
f 1009/866/1 210/736/1 626/99/1
f 1008/865/1 415/756/1 207/755/1
f 1008/865/1 397/864/1 415/756/1
f 397/864/1 77/95/1 415/756/1
f 1006/860/1 1008/865/1 207/755/1
f 1006/860/1 1007/862/1 1008/865/1
f 1007/862/1 189/863/1 1008/865/1
f 396/861/1 623/94/1 76/91/1
f 396/861/1 1006/860/1 623/94/1
f 1006/860/1 207/755/1 623/94/1
f 1005/858/1 412/773/1 204/772/1
f 1005/858/1 353/857/1 412/773/1
f 353/857/1 33/88/1 412/773/1
f 1003/853/1 1005/858/1 204/772/1
f 1003/853/1 1004/855/1 1005/858/1
f 1004/855/1 145/856/1 1005/858/1
f 550/854/1 620/87/1 78/84/1
f 550/854/1 1003/853/1 620/87/1
f 1003/853/1 204/772/1 620/87/1
f 1002/851/1 409/792/1 201/791/1
f 1002/851/1 399/842/1 409/792/1
f 399/842/1 79/72/1 409/792/1
f 1000/848/1 1002/851/1 201/791/1
f 1000/848/1 1001/850/1 1002/851/1
f 1001/850/1 191/840/1 1002/851/1
f 515/849/1 617/82/1 43/79/1
f 515/849/1 1000/848/1 617/82/1
f 1000/848/1 201/791/1 617/82/1
f 999/846/1 406/811/1 198/810/1
f 999/846/1 400/845/1 406/811/1
f 400/845/1 80/76/1 406/811/1
f 997/841/1 999/846/1 198/810/1
f 997/841/1 998/843/1 999/846/1
f 998/843/1 192/844/1 999/846/1
f 399/842/1 614/75/1 79/72/1
f 399/842/1 997/841/1 614/75/1
f 997/841/1 198/810/1 614/75/1
f 996/839/1 403/826/1 195/825/1
f 996/839/1 518/838/1 403/826/1
f 518/838/1 46/69/1 403/826/1
f 994/834/1 996/839/1 195/825/1
f 994/834/1 995/836/1 996/839/1
f 995/836/1 102/837/1 996/839/1
f 553/835/1 611/68/1 81/65/1
f 553/835/1 994/834/1 611/68/1
f 994/834/1 195/825/1 611/68/1
f 993/832/1 360/948/1 152/947/1
f 993/832/1 402/823/1 360/948/1
f 402/823/1 40/179/1 360/948/1
f 991/829/1 993/832/1 152/947/1
f 991/829/1 992/831/1 993/832/1
f 992/831/1 194/821/1 993/832/1
f 609/830/1 568/29/1 24/28/1
f 609/830/1 991/829/1 568/29/1
f 991/829/1 152/947/1 568/29/1
f 990/827/1 404/71/1 196/816/1
f 990/827/1 403/826/1 404/71/1
f 403/826/1 46/69/1 404/71/1
f 988/822/1 990/827/1 196/816/1
f 988/822/1 989/824/1 990/827/1
f 989/824/1 195/825/1 990/827/1
f 402/823/1 612/818/1 40/179/1
f 402/823/1 988/822/1 612/818/1
f 988/822/1 196/816/1 612/818/1
f 987/820/1 304/497/1 96/496/1
f 987/820/1 574/741/1 304/497/1
f 574/741/1 9/5/1 304/497/1
f 985/817/1 987/820/1 96/496/1
f 985/817/1 986/819/1 987/820/1
f 986/819/1 158/739/1 987/820/1
f 612/818/1 512/180/1 40/179/1
f 612/818/1 985/817/1 512/180/1
f 985/817/1 96/496/1 512/180/1
f 984/815/1 401/67/1 193/828/1
f 984/815/1 405/808/1 401/67/1
f 405/808/1 81/65/1 401/67/1
f 982/813/1 984/815/1 193/828/1
f 982/813/1 983/814/1 984/815/1
f 983/814/1 197/806/1 984/815/1
f 343/785/1 609/830/1 24/28/1
f 343/785/1 982/813/1 609/830/1
f 982/813/1 193/828/1 609/830/1
f 981/812/1 407/78/1 199/799/1
f 981/812/1 406/811/1 407/78/1
f 406/811/1 80/76/1 407/78/1
f 979/807/1 981/812/1 199/799/1
f 979/807/1 980/809/1 981/812/1
f 980/809/1 198/810/1 981/812/1
f 405/808/1 615/801/1 81/65/1
f 405/808/1 979/807/1 615/801/1
f 979/807/1 199/799/1 615/801/1
f 978/805/1 345/64/1 137/833/1
f 978/805/1 344/804/1 345/64/1
f 344/804/1 14/53/1 345/64/1
f 976/800/1 978/805/1 137/833/1
f 976/800/1 977/802/1 978/805/1
f 977/802/1 136/803/1 978/805/1
f 615/801/1 553/835/1 81/65/1
f 615/801/1 976/800/1 553/835/1
f 976/800/1 137/833/1 553/835/1
f 975/798/1 376/989/1 168/988/1
f 975/798/1 408/789/1 376/989/1
f 408/789/1 56/220/1 376/989/1
f 973/795/1 975/798/1 168/988/1
f 973/795/1 974/797/1 975/798/1
f 974/797/1 200/787/1 975/798/1
f 571/796/1 584/15/1 6/12/1
f 571/796/1 973/795/1 584/15/1
f 973/795/1 168/988/1 584/15/1
f 972/793/1 410/83/1 202/780/1
f 972/793/1 409/792/1 410/83/1
f 409/792/1 79/72/1 410/83/1
f 970/788/1 972/793/1 202/780/1
f 970/788/1 971/790/1 972/793/1
f 971/790/1 201/791/1 972/793/1
f 408/789/1 618/782/1 56/220/1
f 408/789/1 970/788/1 618/782/1
f 970/788/1 202/780/1 618/782/1
f 969/786/1 320/372/1 112/371/1
f 969/786/1 343/785/1 320/372/1
f 343/785/1 24/28/1 320/372/1
f 967/781/1 969/786/1 112/371/1
f 967/781/1 968/783/1 969/786/1
f 968/783/1 135/784/1 969/786/1
f 618/782/1 528/221/1 56/220/1
f 618/782/1 967/781/1 528/221/1
f 967/781/1 112/371/1 528/221/1
f 966/779/1 357/893/1 149/892/1
f 966/779/1 411/770/1 357/893/1
f 411/770/1 37/124/1 357/893/1
f 964/776/1 966/779/1 149/892/1
f 964/776/1 965/778/1 966/779/1
f 965/778/1 203/768/1 966/779/1
f 606/777/1 565/48/1 21/47/1
f 606/777/1 964/776/1 565/48/1
f 964/776/1 149/892/1 565/48/1
f 963/774/1 413/90/1 205/761/1
f 963/774/1 412/773/1 413/90/1
f 412/773/1 33/88/1 413/90/1
f 961/769/1 963/774/1 205/761/1
f 961/769/1 962/771/1 963/774/1
f 962/771/1 204/772/1 963/774/1
f 411/770/1 621/763/1 37/124/1
f 411/770/1 961/769/1 621/763/1
f 961/769/1 205/761/1 621/763/1
f 960/767/1 301/660/1 93/659/1
f 960/767/1 297/766/1 301/660/1
f 297/766/1 7/9/1 301/660/1
f 958/762/1 960/767/1 93/659/1
f 958/762/1 959/764/1 960/767/1
f 959/764/1 89/765/1 960/767/1
f 621/763/1 509/125/1 37/124/1
f 621/763/1 958/762/1 509/125/1
f 958/762/1 93/659/1 509/125/1
f 957/760/1 398/86/1 190/775/1
f 957/760/1 414/753/1 398/86/1
f 414/753/1 78/84/1 398/86/1
f 955/758/1 957/760/1 190/775/1
f 955/758/1 956/759/1 957/760/1
f 956/759/1 206/751/1 957/760/1
f 340/730/1 606/777/1 21/47/1
f 340/730/1 955/758/1 606/777/1
f 955/758/1 190/775/1 606/777/1
f 954/757/1 416/97/1 208/744/1
f 954/757/1 415/756/1 416/97/1
f 415/756/1 77/95/1 416/97/1
f 952/752/1 954/757/1 208/744/1
f 952/752/1 953/754/1 954/757/1
f 953/754/1 207/755/1 954/757/1
f 414/753/1 624/746/1 78/84/1
f 414/753/1 952/752/1 624/746/1
f 952/752/1 208/744/1 624/746/1
f 951/750/1 342/59/1 134/852/1
f 951/750/1 341/749/1 342/59/1
f 341/749/1 17/57/1 342/59/1
f 949/745/1 951/750/1 134/852/1
f 949/745/1 950/747/1 951/750/1
f 950/747/1 133/748/1 951/750/1
f 624/746/1 550/854/1 78/84/1
f 624/746/1 949/745/1 550/854/1
f 949/745/1 134/852/1 550/854/1
f 948/743/1 373/1008/1 165/1007/1
f 948/743/1 417/734/1 373/1008/1
f 417/734/1 53/239/1 373/1008/1
f 946/740/1 948/743/1 165/1007/1
f 946/740/1 947/742/1 948/743/1
f 947/742/1 209/732/1 948/743/1
f 574/741/1 581/8/1 9/5/1
f 574/741/1 946/740/1 581/8/1
f 946/740/1 165/1007/1 581/8/1
f 945/738/1 419/100/1 211/725/1
f 945/738/1 418/737/1 419/100/1
f 418/737/1 76/91/1 419/100/1
f 943/733/1 945/738/1 211/725/1
f 943/733/1 944/735/1 945/738/1
f 944/735/1 210/736/1 945/738/1
f 417/734/1 627/727/1 53/239/1
f 417/734/1 943/733/1 627/727/1
f 943/733/1 211/725/1 627/727/1
f 942/731/1 317/317/1 109/316/1
f 942/731/1 340/730/1 317/317/1
f 340/730/1 21/47/1 317/317/1
f 940/726/1 942/731/1 109/316/1
f 940/726/1 941/728/1 942/731/1
f 941/728/1 132/729/1 942/731/1
f 627/727/1 525/240/1 53/239/1
f 627/727/1 940/726/1 525/240/1
f 940/726/1 109/316/1 525/240/1
f 939/724/1 517/1025/1 101/1026/1
f 939/724/1 420/715/1 517/1025/1
f 420/715/1 45/1027/1 517/1025/1
f 937/721/1 939/724/1 101/1026/1
f 937/721/1 938/723/1 939/724/1
f 938/723/1 212/713/1 939/724/1
f 603/722/1 309/1028/1 13/1029/1
f 603/722/1 937/721/1 309/1028/1
f 937/721/1 101/1026/1 309/1028/1
f 936/719/1 422/107/1 214/708/1
f 936/719/1 421/718/1 422/107/1
f 421/718/1 36/105/1 422/107/1
f 934/714/1 936/719/1 214/708/1
f 934/714/1 935/716/1 936/719/1
f 935/716/1 213/717/1 936/719/1
f 420/715/1 630/710/1 45/1027/1
f 420/715/1 934/714/1 630/710/1
f 934/714/1 214/708/1 630/710/1
f 933/712/1 573/1030/1 157/1031/1
f 933/712/1 300/635/1 573/1030/1
f 300/635/1 8/1032/1 573/1030/1
f 931/709/1 933/712/1 157/1031/1
f 931/709/1 932/711/1 933/712/1
f 932/711/1 92/633/1 933/712/1
f 630/710/1 365/1033/1 45/1027/1
f 630/710/1 931/709/1 365/1033/1
f 931/709/1 157/1031/1 365/1033/1
f 930/707/1 395/103/1 187/720/1
f 930/707/1 423/700/1 395/103/1
f 423/700/1 75/101/1 395/103/1
f 928/705/1 930/707/1 187/720/1
f 928/705/1 929/706/1 930/707/1
f 929/706/1 215/698/1 930/707/1
f 337/679/1 603/722/1 13/1029/1
f 337/679/1 928/705/1 603/722/1
f 928/705/1 187/720/1 603/722/1
f 927/704/1 425/114/1 217/691/1
f 927/704/1 424/703/1 425/114/1
f 424/703/1 74/112/1 425/114/1
f 925/699/1 927/704/1 217/691/1
f 925/699/1 926/701/1 927/704/1
f 926/701/1 216/702/1 927/704/1
f 423/700/1 633/693/1 75/101/1
f 423/700/1 925/699/1 633/693/1
f 925/699/1 217/691/1 633/693/1
f 924/697/1 339/52/1 131/869/1
f 924/697/1 338/696/1 339/52/1
f 338/696/1 20/43/1 339/52/1
f 922/692/1 924/697/1 131/869/1
f 922/692/1 923/694/1 924/697/1
f 923/694/1 130/695/1 924/697/1
f 633/693/1 547/871/1 75/101/1
f 633/693/1 922/692/1 547/871/1
f 922/692/1 131/869/1 547/871/1
f 921/690/1 501/1034/1 85/1035/1
f 921/690/1 426/683/1 501/1034/1
f 426/683/1 29/1036/1 501/1034/1
f 919/688/1 921/690/1 85/1035/1
f 919/688/1 920/689/1 921/690/1
f 920/689/1 218/681/1 921/690/1
f 579/442/1 293/1037/1 3/1038/1
f 579/442/1 919/688/1 293/1037/1
f 919/688/1 85/1035/1 293/1037/1
f 918/687/1 428/119/1 220/674/1
f 918/687/1 427/686/1 428/119/1
f 427/686/1 73/108/1 428/119/1
f 916/682/1 918/687/1 220/674/1
f 916/682/1 917/684/1 918/687/1
f 917/684/1 219/685/1 918/687/1
f 426/683/1 636/676/1 29/1036/1
f 426/683/1 916/682/1 636/676/1
f 916/682/1 220/674/1 636/676/1
f 915/680/1 557/1039/1 141/1040/1
f 915/680/1 337/679/1 557/1039/1
f 337/679/1 13/1029/1 557/1039/1
f 913/675/1 915/680/1 141/1040/1
f 913/675/1 914/677/1 915/680/1
f 914/677/1 129/678/1 915/680/1
f 636/676/1 349/1041/1 29/1036/1
f 636/676/1 913/675/1 349/1041/1
f 913/675/1 141/1040/1 349/1041/1
f 912/673/1 358/230/1 150/343/1
f 912/673/1 429/664/1 358/230/1
f 429/664/1 38/228/1 358/230/1
f 910/670/1 912/673/1 150/343/1
f 910/670/1 911/672/1 912/673/1
f 911/672/1 221/662/1 912/673/1
f 600/671/1 566/345/1 22/36/1
f 600/671/1 910/670/1 566/345/1
f 910/670/1 150/343/1 566/345/1
f 909/668/1 431/126/1 223/655/1
f 909/668/1 430/667/1 431/126/1
f 430/667/1 37/124/1 431/126/1
f 907/663/1 909/668/1 223/655/1
f 907/663/1 908/665/1 909/668/1
f 908/665/1 222/666/1 909/668/1
f 429/664/1 639/657/1 38/228/1
f 429/664/1 907/663/1 639/657/1
f 907/663/1 223/655/1 639/657/1
f 906/661/1 302/11/1 94/996/1
f 906/661/1 301/660/1 302/11/1
f 301/660/1 7/9/1 302/11/1
f 904/656/1 906/661/1 94/996/1
f 904/656/1 905/658/1 906/661/1
f 905/658/1 93/659/1 906/661/1
f 639/657/1 510/998/1 38/228/1
f 639/657/1 904/656/1 510/998/1
f 904/656/1 94/996/1 510/998/1
f 903/654/1 392/122/1 184/669/1
f 903/654/1 432/647/1 392/122/1
f 432/647/1 72/120/1 392/122/1
f 901/652/1 903/654/1 184/669/1
f 901/652/1 902/653/1 903/654/1
f 902/653/1 224/645/1 903/654/1
f 334/624/1 600/671/1 22/36/1
f 334/624/1 901/652/1 600/671/1
f 901/652/1 184/669/1 600/671/1
f 900/651/1 434/133/1 226/638/1
f 900/651/1 433/650/1 434/133/1
f 433/650/1 71/131/1 434/133/1
f 898/646/1 900/651/1 226/638/1
f 898/646/1 899/648/1 900/651/1
f 899/648/1 225/649/1 900/651/1
f 432/647/1 642/640/1 72/120/1
f 432/647/1 898/646/1 642/640/1
f 898/646/1 226/638/1 642/640/1
f 897/644/1 336/49/1 128/888/1
f 897/644/1 335/643/1 336/49/1
f 335/643/1 21/47/1 336/49/1
f 895/639/1 897/644/1 128/888/1
f 895/639/1 896/641/1 897/644/1
f 896/641/1 127/642/1 897/644/1
f 642/640/1 544/890/1 72/120/1
f 642/640/1 895/639/1 544/890/1
f 895/639/1 128/888/1 544/890/1
f 894/637/1 374/153/1 166/578/1
f 894/637/1 435/628/1 374/153/1
f 435/628/1 54/151/1 374/153/1
f 892/634/1 894/637/1 166/578/1
f 892/634/1 893/636/1 894/637/1
f 893/636/1 227/626/1 894/637/1
f 300/635/1 582/580/1 8/1032/1
f 300/635/1 892/634/1 582/580/1
f 892/634/1 166/578/1 582/580/1
f 891/632/1 437/136/1 229/619/1
f 891/632/1 436/631/1 437/136/1
f 436/631/1 70/127/1 437/136/1
f 889/627/1 891/632/1 229/619/1
f 889/627/1 890/629/1 891/632/1
f 890/629/1 228/630/1 891/632/1
f 435/628/1 645/621/1 54/151/1
f 435/628/1 889/627/1 645/621/1
f 889/627/1 229/619/1 645/621/1
f 888/625/1 318/38/1 110/919/1
f 888/625/1 334/624/1 318/38/1
f 334/624/1 22/36/1 318/38/1
f 886/620/1 888/625/1 110/919/1
f 886/620/1 887/622/1 888/625/1
f 887/622/1 126/623/1 888/625/1
f 645/621/1 526/921/1 54/151/1
f 645/621/1 886/620/1 526/921/1
f 886/620/1 110/919/1 526/921/1
f 885/618/1 522/1042/1 106/1043/1
f 885/618/1 438/609/1 522/1042/1
f 438/609/1 50/1044/1 522/1042/1
f 883/615/1 885/618/1 106/1043/1
f 883/615/1 884/617/1 885/618/1
f 884/617/1 230/607/1 885/618/1
f 597/616/1 314/1045/1 18/1046/1
f 597/616/1 883/615/1 314/1045/1
f 883/615/1 106/1043/1 314/1045/1
f 882/613/1 440/143/1 232/600/1
f 882/613/1 439/612/1 440/143/1
f 439/612/1 28/141/1 440/143/1
f 880/608/1 882/613/1 232/600/1
f 880/608/1 881/610/1 882/613/1
f 881/610/1 231/611/1 882/613/1
f 438/609/1 648/602/1 50/1044/1
f 438/609/1 880/608/1 648/602/1
f 880/608/1 232/600/1 648/602/1
f 879/606/1 578/1047/1 162/1048/1
f 879/606/1 292/605/1 578/1047/1
f 292/605/1 4/1049/1 578/1047/1
f 877/601/1 879/606/1 162/1048/1
f 877/601/1 878/603/1 879/606/1
f 878/603/1 84/604/1 879/606/1
f 648/602/1 370/1050/1 50/1044/1
f 648/602/1 877/601/1 370/1050/1
f 877/601/1 162/1048/1 370/1050/1
f 876/599/1 389/139/1 181/614/1
f 876/599/1 441/592/1 389/139/1
f 441/592/1 69/137/1 389/139/1
f 874/597/1 876/599/1 181/614/1
f 874/597/1 875/598/1 876/599/1
f 875/598/1 233/590/1 876/599/1
f 331/569/1 597/616/1 18/1046/1
f 331/569/1 874/597/1 597/616/1
f 874/597/1 181/614/1 597/616/1
f 873/596/1 443/150/1 235/583/1
f 873/596/1 442/595/1 443/150/1
f 442/595/1 68/148/1 443/150/1
f 871/591/1 873/596/1 235/583/1
f 871/591/1 872/593/1 873/596/1
f 872/593/1 234/594/1 873/596/1
f 441/592/1 651/585/1 69/137/1
f 441/592/1 871/591/1 651/585/1
f 871/591/1 235/583/1 651/585/1
f 870/589/1 333/42/1 125/905/1
f 870/589/1 332/588/1 333/42/1
f 332/588/1 12/40/1 333/42/1
f 868/584/1 870/589/1 125/905/1
f 868/584/1 869/586/1 870/589/1
f 869/586/1 124/587/1 870/589/1
f 651/585/1 541/907/1 69/137/1
f 651/585/1 868/584/1 541/907/1
f 868/584/1 125/905/1 541/907/1
f 867/582/1 506/1051/1 90/1052/1
f 867/582/1 444/573/1 506/1051/1
f 444/573/1 34/1053/1 506/1051/1
f 865/579/1 867/582/1 90/1052/1
f 865/579/1 866/581/1 867/582/1
f 866/581/1 236/571/1 867/582/1
f 582/580/1 298/1054/1 8/1032/1
f 582/580/1 865/579/1 298/1054/1
f 865/579/1 90/1052/1 298/1054/1
f 864/577/1 446/155/1 238/564/1
f 864/577/1 445/576/1 446/155/1
f 445/576/1 67/144/1 446/155/1
f 862/572/1 864/577/1 238/564/1
f 862/572/1 863/574/1 864/577/1
f 863/574/1 237/575/1 864/577/1
f 444/573/1 654/566/1 34/1053/1
f 444/573/1 862/572/1 654/566/1
f 862/572/1 238/564/1 654/566/1
f 861/570/1 562/1055/1 146/1056/1
f 861/570/1 331/569/1 562/1055/1
f 331/569/1 18/1046/1 562/1055/1
f 859/565/1 861/570/1 146/1056/1
f 859/565/1 860/567/1 861/570/1
f 860/567/1 123/568/1 861/570/1
f 654/566/1 354/1057/1 34/1053/1
f 654/566/1 859/565/1 354/1057/1
f 859/565/1 146/1056/1 354/1057/1
f 858/563/1 514/1058/1 98/1059/1
f 858/563/1 447/554/1 514/1058/1
f 447/554/1 42/1060/1 514/1058/1
f 856/560/1 858/563/1 98/1059/1
f 856/560/1 857/562/1 858/563/1
f 857/562/1 239/552/1 858/563/1
f 594/561/1 306/1061/1 10/1062/1
f 594/561/1 856/560/1 306/1061/1
f 856/560/1 98/1059/1 306/1061/1
f 855/558/1 449/162/1 241/547/1
f 855/558/1 448/557/1 449/162/1
f 448/557/1 39/160/1 449/162/1
f 853/553/1 855/558/1 241/547/1
f 853/553/1 854/555/1 855/558/1
f 854/555/1 240/556/1 855/558/1
f 447/554/1 657/549/1 42/1060/1
f 447/554/1 853/553/1 657/549/1
f 853/553/1 241/547/1 657/549/1
f 852/551/1 570/1063/1 154/1064/1
f 852/551/1 303/472/1 570/1063/1
f 303/472/1 5/1065/1 570/1063/1
f 850/548/1 852/551/1 154/1064/1
f 850/548/1 851/550/1 852/551/1
f 851/550/1 95/470/1 852/551/1
f 657/549/1 362/1066/1 42/1060/1
f 657/549/1 850/548/1 362/1066/1
f 850/548/1 154/1064/1 362/1066/1
f 849/546/1 386/158/1 178/559/1
f 849/546/1 450/539/1 386/158/1
f 450/539/1 66/156/1 386/158/1
f 847/544/1 849/546/1 178/559/1
f 847/544/1 848/545/1 849/546/1
f 848/545/1 242/537/1 849/546/1
f 328/516/1 594/561/1 10/1062/1
f 328/516/1 847/544/1 594/561/1
f 847/544/1 178/559/1 594/561/1
f 846/543/1 452/169/1 244/530/1
f 846/543/1 451/542/1 452/169/1
f 451/542/1 65/167/1 452/169/1
f 844/538/1 846/543/1 244/530/1
f 844/538/1 845/540/1 846/543/1
f 845/540/1 243/541/1 846/543/1
f 450/539/1 660/532/1 66/156/1
f 450/539/1 844/538/1 660/532/1
f 844/538/1 244/530/1 660/532/1
f 843/536/1 330/35/1 122/924/1
f 843/536/1 329/535/1 330/35/1
f 329/535/1 23/24/1 330/35/1
f 841/531/1 843/536/1 122/924/1
f 841/531/1 842/533/1 843/536/1
f 842/533/1 121/534/1 843/536/1
f 660/532/1 538/926/1 66/156/1
f 660/532/1 841/531/1 538/926/1
f 841/531/1 122/924/1 538/926/1
f 840/529/1 498/1067/1 82/1068/1
f 840/529/1 453/520/1 498/1067/1
f 453/520/1 26/1069/1 498/1067/1
f 838/526/1 840/529/1 82/1068/1
f 838/526/1 839/528/1 840/529/1
f 839/528/1 245/518/1 840/529/1
f 576/527/1 290/1070/1 1/1071/1
f 576/527/1 838/526/1 290/1070/1
f 838/526/1 82/1068/1 290/1070/1
f 837/524/1 455/174/1 247/511/1
f 837/524/1 454/523/1 455/174/1
f 454/523/1 64/163/1 455/174/1
f 835/519/1 837/524/1 247/511/1
f 835/519/1 836/521/1 837/524/1
f 836/521/1 246/522/1 837/524/1
f 453/520/1 663/513/1 26/1069/1
f 453/520/1 835/519/1 663/513/1
f 835/519/1 247/511/1 663/513/1
f 834/517/1 554/1072/1 138/1073/1
f 834/517/1 328/516/1 554/1072/1
f 328/516/1 10/1062/1 554/1072/1
f 832/512/1 834/517/1 138/1073/1
f 832/512/1 833/514/1 834/517/1
f 833/514/1 120/515/1 834/517/1
f 663/513/1 346/1074/1 26/1069/1
f 663/513/1 832/512/1 346/1074/1
f 832/512/1 138/1073/1 346/1074/1
f 831/510/1 361/211/1 153/396/1
f 831/510/1 456/501/1 361/211/1
f 456/501/1 41/209/1 361/211/1
f 829/507/1 831/510/1 153/396/1
f 829/507/1 830/509/1 831/510/1
f 830/509/1 248/499/1 831/510/1
f 591/508/1 569/398/1 25/17/1
f 591/508/1 829/507/1 569/398/1
f 829/507/1 153/396/1 569/398/1
f 828/505/1 458/181/1 250/492/1
f 828/505/1 457/504/1 458/181/1
f 457/504/1 40/179/1 458/181/1
f 826/500/1 828/505/1 250/492/1
f 826/500/1 827/502/1 828/505/1
f 827/502/1 249/503/1 828/505/1
f 456/501/1 666/494/1 41/209/1
f 456/501/1 826/500/1 666/494/1
f 826/500/1 250/492/1 666/494/1
f 825/498/1 305/16/1 97/977/1
f 825/498/1 304/497/1 305/16/1
f 304/497/1 9/5/1 305/16/1
f 823/493/1 825/498/1 97/977/1
f 823/493/1 824/495/1 825/498/1
f 824/495/1 96/496/1 825/498/1
f 666/494/1 513/979/1 41/209/1
f 666/494/1 823/493/1 513/979/1
f 823/493/1 97/977/1 513/979/1
f 822/491/1 383/177/1 175/506/1
f 822/491/1 459/484/1 383/177/1
f 459/484/1 63/175/1 383/177/1
f 820/489/1 822/491/1 175/506/1
f 820/489/1 821/490/1 822/491/1
f 821/490/1 251/482/1 822/491/1
f 325/461/1 591/508/1 25/17/1
f 325/461/1 820/489/1 591/508/1
f 820/489/1 175/506/1 591/508/1
f 819/488/1 461/188/1 253/475/1
f 819/488/1 460/487/1 461/188/1
f 460/487/1 62/186/1 461/188/1
f 817/483/1 819/488/1 253/475/1
f 817/483/1 818/485/1 819/488/1
f 818/485/1 252/486/1 819/488/1
f 459/484/1 669/477/1 63/175/1
f 459/484/1 817/483/1 669/477/1
f 817/483/1 253/475/1 669/477/1
f 816/481/1 327/30/1 119/943/1
f 816/481/1 326/480/1 327/30/1
f 326/480/1 24/28/1 327/30/1
f 814/476/1 816/481/1 119/943/1
f 814/476/1 815/478/1 816/481/1
f 815/478/1 118/479/1 816/481/1
f 669/477/1 535/945/1 63/175/1
f 669/477/1 814/476/1 535/945/1
f 814/476/1 119/943/1 535/945/1
f 813/474/1 377/206/1 169/415/1
f 813/474/1 462/465/1 377/206/1
f 462/465/1 57/204/1 377/206/1
f 811/471/1 813/474/1 169/415/1
f 811/471/1 812/473/1 813/474/1
f 812/473/1 254/463/1 813/474/1
f 303/472/1 585/417/1 5/1065/1
f 303/472/1 811/471/1 585/417/1
f 811/471/1 169/415/1 585/417/1
f 810/469/1 464/191/1 256/456/1
f 810/469/1 463/468/1 464/191/1
f 463/468/1 61/182/1 464/191/1
f 808/464/1 810/469/1 256/456/1
f 808/464/1 809/466/1 810/469/1
f 809/466/1 255/467/1 810/469/1
f 462/465/1 672/458/1 57/204/1
f 462/465/1 808/464/1 672/458/1
f 808/464/1 256/456/1 672/458/1
f 807/462/1 321/19/1 113/972/1
f 807/462/1 325/461/1 321/19/1
f 325/461/1 25/17/1 321/19/1
f 805/457/1 807/462/1 113/972/1
f 805/457/1 806/459/1 807/462/1
f 806/459/1 117/460/1 807/462/1
f 672/458/1 529/974/1 57/204/1
f 672/458/1 805/457/1 529/974/1
f 805/457/1 113/972/1 529/974/1
f 804/455/1 519/1075/1 103/1076/1
f 804/455/1 465/446/1 519/1075/1
f 465/446/1 47/1077/1 519/1075/1
f 802/452/1 804/455/1 103/1076/1
f 802/452/1 803/454/1 804/455/1
f 803/454/1 257/444/1 804/455/1
f 588/453/1 311/1078/1 15/1079/1
f 588/453/1 802/452/1 311/1078/1
f 802/452/1 103/1076/1 311/1078/1
f 801/450/1 467/196/1 259/437/1
f 801/450/1 466/449/1 467/196/1
f 466/449/1 51/115/1 467/196/1
f 799/445/1 801/450/1 259/437/1
f 799/445/1 800/447/1 801/450/1
f 800/447/1 258/448/1 801/450/1
f 465/446/1 675/439/1 47/1077/1
f 465/446/1 799/445/1 675/439/1
f 799/445/1 259/437/1 675/439/1
f 798/443/1 575/1080/1 159/1081/1
f 798/443/1 579/442/1 575/1080/1
f 579/442/1 3/1038/1 575/1080/1
f 796/438/1 798/443/1 159/1081/1
f 796/438/1 797/440/1 798/443/1
f 797/440/1 163/441/1 798/443/1
f 675/439/1 367/1082/1 47/1077/1
f 675/439/1 796/438/1 367/1082/1
f 796/438/1 159/1081/1 367/1082/1
f 795/436/1 380/194/1 172/451/1
f 795/436/1 468/429/1 380/194/1
f 468/429/1 60/192/1 380/194/1
f 793/434/1 795/436/1 172/451/1
f 793/434/1 794/435/1 795/436/1
f 794/435/1 260/427/1 795/436/1
f 322/406/1 588/453/1 15/1079/1
f 322/406/1 793/434/1 588/453/1
f 793/434/1 172/451/1 588/453/1
f 792/433/1 470/203/1 262/420/1
f 792/433/1 469/432/1 470/203/1
f 469/432/1 59/201/1 470/203/1
f 790/428/1 792/433/1 262/420/1
f 790/428/1 791/430/1 792/433/1
f 791/430/1 261/431/1 792/433/1
f 468/429/1 678/422/1 60/192/1
f 468/429/1 790/428/1 678/422/1
f 790/428/1 262/420/1 678/422/1
f 789/426/1 324/23/1 116/960/1
f 789/426/1 323/425/1 324/23/1
f 323/425/1 19/21/1 324/23/1
f 787/421/1 789/426/1 116/960/1
f 787/421/1 788/423/1 789/426/1
f 788/423/1 115/424/1 789/426/1
f 678/422/1 532/962/1 60/192/1
f 678/422/1 787/421/1 532/962/1
f 787/421/1 116/960/1 532/962/1
f 786/419/1 503/1083/1 87/1084/1
f 786/419/1 471/410/1 503/1083/1
f 471/410/1 31/1085/1 503/1083/1
f 784/416/1 786/419/1 87/1084/1
f 784/416/1 785/418/1 786/419/1
f 785/418/1 263/408/1 786/419/1
f 585/417/1 295/1086/1 5/1065/1
f 585/417/1 784/416/1 295/1086/1
f 784/416/1 87/1084/1 295/1086/1
f 783/414/1 473/208/1 265/401/1
f 783/414/1 472/413/1 473/208/1
f 472/413/1 58/197/1 473/208/1
f 781/409/1 783/414/1 265/401/1
f 781/409/1 782/411/1 783/414/1
f 782/411/1 264/412/1 783/414/1
f 471/410/1 681/403/1 31/1085/1
f 471/410/1 781/409/1 681/403/1
f 781/409/1 265/401/1 681/403/1
f 780/407/1 559/1087/1 143/1088/1
f 780/407/1 322/406/1 559/1087/1
f 322/406/1 15/1079/1 559/1087/1
f 778/402/1 780/407/1 143/1088/1
f 778/402/1 779/404/1 780/407/1
f 779/404/1 114/405/1 780/407/1
f 681/403/1 351/1089/1 31/1085/1
f 681/403/1 778/402/1 351/1089/1
f 778/402/1 143/1088/1 351/1089/1
f 777/400/1 379/970/1 171/969/1
f 777/400/1 474/391/1 379/970/1
f 474/391/1 59/201/1 379/970/1
f 775/397/1 777/400/1 171/969/1
f 775/397/1 776/399/1 777/400/1
f 776/399/1 266/389/1 777/400/1
f 569/398/1 587/20/1 25/17/1
f 569/398/1 775/397/1 587/20/1
f 775/397/1 171/969/1 587/20/1
f 774/395/1 476/215/1 268/384/1
f 774/395/1 475/394/1 476/215/1
f 475/394/1 35/213/1 476/215/1
f 772/390/1 774/395/1 268/384/1
f 772/390/1 773/392/1 774/395/1
f 773/392/1 267/393/1 774/395/1
f 474/391/1 684/386/1 59/201/1
f 474/391/1 772/390/1 684/386/1
f 772/390/1 268/384/1 684/386/1
f 771/388/1 323/425/1 115/424/1
f 771/388/1 563/309/1 323/425/1
f 563/309/1 19/21/1 323/425/1
f 769/385/1 771/388/1 115/424/1
f 769/385/1 770/387/1 771/388/1
f 770/387/1 147/307/1 771/388/1
f 684/386/1 531/202/1 59/201/1
f 684/386/1 769/385/1 531/202/1
f 769/385/1 115/424/1 531/202/1
f 768/383/1 382/955/1 174/954/1
f 768/383/1 477/376/1 382/955/1
f 477/376/1 62/186/1 382/955/1
f 766/381/1 768/383/1 174/954/1
f 766/381/1 767/382/1 768/383/1
f 767/382/1 269/374/1 768/383/1
f 319/353/1 590/27/1 23/24/1
f 319/353/1 766/381/1 590/27/1
f 766/381/1 174/954/1 590/27/1
f 765/380/1 479/222/1 271/367/1
f 765/380/1 478/379/1 479/222/1
f 478/379/1 56/220/1 479/222/1
f 763/375/1 765/380/1 271/367/1
f 763/375/1 764/377/1 765/380/1
f 764/377/1 270/378/1 765/380/1
f 477/376/1 687/369/1 62/186/1
f 477/376/1 763/375/1 687/369/1
f 763/375/1 271/367/1 687/369/1
f 762/373/1 326/480/1 118/479/1
f 762/373/1 320/372/1 326/480/1
f 320/372/1 24/28/1 326/480/1
f 760/368/1 762/373/1 118/479/1
f 760/368/1 761/370/1 762/373/1
f 761/370/1 112/371/1 762/373/1
f 687/369/1 534/187/1 62/186/1
f 687/369/1 760/368/1 534/187/1
f 760/368/1 118/479/1 534/187/1
f 759/366/1 385/936/1 177/935/1
f 759/366/1 480/357/1 385/936/1
f 480/357/1 65/167/1 385/936/1
f 757/363/1 759/366/1 177/935/1
f 757/363/1 758/365/1 759/366/1
f 758/365/1 272/355/1 759/366/1
f 560/364/1 593/34/1 16/31/1
f 560/364/1 757/363/1 593/34/1
f 757/363/1 177/935/1 593/34/1
f 756/361/1 482/227/1 274/348/1
f 756/361/1 481/360/1 482/227/1
f 481/360/1 55/216/1 482/227/1
f 754/356/1 756/361/1 274/348/1
f 754/356/1 755/358/1 756/361/1
f 755/358/1 273/359/1 756/361/1
f 480/357/1 690/350/1 65/167/1
f 480/357/1 754/356/1 690/350/1
f 754/356/1 274/348/1 690/350/1
f 753/354/1 329/535/1 121/534/1
f 753/354/1 319/353/1 329/535/1
f 319/353/1 23/24/1 329/535/1
f 751/349/1 753/354/1 121/534/1
f 751/349/1 752/351/1 753/354/1
f 752/351/1 111/352/1 753/354/1
f 690/350/1 537/168/1 65/167/1
f 690/350/1 751/349/1 537/168/1
f 751/349/1 121/534/1 537/168/1
f 750/347/1 388/917/1 180/916/1
f 750/347/1 483/338/1 388/917/1
f 483/338/1 68/148/1 388/917/1
f 748/344/1 750/347/1 180/916/1
f 748/344/1 749/346/1 750/347/1
f 749/346/1 275/336/1 750/347/1
f 566/345/1 596/39/1 22/36/1
f 566/345/1 748/344/1 596/39/1
f 748/344/1 180/916/1 596/39/1
f 747/342/1 485/234/1 277/329/1
f 747/342/1 484/341/1 485/234/1
f 484/341/1 44/232/1 485/234/1
f 745/337/1 747/342/1 277/329/1
f 745/337/1 746/339/1 747/342/1
f 746/339/1 276/340/1 747/342/1
f 483/338/1 693/331/1 68/148/1
f 483/338/1 745/337/1 693/331/1
f 745/337/1 277/329/1 693/331/1
f 744/335/1 332/588/1 124/587/1
f 744/335/1 308/334/1 332/588/1
f 308/334/1 12/40/1 332/588/1
f 742/330/1 744/335/1 124/587/1
f 742/330/1 743/332/1 744/335/1
f 743/332/1 100/333/1 744/335/1
f 693/331/1 540/149/1 68/148/1
f 693/331/1 742/330/1 540/149/1
f 742/330/1 124/587/1 540/149/1
f 741/328/1 391/900/1 183/899/1
f 741/328/1 486/321/1 391/900/1
f 486/321/1 71/131/1 391/900/1
f 739/326/1 741/328/1 183/899/1
f 739/326/1 740/327/1 741/328/1
f 740/327/1 278/319/1 741/328/1
f 316/298/1 599/46/1 20/43/1
f 316/298/1 739/326/1 599/46/1
f 739/326/1 183/899/1 599/46/1
f 738/325/1 488/241/1 280/312/1
f 738/325/1 487/324/1 488/241/1
f 487/324/1 53/239/1 488/241/1
f 736/320/1 738/325/1 280/312/1
f 736/320/1 737/322/1 738/325/1
f 737/322/1 279/323/1 738/325/1
f 486/321/1 696/314/1 71/131/1
f 486/321/1 736/320/1 696/314/1
f 736/320/1 280/312/1 696/314/1
f 735/318/1 335/643/1 127/642/1
f 735/318/1 317/317/1 335/643/1
f 317/317/1 21/47/1 335/643/1
f 733/313/1 735/318/1 127/642/1
f 733/313/1 734/315/1 735/318/1
f 734/315/1 109/316/1 735/318/1
f 696/314/1 543/132/1 71/131/1
f 696/314/1 733/313/1 543/132/1
f 733/313/1 127/642/1 543/132/1
f 732/311/1 394/881/1 186/880/1
f 732/311/1 489/302/1 394/881/1
f 489/302/1 74/112/1 394/881/1
f 730/308/1 732/311/1 186/880/1
f 730/308/1 731/310/1 732/311/1
f 731/310/1 281/300/1 732/311/1
f 563/309/1 602/51/1 19/21/1
f 563/309/1 730/308/1 602/51/1
f 730/308/1 186/880/1 602/51/1
f 729/306/1 491/244/1 283/293/1
f 729/306/1 490/305/1 491/244/1
f 490/305/1 52/235/1 491/244/1
f 727/301/1 729/306/1 283/293/1
f 727/301/1 728/303/1 729/306/1
f 728/303/1 282/304/1 729/306/1
f 489/302/1 699/295/1 74/112/1
f 489/302/1 727/301/1 699/295/1
f 727/301/1 283/293/1 699/295/1
f 726/299/1 338/696/1 130/695/1
f 726/299/1 316/298/1 338/696/1
f 316/298/1 20/43/1 338/696/1
f 724/294/1 726/299/1 130/695/1
f 724/294/1 725/296/1 726/299/1
f 725/296/1 108/297/1 726/299/1
f 699/295/1 546/113/1 74/112/1
f 699/295/1 724/294/1 546/113/1
f 724/294/1 130/695/1 546/113/1
f 723/292/1 397/864/1 189/863/1
f 723/292/1 492/285/1 397/864/1
f 492/285/1 77/95/1 397/864/1
f 721/290/1 723/292/1 189/863/1
f 721/290/1 722/291/1 723/292/1
f 722/291/1 284/283/1 723/292/1
f 558/262/1 605/56/1 14/53/1
f 558/262/1 721/290/1 605/56/1
f 721/290/1 189/863/1 605/56/1
f 720/289/1 494/251/1 286/276/1
f 720/289/1 493/288/1 494/251/1
f 493/288/1 49/249/1 494/251/1
f 718/284/1 720/289/1 286/276/1
f 718/284/1 719/286/1 720/289/1
f 719/286/1 285/287/1 720/289/1
f 492/285/1 702/278/1 77/95/1
f 492/285/1 718/284/1 702/278/1
f 718/284/1 286/276/1 702/278/1
f 717/282/1 341/749/1 133/748/1
f 717/282/1 313/281/1 341/749/1
f 313/281/1 17/57/1 341/749/1
f 715/277/1 717/282/1 133/748/1
f 715/277/1 716/279/1 717/282/1
f 716/279/1 105/280/1 717/282/1
f 702/278/1 549/96/1 77/95/1
f 702/278/1 715/277/1 549/96/1
f 715/277/1 133/748/1 549/96/1
f 714/275/1 400/845/1 192/844/1
f 714/275/1 495/266/1 400/845/1
f 495/266/1 80/76/1 400/845/1
f 712/272/1 714/275/1 192/844/1
f 712/272/1 713/274/1 714/275/1
f 713/274/1 287/264/1 714/275/1
f 555/273/1 608/63/1 11/60/1
f 555/273/1 712/272/1 608/63/1
f 712/272/1 192/844/1 608/63/1
f 711/270/1 497/256/1 289/257/1
f 711/270/1 496/269/1 497/256/1
f 496/269/1 30/245/1 497/256/1
f 709/265/1 711/270/1 289/257/1
f 709/265/1 710/267/1 711/270/1
f 710/267/1 288/268/1 711/270/1
f 495/266/1 705/259/1 80/76/1
f 495/266/1 709/265/1 705/259/1
f 709/265/1 289/257/1 705/259/1
f 708/263/1 344/804/1 136/803/1
f 708/263/1 558/262/1 344/804/1
f 558/262/1 14/53/1 344/804/1
f 706/258/1 708/263/1 136/803/1
f 706/258/1 707/260/1 708/263/1
f 707/260/1 142/261/1 708/263/1
f 705/259/1 552/77/1 80/76/1
f 705/259/1 706/258/1 552/77/1
f 706/258/1 136/803/1 552/77/1
f 497/256/1 707/260/1 289/257/1
f 497/256/1 350/247/1 707/260/1
f 350/247/1 142/261/1 707/260/1
f 703/253/1 710/267/1 287/264/1
f 703/253/1 704/255/1 710/267/1
f 704/255/1 288/268/1 710/267/1
f 347/254/1 713/274/1 139/271/1
f 347/254/1 703/253/1 713/274/1
f 703/253/1 287/264/1 713/274/1
f 494/251/1 716/279/1 286/276/1
f 494/251/1 521/250/1 716/279/1
f 521/250/1 105/280/1 716/279/1
f 700/246/1 719/286/1 284/283/1
f 700/246/1 701/248/1 719/286/1
f 701/248/1 285/287/1 719/286/1
f 350/247/1 722/291/1 142/261/1
f 350/247/1 700/246/1 722/291/1
f 700/246/1 284/283/1 722/291/1
f 491/244/1 725/296/1 283/293/1
f 491/244/1 524/237/1 725/296/1
f 524/237/1 108/297/1 725/296/1
f 697/242/1 728/303/1 281/300/1
f 697/242/1 698/243/1 728/303/1
f 698/243/1 282/304/1 728/303/1
f 355/214/1 731/310/1 147/307/1
f 355/214/1 697/242/1 731/310/1
f 697/242/1 281/300/1 731/310/1
f 488/241/1 734/315/1 280/312/1
f 488/241/1 525/240/1 734/315/1
f 525/240/1 109/316/1 734/315/1
f 694/236/1 737/322/1 278/319/1
f 694/236/1 695/238/1 737/322/1
f 695/238/1 279/323/1 737/322/1
f 524/237/1 740/327/1 108/297/1
f 524/237/1 694/236/1 740/327/1
f 694/236/1 278/319/1 740/327/1
f 485/234/1 743/332/1 277/329/1
f 485/234/1 516/233/1 743/332/1
f 516/233/1 100/333/1 743/332/1
f 691/229/1 746/339/1 275/336/1
f 691/229/1 692/231/1 746/339/1
f 692/231/1 276/340/1 746/339/1
f 358/230/1 749/346/1 150/343/1
f 358/230/1 691/229/1 749/346/1
f 691/229/1 275/336/1 749/346/1
f 482/227/1 752/351/1 274/348/1
f 482/227/1 527/218/1 752/351/1
f 527/218/1 111/352/1 752/351/1
f 688/224/1 755/358/1 272/355/1
f 688/224/1 689/226/1 755/358/1
f 689/226/1 273/359/1 755/358/1
f 352/225/1 758/365/1 144/362/1
f 352/225/1 688/224/1 758/365/1
f 688/224/1 272/355/1 758/365/1
f 479/222/1 761/370/1 271/367/1
f 479/222/1 528/221/1 761/370/1
f 528/221/1 112/371/1 761/370/1
f 685/217/1 764/377/1 269/374/1
f 685/217/1 686/219/1 764/377/1
f 686/219/1 270/378/1 764/377/1
f 527/218/1 767/382/1 111/352/1
f 527/218/1 685/217/1 767/382/1
f 685/217/1 269/374/1 767/382/1
f 476/215/1 770/387/1 268/384/1
f 476/215/1 355/214/1 770/387/1
f 355/214/1 147/307/1 770/387/1
f 682/210/1 773/392/1 266/389/1
f 682/210/1 683/212/1 773/392/1
f 683/212/1 267/393/1 773/392/1
f 361/211/1 776/399/1 153/396/1
f 361/211/1 682/210/1 776/399/1
f 682/210/1 266/389/1 776/399/1
f 473/208/1 779/404/1 265/401/1
f 473/208/1 530/199/1 779/404/1
f 530/199/1 114/405/1 779/404/1
f 679/205/1 782/411/1 263/408/1
f 679/205/1 680/207/1 782/411/1
f 680/207/1 264/412/1 782/411/1
f 377/206/1 785/418/1 169/415/1
f 377/206/1 679/205/1 785/418/1
f 679/205/1 263/408/1 785/418/1
f 470/203/1 788/423/1 262/420/1
f 470/203/1 531/202/1 788/423/1
f 531/202/1 115/424/1 788/423/1
f 676/198/1 791/430/1 260/427/1
f 676/198/1 677/200/1 791/430/1
f 677/200/1 261/431/1 791/430/1
f 530/199/1 794/435/1 114/405/1
f 530/199/1 676/198/1 794/435/1
f 676/198/1 260/427/1 794/435/1
f 467/196/1 797/440/1 259/437/1
f 467/196/1 371/117/1 797/440/1
f 371/117/1 163/441/1 797/440/1
f 673/193/1 800/447/1 257/444/1
f 673/193/1 674/195/1 800/447/1
f 674/195/1 258/448/1 800/447/1
f 380/194/1 803/454/1 172/451/1
f 380/194/1 673/193/1 803/454/1
f 673/193/1 257/444/1 803/454/1
f 464/191/1 806/459/1 256/456/1
f 464/191/1 533/184/1 806/459/1
f 533/184/1 117/460/1 806/459/1
f 670/189/1 809/466/1 254/463/1
f 670/189/1 671/190/1 809/466/1
f 671/190/1 255/467/1 809/466/1
f 511/161/1 812/473/1 95/470/1
f 511/161/1 670/189/1 812/473/1
f 670/189/1 254/463/1 812/473/1
f 461/188/1 815/478/1 253/475/1
f 461/188/1 534/187/1 815/478/1
f 534/187/1 118/479/1 815/478/1
f 667/183/1 818/485/1 251/482/1
f 667/183/1 668/185/1 818/485/1
f 668/185/1 252/486/1 818/485/1
f 533/184/1 821/490/1 117/460/1
f 533/184/1 667/183/1 821/490/1
f 667/183/1 251/482/1 821/490/1
f 458/181/1 824/495/1 250/492/1
f 458/181/1 512/180/1 824/495/1
f 512/180/1 96/496/1 824/495/1
f 664/176/1 827/502/1 248/499/1
f 664/176/1 665/178/1 827/502/1
f 665/178/1 249/503/1 827/502/1
f 383/177/1 830/509/1 175/506/1
f 383/177/1 664/176/1 830/509/1
f 664/176/1 248/499/1 830/509/1
f 455/174/1 833/514/1 247/511/1
f 455/174/1 536/165/1 833/514/1
f 536/165/1 120/515/1 833/514/1
f 661/171/1 836/521/1 245/518/1
f 661/171/1 662/173/1 836/521/1
f 662/173/1 246/522/1 836/521/1
f 368/172/1 839/528/1 160/525/1
f 368/172/1 661/171/1 839/528/1
f 661/171/1 245/518/1 839/528/1
f 452/169/1 842/533/1 244/530/1
f 452/169/1 537/168/1 842/533/1
f 537/168/1 121/534/1 842/533/1
f 658/164/1 845/540/1 242/537/1
f 658/164/1 659/166/1 845/540/1
f 659/166/1 243/541/1 845/540/1
f 536/165/1 848/545/1 120/515/1
f 536/165/1 658/164/1 848/545/1
f 658/164/1 242/537/1 848/545/1
f 449/162/1 851/550/1 241/547/1
f 449/162/1 511/161/1 851/550/1
f 511/161/1 95/470/1 851/550/1
f 655/157/1 854/555/1 239/552/1
f 655/157/1 656/159/1 854/555/1
f 656/159/1 240/556/1 854/555/1
f 386/158/1 857/562/1 178/559/1
f 386/158/1 655/157/1 857/562/1
f 655/157/1 239/552/1 857/562/1
f 446/155/1 860/567/1 238/564/1
f 446/155/1 539/146/1 860/567/1
f 539/146/1 123/568/1 860/567/1
f 652/152/1 863/574/1 236/571/1
f 652/152/1 653/154/1 863/574/1
f 653/154/1 237/575/1 863/574/1
f 374/153/1 866/581/1 166/578/1
f 374/153/1 652/152/1 866/581/1
f 652/152/1 236/571/1 866/581/1
f 443/150/1 869/586/1 235/583/1
f 443/150/1 540/149/1 869/586/1
f 540/149/1 124/587/1 869/586/1
f 649/145/1 872/593/1 233/590/1
f 649/145/1 650/147/1 872/593/1
f 650/147/1 234/594/1 872/593/1
f 539/146/1 875/598/1 123/568/1
f 539/146/1 649/145/1 875/598/1
f 649/145/1 233/590/1 875/598/1
f 440/143/1 878/603/1 232/600/1
f 440/143/1 500/142/1 878/603/1
f 500/142/1 84/604/1 878/603/1
f 646/138/1 881/610/1 230/607/1
f 646/138/1 647/140/1 881/610/1
f 647/140/1 231/611/1 881/610/1
f 389/139/1 884/617/1 181/614/1
f 389/139/1 646/138/1 884/617/1
f 646/138/1 230/607/1 884/617/1
f 437/136/1 887/622/1 229/619/1
f 437/136/1 542/129/1 887/622/1
f 542/129/1 126/623/1 887/622/1
f 643/134/1 890/629/1 227/626/1
f 643/134/1 644/135/1 890/629/1
f 644/135/1 228/630/1 890/629/1
f 508/106/1 893/636/1 92/633/1
f 508/106/1 643/134/1 893/636/1
f 643/134/1 227/626/1 893/636/1
f 434/133/1 896/641/1 226/638/1
f 434/133/1 543/132/1 896/641/1
f 543/132/1 127/642/1 896/641/1
f 640/128/1 899/648/1 224/645/1
f 640/128/1 641/130/1 899/648/1
f 641/130/1 225/649/1 899/648/1
f 542/129/1 902/653/1 126/623/1
f 542/129/1 640/128/1 902/653/1
f 640/128/1 224/645/1 902/653/1
f 431/126/1 905/658/1 223/655/1
f 431/126/1 509/125/1 905/658/1
f 509/125/1 93/659/1 905/658/1
f 637/121/1 908/665/1 221/662/1
f 637/121/1 638/123/1 908/665/1
f 638/123/1 222/666/1 908/665/1
f 392/122/1 911/672/1 184/669/1
f 392/122/1 637/121/1 911/672/1
f 637/121/1 221/662/1 911/672/1
f 428/119/1 914/677/1 220/674/1
f 428/119/1 545/110/1 914/677/1
f 545/110/1 129/678/1 914/677/1
f 634/116/1 917/684/1 218/681/1
f 634/116/1 635/118/1 917/684/1
f 635/118/1 219/685/1 917/684/1
f 371/117/1 920/689/1 163/441/1
f 371/117/1 634/116/1 920/689/1
f 634/116/1 218/681/1 920/689/1
f 425/114/1 923/694/1 217/691/1
f 425/114/1 546/113/1 923/694/1
f 546/113/1 130/695/1 923/694/1
f 631/109/1 926/701/1 215/698/1
f 631/109/1 632/111/1 926/701/1
f 632/111/1 216/702/1 926/701/1
f 545/110/1 929/706/1 129/678/1
f 545/110/1 631/109/1 929/706/1
f 631/109/1 215/698/1 929/706/1
f 422/107/1 932/711/1 214/708/1
f 422/107/1 508/106/1 932/711/1
f 508/106/1 92/633/1 932/711/1
f 628/102/1 935/716/1 212/713/1
f 628/102/1 629/104/1 935/716/1
f 629/104/1 213/717/1 935/716/1
f 395/103/1 938/723/1 187/720/1
f 395/103/1 628/102/1 938/723/1
f 628/102/1 212/713/1 938/723/1
f 419/100/1 941/728/1 211/725/1
f 419/100/1 548/93/1 941/728/1
f 548/93/1 132/729/1 941/728/1
f 625/98/1 944/735/1 209/732/1
f 625/98/1 626/99/1 944/735/1
f 626/99/1 210/736/1 944/735/1
f 366/70/1 947/742/1 158/739/1
f 366/70/1 625/98/1 947/742/1
f 625/98/1 209/732/1 947/742/1
f 416/97/1 950/747/1 208/744/1
f 416/97/1 549/96/1 950/747/1
f 549/96/1 133/748/1 950/747/1
f 622/92/1 953/754/1 206/751/1
f 622/92/1 623/94/1 953/754/1
f 623/94/1 207/755/1 953/754/1
f 548/93/1 956/759/1 132/729/1
f 548/93/1 622/92/1 956/759/1
f 622/92/1 206/751/1 956/759/1
f 413/90/1 959/764/1 205/761/1
f 413/90/1 505/89/1 959/764/1
f 505/89/1 89/765/1 959/764/1
f 619/85/1 962/771/1 203/768/1
f 619/85/1 620/87/1 962/771/1
f 620/87/1 204/772/1 962/771/1
f 398/86/1 965/778/1 190/775/1
f 398/86/1 619/85/1 965/778/1
f 619/85/1 203/768/1 965/778/1
f 410/83/1 968/783/1 202/780/1
f 410/83/1 551/74/1 968/783/1
f 551/74/1 135/784/1 968/783/1
f 616/80/1 971/790/1 200/787/1
f 616/80/1 617/82/1 971/790/1
f 617/82/1 201/791/1 971/790/1
f 363/81/1 974/797/1 155/794/1
f 363/81/1 616/80/1 974/797/1
f 616/80/1 200/787/1 974/797/1
f 407/78/1 977/802/1 199/799/1
f 407/78/1 552/77/1 977/802/1
f 552/77/1 136/803/1 977/802/1
f 613/73/1 980/809/1 197/806/1
f 613/73/1 614/75/1 980/809/1
f 614/75/1 198/810/1 980/809/1
f 551/74/1 983/814/1 135/784/1
f 551/74/1 613/73/1 983/814/1
f 613/73/1 197/806/1 983/814/1
f 404/71/1 986/819/1 196/816/1
f 404/71/1 366/70/1 986/819/1
f 366/70/1 158/739/1 986/819/1
f 610/66/1 989/824/1 194/821/1
f 610/66/1 611/68/1 989/824/1
f 611/68/1 195/825/1 989/824/1
f 401/67/1 992/831/1 193/828/1
f 401/67/1 610/66/1 992/831/1
f 610/66/1 194/821/1 992/831/1
f 345/64/1 995/836/1 137/833/1
f 345/64/1 310/55/1 995/836/1
f 310/55/1 102/837/1 995/836/1
f 607/61/1 998/843/1 191/840/1
f 607/61/1 608/63/1 998/843/1
f 608/63/1 192/844/1 998/843/1
f 307/62/1 1001/850/1 99/847/1
f 307/62/1 607/61/1 1001/850/1
f 607/61/1 191/840/1 1001/850/1
f 342/59/1 1004/855/1 134/852/1
f 342/59/1 561/58/1 1004/855/1
f 561/58/1 145/856/1 1004/855/1
f 604/54/1 1007/862/1 188/859/1
f 604/54/1 605/56/1 1007/862/1
f 605/56/1 189/863/1 1007/862/1
f 310/55/1 1010/867/1 102/837/1
f 310/55/1 604/54/1 1010/867/1
f 604/54/1 188/859/1 1010/867/1
f 339/52/1 1013/872/1 131/869/1
f 339/52/1 564/45/1 1013/872/1
f 564/45/1 148/873/1 1013/872/1
f 601/50/1 1016/879/1 185/876/1
f 601/50/1 602/51/1 1016/879/1
f 602/51/1 186/880/1 1016/879/1
f 315/22/1 1019/886/1 107/883/1
f 315/22/1 601/50/1 1019/886/1
f 601/50/1 185/876/1 1019/886/1
f 336/49/1 1022/891/1 128/888/1
f 336/49/1 565/48/1 1022/891/1
f 565/48/1 149/892/1 1022/891/1
f 598/44/1 1025/898/1 182/895/1
f 598/44/1 599/46/1 1025/898/1
f 599/46/1 183/899/1 1025/898/1
f 564/45/1 1028/903/1 148/873/1
f 564/45/1 598/44/1 1028/903/1
f 598/44/1 182/895/1 1028/903/1
f 333/42/1 1031/908/1 125/905/1
f 333/42/1 556/41/1 1031/908/1
f 556/41/1 140/909/1 1031/908/1
f 595/37/1 1034/915/1 179/912/1
f 595/37/1 596/39/1 1034/915/1
f 596/39/1 180/916/1 1034/915/1
f 318/38/1 1037/922/1 110/919/1
f 318/38/1 595/37/1 1037/922/1
f 595/37/1 179/912/1 1037/922/1
f 330/35/1 1040/927/1 122/924/1
f 330/35/1 567/26/1 1040/927/1
f 567/26/1 151/928/1 1040/927/1
f 592/32/1 1043/934/1 176/931/1
f 592/32/1 593/34/1 1043/934/1
f 593/34/1 177/935/1 1043/934/1
f 312/33/1 1046/941/1 104/938/1
f 312/33/1 592/32/1 1046/941/1
f 592/32/1 176/931/1 1046/941/1
f 327/30/1 1049/946/1 119/943/1
f 327/30/1 568/29/1 1049/946/1
f 568/29/1 152/947/1 1049/946/1
f 589/25/1 1052/953/1 173/950/1
f 589/25/1 590/27/1 1052/953/1
f 590/27/1 174/954/1 1052/953/1
f 567/26/1 1055/958/1 151/928/1
f 567/26/1 589/25/1 1055/958/1
f 589/25/1 173/950/1 1055/958/1
f 324/23/1 1058/963/1 116/960/1
f 324/23/1 315/22/1 1058/963/1
f 315/22/1 107/883/1 1058/963/1
f 586/18/1 1061/968/1 170/965/1
f 586/18/1 587/20/1 1061/968/1
f 587/20/1 171/969/1 1061/968/1
f 321/19/1 1064/975/1 113/972/1
f 321/19/1 586/18/1 1064/975/1
f 586/18/1 170/965/1 1064/975/1
f 305/16/1 1067/980/1 97/977/1
f 305/16/1 299/7/1 1067/980/1
f 299/7/1 91/981/1 1067/980/1
f 583/13/1 1070/987/1 167/984/1
f 583/13/1 584/15/1 1070/987/1
f 584/15/1 168/988/1 1070/987/1
f 296/14/1 1073/994/1 88/991/1
f 296/14/1 583/13/1 1073/994/1
f 583/13/1 167/984/1 1073/994/1
f 302/11/1 1076/999/1 94/996/1
f 302/11/1 572/10/1 1076/999/1
f 572/10/1 156/1000/1 1076/999/1
f 580/6/1 1079/1006/1 164/1003/1
f 580/6/1 581/8/1 1079/1006/1
f 581/8/1 165/1007/1 1079/1006/1
f 299/7/1 1082/1011/1 91/981/1
f 299/7/1 580/6/1 1082/1011/1
f 580/6/1 164/1003/1 1082/1011/1
f 294/2/1 1085/1016/1 86/1013/1
f 294/2/1 577/4/1 1085/1016/1
f 577/4/1 161/1017/1 1085/1016/1
f 291/3/1 1088/1023/1 83/1020/1
f 291/3/1 294/2/1 1088/1023/1
f 294/2/1 86/1013/1 1088/1023/1
o Crate_Plane.005
v 0.410466 -7.547731 0.087464
v 0.410466 -6.780466 0.854729
v 0.410466 -6.838274 0.912536
v 0.410466 -7.605538 0.145271
v 0.410466 -7.197165 0.438030
v 0.410466 -7.131032 0.504163
v 0.410466 -7.188839 0.561970
v 0.410466 -7.254972 0.495837
v 0.410465 -7.607898 0.848763
v 0.410465 -7.541765 0.914895
v 0.410466 -6.844239 0.085105
v 0.410466 -6.778107 0.151237
v 0.487295 -7.557838 0.097571
v 0.479810 -7.547731 0.087464
v 0.486292 -7.552785 0.092518
v 0.483553 -7.549085 0.088818
v 0.479810 -6.780466 0.854729
v 0.487295 -6.790574 0.864836
v 0.483553 -6.781820 0.856083
v 0.486293 -6.785520 0.859783
v 0.487295 -6.828166 0.902429
v 0.479810 -6.838274 0.912536
v 0.486293 -6.833220 0.907482
v 0.483553 -6.836919 0.911182
v 0.479810 -7.605538 0.145271
v 0.487295 -7.595431 0.135164
v 0.483553 -7.604184 0.143917
v 0.486292 -7.600485 0.140217
v 0.479810 -7.131032 0.504163
v 0.487295 -7.148746 0.506664
v 0.483553 -7.133406 0.504498
v 0.486292 -7.139889 0.505413
v 0.487295 -7.199666 0.455744
v 0.479810 -7.197165 0.438030
v 0.486292 -7.198415 0.446887
v 0.483553 -7.197500 0.440403
v 0.479810 -7.254972 0.495837
v 0.487295 -7.237258 0.493336
v 0.483553 -7.252599 0.495502
v 0.486292 -7.246115 0.494587
v 0.487295 -7.186338 0.544256
v 0.479810 -7.188839 0.561970
v 0.486292 -7.187589 0.553113
v 0.483553 -7.188505 0.559597
v 0.487295 -7.600291 0.856369
v 0.479810 -7.607898 0.848763
v 0.486292 -7.604095 0.852566
v 0.483553 -7.606879 0.849782
v 0.479810 -7.541765 0.914895
v 0.487295 -7.549371 0.907289
v 0.483553 -7.542784 0.913876
v 0.486292 -7.545568 0.911092
v 0.479810 -6.844239 0.085105
v 0.487295 -6.836633 0.092711
v 0.483553 -6.843220 0.086124
v 0.486292 -6.840436 0.088908
v 0.487295 -6.785713 0.143631
v 0.479810 -6.778107 0.151237
v 0.486292 -6.781910 0.147434
v 0.483553 -6.779126 0.150218
v -0.500000 -7.570513 0.122489
v -0.377511 -7.570513 0.000000
v -0.377511 -7.693002 0.122489
v -0.495807 -7.661616 0.015714
v -0.495807 -7.677289 0.031386
v -0.491734 -7.676625 0.016377
v -0.468613 -7.677289 0.004193
v -0.484286 -7.661616 0.004193
v -0.483623 -7.676625 0.008266
v -0.484286 -7.688809 0.031386
v -0.468613 -7.688809 0.015714
v -0.483623 -7.684736 0.016377
v 0.377511 -7.693002 0.122489
v 0.377511 -7.570513 0.000000
v 0.500000 -7.570513 0.122489
v 0.468614 -7.688809 0.015714
v 0.484286 -7.688809 0.031386
v 0.483623 -7.684736 0.016377
v 0.484286 -7.661616 0.004193
v 0.468614 -7.677289 0.004193
v 0.483623 -7.676625 0.008266
v 0.495807 -7.677289 0.031386
v 0.495807 -7.661616 0.015714
v 0.491734 -7.676625 0.016377
v -0.500000 -6.815491 0.122489
v -0.377511 -6.693002 0.122489
v -0.377511 -6.815491 -0.000000
v -0.495807 -6.708716 0.031386
v -0.495807 -6.724389 0.015714
v -0.491734 -6.709379 0.016377
v -0.468613 -6.697196 0.015714
v -0.484286 -6.697196 0.031386
v -0.483623 -6.701268 0.016377
v -0.484286 -6.724389 0.004193
v -0.468613 -6.708716 0.004193
v -0.483623 -6.709379 0.008266
v 0.500000 -6.815491 0.122489
v 0.377511 -6.815491 -0.000000
v 0.377511 -6.693002 0.122489
v 0.495807 -6.724389 0.015714
v 0.495807 -6.708716 0.031386
v 0.491734 -6.709379 0.016377
v 0.468614 -6.708716 0.004193
v 0.484286 -6.724389 0.004193
v 0.483623 -6.709379 0.008266
v 0.484286 -6.697196 0.031386
v 0.468614 -6.697196 0.015714
v 0.483623 -6.701268 0.016377
v -0.500000 -7.570513 0.877511
v -0.377511 -7.693002 0.877511
v -0.495807 -7.677289 0.968614
v -0.495807 -7.661616 0.984286
v -0.491734 -7.676625 0.983623
v -0.468613 -7.688809 0.984286
v -0.484286 -7.688809 0.968614
v -0.483623 -7.684736 0.983623
v -0.484286 -7.661616 0.995807
v -0.468613 -7.677289 0.995807
v -0.483623 -7.676625 0.991734
v 0.377511 -7.693002 0.877511
v 0.500000 -7.570513 0.877511
v 0.484286 -7.688809 0.968614
v 0.468614 -7.688809 0.984286
v 0.483623 -7.684736 0.983623
v 0.495807 -7.661616 0.984286
v 0.495807 -7.677289 0.968614
v 0.491734 -7.676625 0.983623
v 0.468614 -7.677289 0.995807
v 0.484286 -7.661616 0.995807
v 0.483623 -7.676625 0.991734
v -0.500000 -6.815491 0.877511
v -0.377511 -6.693002 0.877511
v -0.495807 -6.724389 0.984286
v -0.495807 -6.708716 0.968613
v -0.491734 -6.709379 0.983623
v -0.468613 -6.708716 0.995807
v -0.484286 -6.724389 0.995807
v -0.483623 -6.709379 0.991734
v -0.484286 -6.697196 0.968613
v -0.468613 -6.697196 0.984286
v -0.483623 -6.701268 0.983623
v 0.500000 -6.815491 0.877511
v 0.377511 -6.693002 0.877511
v 0.495807 -6.708716 0.968614
v 0.495807 -6.724389 0.984286
v 0.491734 -6.709379 0.983623
v 0.468614 -6.697196 0.984286
v 0.484286 -6.697196 0.968614
v 0.483623 -6.701268 0.983623
v 0.484286 -6.724389 0.995807
v 0.468614 -6.708716 0.995807
v 0.483623 -6.709379 0.991734
v -0.468613 -6.724389 -0.000000
v -0.468613 -7.661616 0.000000
v -0.500000 -7.661616 0.031386
v -0.500000 -6.724389 0.031386
v 0.468614 -7.661616 0.000000
v 0.468614 -7.693002 0.031386
v -0.468613 -7.693002 0.031386
v 0.468614 -6.724389 -0.000000
v 0.500000 -6.724389 0.031386
v 0.500000 -7.661616 0.031386
v -0.468613 -6.693002 0.031386
v 0.468614 -6.693002 0.031386
v -0.500000 -6.724389 0.968614
v -0.500000 -7.661616 0.968614
v -0.468613 -7.661616 1.000000
v -0.468613 -6.724389 1.000000
v -0.468613 -7.693002 0.968614
v 0.468614 -7.693002 0.968614
v 0.468614 -7.661616 1.000000
v 0.500000 -7.661616 0.968614
v 0.500000 -6.724389 0.968614
v 0.468614 -6.724389 1.000000
v 0.468614 -6.693002 0.968614
v -0.468613 -6.693002 0.968614
v -0.377511 -7.616173 0.122489
v 0.377511 -7.616173 0.122489
v 0.377511 -7.616173 0.877511
v -0.377511 -7.616173 0.877511
v 0.377511 -6.769832 0.122489
v -0.377511 -6.769832 0.122489
v -0.377511 -6.769832 0.877511
v 0.377511 -6.769832 0.877511
v -0.377511 -7.570513 0.076830
v -0.377511 -6.815491 0.076830
v 0.377511 -6.815491 0.076830
v 0.377511 -7.570513 0.076830
v -0.377511 -7.570513 0.923170
v 0.377511 -7.570513 0.923170
v 0.377511 -6.815491 0.923170
v -0.377511 -6.815491 0.923170
v 0.423170 -7.570513 0.122489
v 0.423170 -6.815491 0.122489
v 0.423170 -6.815491 0.877511
v 0.423170 -7.570513 0.877511
v -0.423170 -6.815491 0.122489
v -0.423170 -7.570513 0.122489
v -0.423170 -7.570513 0.877511
v -0.423170 -6.815491 0.877511
v -0.399078 -7.592080 1.000000
v -0.377511 -7.570513 0.978433
v 0.399078 -7.592080 1.000000
v 0.377511 -7.570513 0.978433
v -0.377511 -6.815491 0.978433
v -0.399078 -6.793924 1.000000
v 0.399078 -6.793924 1.000000
v 0.377511 -6.815491 0.978433
v -0.354729 -7.605190 0.087464
v 0.412536 -7.605190 0.854729
v 0.354729 -7.605190 0.912536
v -0.412536 -7.605190 0.145271
v -0.004163 -7.605190 0.438030
v 0.061970 -7.605190 0.504163
v 0.004163 -7.605190 0.561970
v -0.061970 -7.605190 0.495837
v -0.414895 -7.605190 0.848763
v -0.348763 -7.605190 0.914896
v 0.348763 -7.605190 0.085105
v 0.414895 -7.605190 0.151237
v -0.364836 -7.682020 0.097571
v -0.354729 -7.674535 0.087464
v -0.359783 -7.681017 0.092518
v -0.356083 -7.678277 0.088818
v 0.412536 -7.674535 0.854729
v 0.402428 -7.682020 0.864836
v 0.411182 -7.678277 0.856083
v 0.407482 -7.681017 0.859783
v 0.364836 -7.682020 0.902429
v 0.354729 -7.674535 0.912536
v 0.359783 -7.681017 0.907483
v 0.356083 -7.678277 0.911182
v -0.412536 -7.674535 0.145271
v -0.402428 -7.682020 0.135164
v -0.411182 -7.678277 0.143917
v -0.407482 -7.681017 0.140217
v 0.061970 -7.674535 0.504163
v 0.044256 -7.682020 0.506664
v 0.059597 -7.678277 0.504498
v 0.053113 -7.681017 0.505413
v -0.006664 -7.682020 0.455744
v -0.004163 -7.674535 0.438030
v -0.005413 -7.681017 0.446887
v -0.004498 -7.678277 0.440403
v -0.061970 -7.674535 0.495837
v -0.044256 -7.682020 0.493336
v -0.059597 -7.678277 0.495502
v -0.053113 -7.681017 0.494587
v 0.006664 -7.682020 0.544256
v 0.004163 -7.674535 0.561970
v 0.005413 -7.681017 0.553113
v 0.004498 -7.678277 0.559597
v -0.407289 -7.682020 0.856369
v -0.414895 -7.674535 0.848763
v -0.411092 -7.681017 0.852566
v -0.413876 -7.678277 0.849782
v -0.348763 -7.674535 0.914896
v -0.356369 -7.682020 0.907289
v -0.349782 -7.678277 0.913877
v -0.352566 -7.681017 0.911092
v 0.348763 -7.674535 0.085105
v 0.356369 -7.682020 0.092711
v 0.349782 -7.678277 0.086124
v 0.352566 -7.681017 0.088908
v 0.407289 -7.682020 0.143631
v 0.414895 -7.674535 0.151237
v 0.411092 -7.681017 0.147434
v 0.413876 -7.678277 0.150218
v 0.354729 -6.787363 0.087464
v -0.412536 -6.787363 0.854729
v -0.354729 -6.787363 0.912536
v 0.412536 -6.787363 0.145271
v 0.004163 -6.787363 0.438030
v -0.061970 -6.787363 0.504163
v -0.004163 -6.787363 0.561970
v 0.061970 -6.787363 0.495837
v 0.414895 -6.787363 0.848763
v 0.348763 -6.787363 0.914895
v -0.348763 -6.787363 0.085105
v -0.414895 -6.787363 0.151237
v 0.364836 -6.710534 0.097571
v 0.354729 -6.718019 0.087464
v 0.359783 -6.711536 0.092518
v 0.356083 -6.714276 0.088818
v -0.412536 -6.718019 0.854729
v -0.402428 -6.710533 0.864836
v -0.411182 -6.714276 0.856083
v -0.407482 -6.711536 0.859783
v -0.364836 -6.710533 0.902429
v -0.354729 -6.718019 0.912536
v -0.359782 -6.711536 0.907482
v -0.356083 -6.714276 0.911182
v 0.412536 -6.718019 0.145271
v 0.402429 -6.710534 0.135164
v 0.411182 -6.714276 0.143917
v 0.407482 -6.711536 0.140217
v -0.061970 -6.718019 0.504163
v -0.044256 -6.710533 0.506664
v -0.059597 -6.714276 0.504498
v -0.053113 -6.711536 0.505413
v 0.006664 -6.710533 0.455744
v 0.004163 -6.718019 0.438030
v 0.005413 -6.711536 0.446887
v 0.004498 -6.714276 0.440403
v 0.061970 -6.718019 0.495837
v 0.044256 -6.710533 0.493336
v 0.059597 -6.714276 0.495502
v 0.053113 -6.711536 0.494587
v -0.006664 -6.710533 0.544256
v -0.004163 -6.718019 0.561970
v -0.005413 -6.711536 0.553113
v -0.004498 -6.714276 0.559597
v 0.407289 -6.710534 0.856369
v 0.414895 -6.718019 0.848763
v 0.411092 -6.711536 0.852566
v 0.413876 -6.714276 0.849782
v 0.348763 -6.718019 0.914895
v 0.356369 -6.710534 0.907289
v 0.349782 -6.714276 0.913876
v 0.352566 -6.711536 0.911092
v -0.348763 -6.718019 0.085105
v -0.356369 -6.710534 0.092711
v -0.349782 -6.714276 0.086124
v -0.352566 -6.711536 0.088908
v -0.407289 -6.710534 0.143631
v -0.414895 -6.718019 0.151237
v -0.411092 -6.711536 0.147434
v -0.413876 -6.714276 0.150218
v -0.411357 -6.838274 0.087464
v -0.411357 -7.605538 0.854729
v -0.411357 -7.547731 0.912536
v -0.411357 -6.780466 0.145271
v -0.411357 -7.188839 0.438030
v -0.411357 -7.254972 0.504163
v -0.411357 -7.197165 0.561970
v -0.411357 -7.131032 0.495837
v -0.411357 -6.778107 0.848763
v -0.411357 -6.844239 0.914895
v -0.411357 -7.541765 0.085105
v -0.411357 -7.607898 0.151237
v -0.488187 -6.828166 0.097571
v -0.480702 -6.838274 0.087464
v -0.487184 -6.833220 0.092518
v -0.484444 -6.836919 0.088818
v -0.480702 -7.605538 0.854729
v -0.488187 -7.595430 0.864836
v -0.484444 -7.604184 0.856083
v -0.487184 -7.600484 0.859783
v -0.488187 -7.557838 0.902429
v -0.480702 -7.547731 0.912536
v -0.487184 -7.552785 0.907482
v -0.484444 -7.549085 0.911182
v -0.480702 -6.780466 0.145271
v -0.488187 -6.790574 0.135164
v -0.484444 -6.781820 0.143917
v -0.487184 -6.785520 0.140217
v -0.480702 -7.254972 0.504163
v -0.488187 -7.237258 0.506664
v -0.484444 -7.252599 0.504498
v -0.487184 -7.246115 0.505413
v -0.488187 -7.186338 0.455744
v -0.480702 -7.188839 0.438030
v -0.487184 -7.187589 0.446887
v -0.484444 -7.188504 0.440403
v -0.480702 -7.131032 0.495837
v -0.488187 -7.148746 0.493336
v -0.484444 -7.133405 0.495502
v -0.487184 -7.139889 0.494587
v -0.488187 -7.199666 0.544256
v -0.480702 -7.197165 0.561970
v -0.487184 -7.198415 0.553113
v -0.484444 -7.197500 0.559597
v -0.488187 -6.785713 0.856369
v -0.480702 -6.778107 0.848763
v -0.487184 -6.781910 0.852566
v -0.484444 -6.779126 0.849782
v -0.480702 -6.844239 0.914895
v -0.488187 -6.836633 0.907289
v -0.484444 -6.843220 0.913876
v -0.487184 -6.840436 0.911092
v -0.480702 -7.541765 0.085105
v -0.488187 -7.549371 0.092711
v -0.484444 -7.542784 0.086124
v -0.487184 -7.545568 0.088908
v -0.488187 -7.600291 0.143631
v -0.480702 -7.607898 0.151237
v -0.487184 -7.604095 0.147434
v -0.484444 -7.606878 0.150218
vn 1.0000 -0.0000 -0.0000
vn -0.0000 -0.7071 0.7071
vn -0.0000 0.7071 -0.7071
vn -0.0000 0.7071 0.7071
vn -0.0000 -0.7071 -0.7071
vn 0.9566 0.2779 0.0881
vn 0.9804 -0.1623 -0.1114
vn 0.9811 -0.1624 -0.1052
vn 0.8557 0.4998 -0.1338
vn 0.8557 0.4998 -0.1339
vn 0.9243 0.0740 -0.3745
vn 0.9247 0.0739 -0.3734
vn 0.4400 0.7910 -0.4251
vn 0.5001 0.4096 -0.7630
vn 0.4986 0.4098 -0.7638
vn 0.9811 0.1052 0.1624
vn 0.9804 0.1114 0.1623
vn 0.9566 -0.0881 -0.2779
vn 0.9247 0.3734 -0.0739
vn 0.9243 0.3745 -0.0740
vn 0.8557 0.1338 -0.4998
vn 0.8557 0.1338 -0.4999
vn 0.4986 0.7638 -0.4099
vn 0.5001 0.7629 -0.4096
vn 0.4400 0.4251 -0.7910
vn 0.4400 -0.4251 0.7910
vn 0.4986 -0.7638 0.4098
vn 0.5001 -0.7629 0.4097
vn 0.8557 -0.1338 0.4998
vn 0.8557 -0.1339 0.4998
vn 0.9247 -0.3734 0.0739
vn 0.9243 -0.3745 0.0741
vn 0.9566 0.0881 0.2779
vn 0.9811 -0.1052 -0.1624
vn 0.9804 -0.1114 -0.1623
vn 0.5001 -0.4096 0.7630
vn 0.4986 -0.4098 0.7638
vn 0.4400 -0.7910 0.4251
vn 0.9243 -0.0740 0.3745
vn 0.9247 -0.0739 0.3734
vn 0.8557 -0.4999 0.1338
vn 0.8557 -0.4998 0.1338
vn 0.9804 0.1623 0.1114
vn 0.9811 0.1625 0.1052
vn 0.9566 -0.2779 -0.0881
vn 0.9496 0.0578 -0.3082
vn 0.9842 -0.1192 0.1311
vn 0.9832 -0.1265 0.1314
vn 0.7929 -0.2071 -0.5731
vn 0.8853 -0.4390 -0.1534
vn 0.8812 -0.4472 -0.1537
vn 0.3471 -0.4544 -0.8204
vn 0.4138 -0.7951 -0.4433
vn 0.4099 -0.7970 -0.4436
vn 0.9832 -0.1314 0.1265
vn 0.9842 -0.1311 0.1192
vn 0.9496 0.3082 -0.0578
vn 0.8812 0.1537 0.4472
vn 0.8853 0.1535 0.4390
vn 0.7929 0.5731 0.2071
vn 0.4099 0.4437 0.7970
vn 0.4139 0.4433 0.7951
vn 0.3471 0.8204 0.4544
vn 0.9832 0.1314 -0.1265
vn 0.9842 0.1311 -0.1192
vn 0.9496 -0.3082 0.0578
vn 0.8811 -0.1536 -0.4472
vn 0.8853 -0.1534 -0.4390
vn 0.7929 -0.5731 -0.2071
vn 0.4099 -0.4436 -0.7970
vn 0.4139 -0.4433 -0.7951
vn 0.3471 -0.8204 -0.4544
vn 0.4139 0.7951 0.4433
vn 0.4099 0.7970 0.4436
vn 0.3471 0.4544 0.8204
vn 0.8853 0.4390 0.1534
vn 0.8812 0.4472 0.1536
vn 0.7929 0.2071 0.5731
vn 0.9842 0.1192 -0.1311
vn 0.9832 0.1265 -0.1314
vn 0.9496 -0.0578 0.3082
vn -1.0000 -0.0000 -0.0000
vn -0.8661 -0.0000 -0.4998
vn -0.7744 -0.4474 -0.4474
vn -0.8661 -0.4998 -0.0000
vn -0.4998 -0.0000 -0.8661
vn -0.4473 -0.4473 -0.7744
vn -0.0000 -0.0000 -1.0000
vn -0.0000 -0.4998 -0.8661
vn -0.0000 -0.8661 -0.4998
vn -0.4473 -0.7744 -0.4473
vn -0.0000 -1.0000 -0.0000
vn -0.4998 -0.8661 -0.0000
vn 0.4473 -0.7744 -0.4473
vn 0.4998 -0.8661 -0.0000
vn 0.4473 -0.4473 -0.7744
vn 0.4998 -0.0000 -0.8661
vn 0.8661 -0.0000 -0.4998
vn 0.7744 -0.4473 -0.4473
vn 0.8661 -0.4998 -0.0000
vn -0.8661 0.4998 -0.0000
vn -0.7744 0.4474 -0.4474
vn -0.4998 0.8661 -0.0000
vn -0.4473 0.7744 -0.4473
vn -0.0000 1.0000 -0.0000
vn -0.0000 0.8661 -0.4998
vn -0.0000 0.4998 -0.8661
vn -0.4473 0.4473 -0.7744
vn 0.7744 0.4473 -0.4473
vn 0.8661 0.4998 -0.0000
vn 0.4473 0.4473 -0.7744
vn 0.4473 0.7744 -0.4473
vn 0.4998 0.8661 -0.0000
vn -0.7744 -0.4473 0.4474
vn -0.8661 -0.0000 0.4998
vn -0.4473 -0.7744 0.4474
vn -0.0000 -0.8661 0.4998
vn -0.0000 -0.4998 0.8661
vn -0.4473 -0.4473 0.7744
vn -0.0000 -0.0000 1.0000
vn -0.4998 -0.0000 0.8661
vn 0.0001 -1.0000 -0.0000
vn 0.4473 -0.7744 0.4474
vn 0.7744 -0.4473 0.4474
vn 0.8661 -0.0000 0.4998
vn 0.4998 -0.0000 0.8661
vn 0.4473 -0.4473 0.7744
vn -0.7744 0.4473 0.4473
vn -0.4473 0.4473 0.7744
vn -0.0000 0.4998 0.8661
vn -0.0000 0.8661 0.4998
vn -0.4473 0.7744 0.4473
vn -0.0001 1.0000 -0.0000
vn 0.7744 0.4473 0.4474
vn 0.4473 0.7744 0.4474
vn 0.4473 0.4473 0.7744
vn 0.7071 -0.0000 0.7071
vn -0.7071 -0.0000 0.7071
vn 0.7071 -0.0000 -0.7071
vn -0.7071 -0.0000 -0.7071
vn 0.2779 -0.9566 0.0881
vn -0.1623 -0.9804 -0.1114
vn -0.1624 -0.9811 -0.1052
vn 0.4998 -0.8557 -0.1338
vn 0.4998 -0.8557 -0.1339
vn 0.0741 -0.9243 -0.3745
vn 0.0739 -0.9247 -0.3734
vn 0.7910 -0.4400 -0.4251
vn 0.4096 -0.5001 -0.7629
vn 0.4098 -0.4986 -0.7638
vn 0.1052 -0.9811 0.1624
vn 0.1114 -0.9804 0.1623
vn -0.0881 -0.9566 -0.2779
vn 0.3734 -0.9247 -0.0739
vn 0.3745 -0.9243 -0.0741
vn 0.1338 -0.8557 -0.4998
vn 0.1339 -0.8557 -0.4998
vn 0.7638 -0.4986 -0.4098
vn 0.7629 -0.5001 -0.4097
vn 0.4251 -0.4400 -0.7910
vn -0.4251 -0.4400 0.7910
vn -0.7638 -0.4986 0.4098
vn -0.7630 -0.5001 0.4096
vn -0.1338 -0.8557 0.4998
vn -0.1339 -0.8557 0.4998
vn -0.3734 -0.9247 0.0739
vn -0.3745 -0.9243 0.0741
vn 0.0881 -0.9566 0.2779
vn -0.1052 -0.9811 -0.1624
vn -0.1114 -0.9804 -0.1623
vn -0.4096 -0.5001 0.7630
vn -0.4098 -0.4986 0.7638
vn -0.7910 -0.4400 0.4251
vn -0.0741 -0.9243 0.3745
vn -0.0739 -0.9247 0.3734
vn -0.4998 -0.8557 0.1338
vn -0.4998 -0.8557 0.1339
vn 0.1623 -0.9804 0.1114
vn 0.1624 -0.9811 0.1052
vn -0.2779 -0.9566 -0.0881
vn 0.0578 -0.9496 -0.3082
vn -0.1192 -0.9842 0.1311
vn -0.1265 -0.9832 0.1314
vn -0.2071 -0.7929 -0.5731
vn -0.4390 -0.8853 -0.1534
vn -0.4472 -0.8812 -0.1536
vn -0.4544 -0.3471 -0.8204
vn -0.7951 -0.4139 -0.4433
vn -0.7970 -0.4099 -0.4436
vn -0.1314 -0.9832 0.1265
vn -0.1311 -0.9842 0.1192
vn 0.3082 -0.9496 -0.0578
vn 0.1536 -0.8812 0.4472
vn 0.1534 -0.8853 0.4390
vn 0.5731 -0.7929 0.2071
vn 0.4436 -0.4099 0.7970
vn 0.4433 -0.4139 0.7951
vn 0.8204 -0.3471 0.4544
vn 0.1314 -0.9832 -0.1265
vn 0.1312 -0.9842 -0.1192
vn -0.3082 -0.9496 0.0578
vn -0.1536 -0.8811 -0.4472
vn -0.1534 -0.8853 -0.4390
vn -0.5731 -0.7929 -0.2071
vn -0.4437 -0.4099 -0.7970
vn -0.4433 -0.4139 -0.7951
vn -0.8204 -0.3471 -0.4544
vn 0.7951 -0.4139 0.4433
vn 0.7970 -0.4099 0.4436
vn 0.4544 -0.3471 0.8204
vn 0.4390 -0.8853 0.1534
vn 0.4472 -0.8812 0.1536
vn 0.2071 -0.7929 0.5731
vn 0.1192 -0.9842 -0.1311
vn 0.1265 -0.9832 -0.1314
vn -0.0578 -0.9496 0.3082
vn -0.2779 0.9566 0.0881
vn 0.1623 0.9804 -0.1114
vn 0.1624 0.9811 -0.1052
vn -0.4998 0.8557 -0.1339
vn -0.0740 0.9243 -0.3745
vn -0.0739 0.9247 -0.3734
vn -0.7910 0.4400 -0.4251
vn -0.4097 0.5001 -0.7629
vn -0.4098 0.4986 -0.7638
vn -0.1052 0.9811 0.1624
vn -0.1114 0.9804 0.1623
vn 0.0881 0.9566 -0.2779
vn -0.3734 0.9247 -0.0740
vn -0.3745 0.9243 -0.0740
vn -0.1338 0.8557 -0.4998
vn -0.1339 0.8557 -0.4998
vn -0.7638 0.4986 -0.4098
vn -0.7629 0.5001 -0.4097
vn -0.4251 0.4400 -0.7910
vn 0.4251 0.4400 0.7910
vn 0.7638 0.4986 0.4098
vn 0.7630 0.5001 0.4096
vn 0.1338 0.8557 0.4998
vn 0.1339 0.8557 0.4998
vn 0.3734 0.9247 0.0740
vn 0.3745 0.9243 0.0740
vn -0.0881 0.9566 0.2779
vn 0.1052 0.9811 -0.1624
vn 0.1114 0.9804 -0.1623
vn 0.4096 0.5001 0.7630
vn 0.4098 0.4986 0.7638
vn 0.7910 0.4400 0.4251
vn 0.0740 0.9243 0.3745
vn 0.0739 0.9247 0.3734
vn 0.4999 0.8557 0.1338
vn -0.1623 0.9804 0.1114
vn -0.1624 0.9811 0.1052
vn 0.2779 0.9566 -0.0881
vn -0.0578 0.9496 -0.3082
vn 0.1193 0.9842 0.1311
vn 0.1265 0.9832 0.1314
vn 0.2071 0.7929 -0.5731
vn 0.4390 0.8853 -0.1535
vn 0.4472 0.8812 -0.1537
vn 0.4544 0.3471 -0.8204
vn 0.7951 0.4139 -0.4433
vn 0.7970 0.4099 -0.4436
vn 0.1314 0.9832 0.1265
vn 0.1311 0.9842 0.1192
vn -0.3082 0.9496 -0.0578
vn -0.1537 0.8812 0.4472
vn -0.1535 0.8853 0.4390
vn -0.5731 0.7929 0.2071
vn -0.4437 0.4099 0.7970
vn -0.4434 0.4138 0.7951
vn -0.8204 0.3471 0.4544
vn -0.1314 0.9832 -0.1265
vn -0.1311 0.9842 -0.1192
vn 0.3082 0.9496 0.0578
vn 0.1536 0.8812 -0.4472
vn 0.1535 0.8853 -0.4390
vn 0.5731 0.7929 -0.2071
vn 0.4436 0.4099 -0.7970
vn 0.4433 0.4139 -0.7951
vn 0.8204 0.3471 -0.4544
vn -0.7951 0.4138 0.4433
vn -0.7970 0.4099 0.4436
vn -0.4544 0.3471 0.8204
vn -0.4390 0.8853 0.1535
vn -0.4472 0.8812 0.1537
vn -0.2071 0.7929 0.5731
vn -0.1193 0.9842 -0.1311
vn -0.1265 0.9832 -0.1314
vn 0.0578 0.9496 0.3082
vn -0.9566 -0.2779 0.0881
vn -0.9804 0.1622 -0.1114
vn -0.9811 0.1625 -0.1052
vn -0.8557 -0.4999 -0.1338
vn -0.9243 -0.0740 -0.3745
vn -0.9247 -0.0740 -0.3734
vn -0.4400 -0.7910 -0.4251
vn -0.5001 -0.4097 -0.7629
vn -0.4986 -0.4098 -0.7638
vn -0.9811 -0.1052 0.1625
vn -0.9804 -0.1114 0.1622
vn -0.9566 0.0881 -0.2779
vn -0.9247 -0.3734 -0.0740
vn -0.9243 -0.3745 -0.0740
vn -0.8557 -0.1338 -0.4998
vn -0.8557 -0.1339 -0.4998
vn -0.4986 -0.7638 -0.4098
vn -0.5001 -0.7629 -0.4097
vn -0.4400 -0.4251 -0.7910
vn -0.4400 0.4251 0.7910
vn -0.4986 0.7638 0.4098
vn -0.5001 0.7629 0.4097
vn -0.8557 0.1338 0.4998
vn -0.8557 0.1339 0.4998
vn -0.9247 0.3734 0.0740
vn -0.9243 0.3745 0.0740
vn -0.9566 -0.0881 0.2779
vn -0.9811 0.1052 -0.1625
vn -0.9804 0.1114 -0.1622
vn -0.5001 0.4097 0.7629
vn -0.4986 0.4098 0.7638
vn -0.4400 0.7910 0.4251
vn -0.9243 0.0740 0.3745
vn -0.9247 0.0740 0.3734
vn -0.8557 0.4999 0.1338
vn -0.9804 -0.1622 0.1114
vn -0.9811 -0.1625 0.1052
vn -0.9566 0.2779 -0.0881
vn -0.9496 -0.0578 -0.3082
vn -0.9496 -0.0578 -0.3081
vn -0.9842 0.1192 0.1312
vn -0.9832 0.1265 0.1314
vn -0.7929 0.2071 -0.5731
vn -0.8853 0.4390 -0.1535
vn -0.8812 0.4472 -0.1536
vn -0.3471 0.4544 -0.8204
vn -0.4138 0.7951 -0.4433
vn -0.4099 0.7970 -0.4436
vn -0.9832 0.1314 0.1265
vn -0.9842 0.1312 0.1192
vn -0.9496 -0.3082 -0.0578
vn -0.9496 -0.3081 -0.0578
vn -0.8812 -0.1536 0.4472
vn -0.8853 -0.1535 0.4390
vn -0.7929 -0.5731 0.2071
vn -0.4099 -0.4436 0.7970
vn -0.4139 -0.4433 0.7951
vn -0.3471 -0.8204 0.4544
vn -0.9832 -0.1314 -0.1265
vn -0.9842 -0.1312 -0.1192
vn -0.9496 0.3082 0.0578
vn -0.9496 0.3081 0.0578
vn -0.8812 0.1536 -0.4472
vn -0.8853 0.1535 -0.4390
vn -0.7929 0.5731 -0.2071
vn -0.7929 0.5731 -0.2072
vn -0.4099 0.4436 -0.7970
vn -0.4139 0.4433 -0.7951
vn -0.3471 0.8204 -0.4544
vn -0.4139 -0.7951 0.4433
vn -0.4099 -0.7970 0.4436
vn -0.3471 -0.4544 0.8204
vn -0.8853 -0.4390 0.1535
vn -0.8812 -0.4472 0.1536
vn -0.7929 -0.2071 0.5731
vn -0.7929 -0.2072 0.5731
vn -0.9842 -0.1192 -0.1312
vn -0.9832 -0.1265 -0.1314
vn -0.9496 0.0578 0.3082
vn -0.9496 0.0578 0.3081
vt 0.846577 0.822206
vt 0.756189 0.911385
vt 0.765549 0.920872
vt 0.855937 0.831693
vt 0.362941 0.314024
vt 0.362941 0.438303
vt 0.380324 0.438303
vt 0.380324 0.314024
vt 0.868787 0.819015
vt 0.859428 0.809528
vt 0.365818 0.061986
vt 0.365819 0.186269
vt 0.383202 0.186269
vt 0.383201 0.061986
vt 0.168576 0.430799
vt 0.185959 0.430799
vt 0.185959 0.306519
vt 0.168576 0.306519
vt 0.197030 0.190016
vt 0.214413 0.190016
vt 0.214413 0.064904
vt 0.197030 0.064904
vt 0.949816 0.720349
vt 0.959176 0.729836
vt 0.402053 0.314910
vt 0.384670 0.314910
vt 0.384668 0.440029
vt 0.402051 0.440029
vt 0.232227 0.307406
vt 0.214844 0.307406
vt 0.214844 0.432526
vt 0.232227 0.432526
vt 0.946326 0.923308
vt 0.959176 0.910630
vt 0.203061 0.805517
vt 0.185678 0.805517
vt 0.185677 0.930635
vt 0.203060 0.930635
vt 0.769038 0.717912
vt 0.756188 0.730591
vt 0.146525 0.065542
vt 0.144715 0.065542
vt 0.144716 0.191167
vt 0.146525 0.192516
vt 0.143235 0.065542
vt 0.143235 0.190180
vt 0.142180 0.065542
vt 0.142181 0.189819
vt 0.190302 0.303823
vt 0.188494 0.305171
vt 0.188493 0.430799
vt 0.190302 0.430799
vt 0.187014 0.306158
vt 0.187013 0.430799
vt 0.381376 0.438303
vt 0.381378 0.313663
vt 0.382857 0.438303
vt 0.382859 0.312676
vt 0.384668 0.438303
vt 0.384668 0.311328
vt 0.384255 0.186630
vt 0.384256 0.061986
vt 0.385736 0.187617
vt 0.385736 0.061986
vt 0.387544 0.188965
vt 0.387544 0.061986
vt 0.211266 0.432526
vt 0.212637 0.432526
vt 0.212637 0.305615
vt 0.211265 0.303823
vt 0.213839 0.432526
vt 0.213839 0.306926
vt 0.405631 0.311328
vt 0.404259 0.313120
vt 0.404259 0.440029
vt 0.405631 0.440029
vt 0.403057 0.314431
vt 0.403057 0.440029
vt 0.206640 0.801935
vt 0.205269 0.803726
vt 0.205268 0.930635
vt 0.206640 0.930635
vt 0.204067 0.805037
vt 0.204066 0.930635
vt 0.215418 0.190496
vt 0.215418 0.064904
vt 0.216622 0.191808
vt 0.216622 0.064904
vt 0.217993 0.193600
vt 0.217993 0.064904
vt 0.124798 0.189819
vt 0.124797 0.065542
vt 0.037991 0.257594
vt 0.033868 0.257402
vt 0.034077 0.253190
vt 0.038043 0.253587
vt 0.520746 0.509184
vt 0.520429 0.505058
vt 0.524270 0.505051
vt 0.524884 0.507999
vt 0.520310 0.501078
vt 0.524286 0.501191
vt 0.528402 0.501506
vt 0.527195 0.505714
vt 0.038002 0.245570
vt 0.038056 0.249573
vt 0.034094 0.249986
vt 0.033879 0.245766
vt 0.038010 0.010578
vt 0.033942 0.010506
vt 0.033970 0.006536
vt 0.037940 0.006510
vt 0.528402 0.265541
vt 0.524279 0.265855
vt 0.524275 0.262015
vt 0.527222 0.261405
vt 0.520304 0.265971
vt 0.520417 0.261997
vt 0.520734 0.257882
vt 0.524940 0.259092
vt 0.038027 0.986672
vt 0.038024 0.990690
vt 0.034100 0.990920
vt 0.033938 0.986822
vt 0.037880 0.994781
vt 0.033915 0.993906
vt 0.037980 0.492609
vt 0.038036 0.496616
vt 0.034071 0.497032
vt 0.033854 0.492807
vt 0.038025 0.500634
vt 0.034055 0.500239
vt 0.037975 0.504645
vt 0.033850 0.504453
vt 0.277104 0.501504
vt 0.281227 0.501191
vt 0.281231 0.505030
vt 0.278284 0.505640
vt 0.285202 0.501074
vt 0.285089 0.505048
vt 0.284772 0.509163
vt 0.280566 0.507953
vt 0.037995 0.751693
vt 0.033871 0.751502
vt 0.034074 0.747289
vt 0.038043 0.747682
vt 0.284760 0.257861
vt 0.285078 0.261987
vt 0.281236 0.261995
vt 0.280623 0.259046
vt 0.285197 0.265967
vt 0.281220 0.265854
vt 0.277104 0.265539
vt 0.278311 0.261331
vt 0.037994 0.739657
vt 0.038052 0.743663
vt 0.034087 0.744081
vt 0.033868 0.739857
vt 0.272980 0.257611
vt 0.272923 0.253608
vt 0.276886 0.253191
vt 0.277104 0.257412
vt 0.272934 0.249593
vt 0.276900 0.249987
vt 0.272983 0.245586
vt 0.277104 0.245777
vt 0.520780 0.257841
vt 0.520466 0.253718
vt 0.524306 0.253713
vt 0.524917 0.256661
vt 0.520350 0.249742
vt 0.524324 0.249855
vt 0.528440 0.250171
vt 0.527230 0.254378
vt 0.273007 0.010594
vt 0.273078 0.006526
vt 0.277048 0.006553
vt 0.277075 0.010523
vt 0.273146 0.994751
vt 0.273011 0.990661
vt 0.276939 0.990873
vt 0.277104 0.993893
vt 0.273003 0.986639
vt 0.277090 0.986783
vt 0.277104 0.250206
vt 0.281231 0.249887
vt 0.281239 0.253730
vt 0.278290 0.254343
vt 0.285211 0.249768
vt 0.285099 0.253745
vt 0.284784 0.257861
vt 0.280576 0.256655
vt 0.272973 0.492612
vt 0.277095 0.492804
vt 0.276889 0.497014
vt 0.272922 0.496619
vt 0.528440 0.014166
vt 0.524313 0.014484
vt 0.524305 0.010642
vt 0.527254 0.010028
vt 0.520333 0.014603
vt 0.520445 0.010627
vt 0.520760 0.006510
vt 0.524968 0.007717
vt 0.272966 0.504637
vt 0.272911 0.500634
vt 0.276873 0.500218
vt 0.277090 0.504439
vt 0.272968 0.751660
vt 0.272914 0.747656
vt 0.276876 0.747242
vt 0.277091 0.751462
vt 0.272927 0.743642
vt 0.276893 0.744038
vt 0.272978 0.739635
vt 0.277101 0.739827
vt 0.284764 0.006531
vt 0.285078 0.010654
vt 0.281238 0.010659
vt 0.280627 0.007711
vt 0.285195 0.014630
vt 0.281220 0.014517
vt 0.277104 0.014200
vt 0.278314 0.009994
vt 0.308055 0.478222
vt 0.497455 0.478223
vt 0.060831 0.280443
vt 0.060822 0.469762
vt 0.497452 0.288823
vt 0.060853 0.033422
vt 0.060843 0.222729
vt 0.308052 0.288822
vt 0.060838 0.774531
vt 0.060864 0.963827
vt 0.060818 0.527491
vt 0.060832 0.716808
vt 0.250132 0.469767
vt 0.250139 0.280453
vt 0.739168 0.265507
vt 0.739168 0.279360
vt 0.549901 0.279360
vt 0.549901 0.265507
vt 0.250145 0.222742
vt 0.250161 0.033435
vt 0.753021 0.468627
vt 0.739168 0.468627
vt 0.753021 0.279360
vt 0.250159 0.963800
vt 0.250131 0.774504
vt 0.549901 0.482480
vt 0.549901 0.468627
vt 0.739168 0.482480
vt 0.250137 0.716793
vt 0.250126 0.527481
vt 0.964715 0.698653
vt 0.775448 0.698653
vt 0.775448 0.509386
vt 0.964715 0.509386
vt 0.775448 0.717912
vt 0.964715 0.717912
vt 0.756188 0.509386
vt 0.756188 0.698653
vt 0.964715 0.490126
vt 0.775448 0.490126
vt 0.983974 0.698653
vt 0.983974 0.509386
vt 0.736929 0.509386
vt 0.736929 0.698653
vt 0.547661 0.698653
vt 0.547661 0.509386
vt 0.528402 0.509386
vt 0.528402 0.698653
vt 0.736929 0.490126
vt 0.547661 0.490126
vt 0.485631 0.717711
vt 0.296364 0.717711
vt 0.296364 0.528443
vt 0.485631 0.528443
vt 0.296364 0.736970
vt 0.485631 0.736970
vt 0.277104 0.528443
vt 0.277104 0.717711
vt 0.485631 0.509184
vt 0.296364 0.509184
vt 0.504890 0.717711
vt 0.504890 0.528443
vt 0.302656 0.232320
vt 0.502904 0.232299
vt 0.302640 0.032073
vt 0.502888 0.032052
vt 0.736929 0.926439
vt 0.547661 0.926439
vt 0.547661 0.737172
vt 0.736929 0.737172
vt 0.547661 0.945698
vt 0.736929 0.945698
vt 0.528402 0.737172
vt 0.528402 0.926439
vt 0.736929 0.717912
vt 0.547661 0.717912
vt 0.756188 0.926439
vt 0.756188 0.737172
vt 0.547699 0.025770
vt 0.736966 0.025770
vt 0.736966 0.215037
vt 0.547699 0.215037
vt 0.736966 0.006510
vt 0.547699 0.006510
vt 0.756226 0.215037
vt 0.756226 0.025770
vt 0.547699 0.234296
vt 0.736966 0.234296
vt 0.528440 0.025770
vt 0.528440 0.215037
vt 0.536048 0.279360
vt 0.536048 0.468627
vt 0.528402 0.474033
vt 0.528402 0.273954
vt 0.544495 0.257861
vt 0.744574 0.257861
vt 0.760667 0.273954
vt 0.760667 0.474034
vt 0.744574 0.490126
vt 0.544494 0.490126
vt 0.380343 0.850750
vt 0.470732 0.939929
vt 0.480092 0.930442
vt 0.389703 0.841263
vt 0.109704 0.429126
vt 0.109705 0.304848
vt 0.092322 0.304848
vt 0.092321 0.429125
vt 0.376853 0.828585
vt 0.367493 0.838072
vt 0.168576 0.430797
vt 0.168576 0.306521
vt 0.151193 0.306521
vt 0.151193 0.430797
vt 0.177879 0.800371
vt 0.160495 0.800371
vt 0.160495 0.924653
vt 0.177879 0.924653
vt 0.205348 0.555978
vt 0.187965 0.555978
vt 0.187965 0.681093
vt 0.205348 0.681093
vt 0.277105 0.748893
vt 0.286465 0.739406
vt 0.222732 0.557702
vt 0.205349 0.557702
vt 0.205348 0.682819
vt 0.222731 0.682819
vt 0.218562 0.929627
vt 0.235946 0.929628
vt 0.235947 0.804509
vt 0.218563 0.804509
vt 0.480092 0.749648
vt 0.467242 0.736970
vt 0.207687 0.307406
vt 0.190304 0.307406
vt 0.190302 0.432524
vt 0.207686 0.432524
vt 0.277104 0.929687
vt 0.289954 0.942365
vt 0.142012 0.304613
vt 0.140201 0.304613
vt 0.140203 0.430236
vt 0.142013 0.431586
vt 0.138720 0.304613
vt 0.138722 0.429249
vt 0.137667 0.304613
vt 0.137667 0.428888
vt 0.156153 0.927349
vt 0.157962 0.926001
vt 0.157961 0.800371
vt 0.156151 0.800371
vt 0.159441 0.925014
vt 0.159441 0.800371
vt 0.091268 0.304848
vt 0.091267 0.429487
vt 0.089787 0.304848
vt 0.089786 0.430474
vt 0.087977 0.304848
vt 0.087977 0.431822
vt 0.150139 0.306159
vt 0.150138 0.430797
vt 0.148658 0.305172
vt 0.148659 0.430797
vt 0.146848 0.303823
vt 0.146848 0.430797
vt 0.239525 0.804509
vt 0.238155 0.804509
vt 0.238153 0.931419
vt 0.239525 0.933211
vt 0.236953 0.804509
vt 0.236951 0.930108
vt 0.226311 0.554119
vt 0.224939 0.555911
vt 0.224939 0.682819
vt 0.226311 0.682819
vt 0.223737 0.557222
vt 0.223737 0.682819
vt 0.209893 0.305615
vt 0.209894 0.432524
vt 0.211265 0.432524
vt 0.208691 0.306927
vt 0.208691 0.432524
vt 0.186959 0.555498
vt 0.186959 0.681093
vt 0.185757 0.554186
vt 0.185757 0.681093
vt 0.184385 0.552394
vt 0.184386 0.681093
vt 0.120285 0.428888
vt 0.120285 0.304613
vt 0.859465 0.120290
vt 0.949854 0.209469
vt 0.959214 0.199983
vt 0.868825 0.110804
vt 0.114808 0.188521
vt 0.114808 0.064240
vt 0.097425 0.064240
vt 0.097425 0.188521
vt 0.855975 0.098125
vt 0.846615 0.107612
vt 0.122436 0.923611
vt 0.122436 0.799340
vt 0.105054 0.799340
vt 0.105054 0.923611
vt 0.387544 0.188963
vt 0.404928 0.188963
vt 0.404928 0.064683
vt 0.387545 0.064683
vt 0.405631 0.436444
vt 0.423014 0.436444
vt 0.423014 0.311328
vt 0.756226 0.018433
vt 0.765586 0.008947
vt 0.235377 0.068487
vt 0.217993 0.068487
vt 0.217993 0.193604
vt 0.235376 0.193604
vt 0.409271 0.187106
vt 0.426655 0.187106
vt 0.426656 0.061986
vt 0.409272 0.061986
vt 0.959214 0.019188
vt 0.946364 0.006510
vt 0.443977 0.314911
vt 0.426593 0.314911
vt 0.426593 0.440027
vt 0.443977 0.440027
vt 0.756226 0.199227
vt 0.769076 0.211906
vt 0.328767 0.438802
vt 0.330577 0.438802
vt 0.330575 0.313178
vt 0.328765 0.311829
vt 0.332058 0.438802
vt 0.332056 0.314165
vt 0.333111 0.438802
vt 0.333111 0.314527
vt 0.409271 0.061986
vt 0.407462 0.063335
vt 0.407462 0.188963
vt 0.409271 0.188963
vt 0.405981 0.064322
vt 0.405982 0.188963
vt 0.096372 0.064240
vt 0.096371 0.188883
vt 0.094891 0.064240
vt 0.094891 0.189870
vt 0.093082 0.064240
vt 0.093081 0.191218
vt 0.103999 0.798978
vt 0.103999 0.923611
vt 0.102518 0.797991
vt 0.102519 0.923611
vt 0.100708 0.796641
vt 0.100708 0.923612
vt 0.430234 0.061987
vt 0.428862 0.061987
vt 0.428863 0.188898
vt 0.430234 0.190688
vt 0.427661 0.061987
vt 0.427661 0.187586
vt 0.238956 0.064904
vt 0.237584 0.066696
vt 0.237584 0.193604
vt 0.238956 0.193604
vt 0.236382 0.068007
vt 0.236382 0.193604
vt 0.447556 0.311328
vt 0.446184 0.313120
vt 0.446184 0.440027
vt 0.447556 0.440027
vt 0.444982 0.314431
vt 0.444982 0.440027
vt 0.424019 0.436924
vt 0.424020 0.311328
vt 0.425222 0.438236
vt 0.425222 0.311328
vt 0.426593 0.440028
vt 0.426593 0.311328
vt 0.350493 0.314527
vt 0.350493 0.438802
vt 0.860416 0.349476
vt 0.770027 0.260297
vt 0.760667 0.269784
vt 0.851056 0.358963
vt 0.161894 0.555088
vt 0.161893 0.679367
vt 0.179276 0.679367
vt 0.179277 0.555088
vt 0.863906 0.371641
vt 0.873266 0.362154
vt 0.151842 0.066854
vt 0.151842 0.191136
vt 0.169225 0.191136
vt 0.169225 0.066854
vt 0.149182 0.798790
vt 0.131799 0.798790
vt 0.131799 0.923069
vt 0.149182 0.923069
vt 0.091395 0.795991
vt 0.074012 0.795991
vt 0.074012 0.921102
vt 0.091394 0.921102
vt 0.963655 0.451334
vt 0.954295 0.460820
vt 0.193452 0.068486
vt 0.176069 0.068486
vt 0.176067 0.193605
vt 0.193451 0.193606
vt 0.116351 0.679035
vt 0.133735 0.679035
vt 0.133735 0.553914
vt 0.116351 0.553914
vt 0.760667 0.450578
vt 0.773517 0.463256
vt 0.447618 0.065568
vt 0.430234 0.065568
vt 0.430234 0.190686
vt 0.447617 0.190686
vt 0.963655 0.270539
vt 0.950805 0.257861
vt 0.116351 0.555644
vt 0.114542 0.555644
vt 0.114542 0.681269
vt 0.116351 0.682617
vt 0.113061 0.555644
vt 0.113062 0.680282
vt 0.112007 0.555644
vt 0.112007 0.679920
vt 0.127455 0.925766
vt 0.129264 0.924417
vt 0.129265 0.798790
vt 0.127456 0.798790
vt 0.130745 0.923431
vt 0.130745 0.798790
vt 0.180329 0.679367
vt 0.180331 0.554727
vt 0.181810 0.679367
vt 0.181812 0.553740
vt 0.183621 0.679367
vt 0.183621 0.552392
vt 0.170278 0.191497
vt 0.170280 0.066854
vt 0.171759 0.192484
vt 0.171759 0.066854
vt 0.173568 0.193832
vt 0.173568 0.066854
vt 0.137313 0.553914
vt 0.135941 0.553914
vt 0.135941 0.680825
vt 0.137313 0.682617
vt 0.134740 0.553914
vt 0.134740 0.679515
vt 0.195658 0.066696
vt 0.195658 0.193606
vt 0.197030 0.193606
vt 0.194456 0.068007
vt 0.194456 0.193606
vt 0.451196 0.061986
vt 0.449825 0.063777
vt 0.449825 0.190686
vt 0.451196 0.190686
vt 0.448623 0.065088
vt 0.448622 0.190686
vt 0.073006 0.795511
vt 0.073006 0.921102
vt 0.071803 0.794198
vt 0.071803 0.921102
vt 0.070431 0.792406
vt 0.070431 0.921102
vt 0.094624 0.679920
vt 0.094624 0.555644
s 1
usemtl Material.001
f 1119/1090/2 1107/1091/2 1110/1092/2 1130/1093/2
f 1097/1094/3 1093/1095/3 1114/1096/3 1126/1097/3
f 1130/1093/2 1127/1098/2 1122/1099/2 1119/1090/2
f 1092/1100/3 1096/1101/3 1131/1102/3 1111/1103/3
f 1091/1104/4 1106/1105/4 1118/1106/4 1095/1107/4
f 1095/1108/5 1118/1109/5 1147/1110/5 1101/1111/5
f 1102/1112/2 1122/1099/2 1127/1098/2 1115/1113/2
f 1131/1114/5 1096/1115/5 1099/1116/5 1138/1117/5
f 1097/1118/6 1126/1119/6 1135/1120/6 1098/1121/6
f 1127/1098/2 1130/1093/2 1139/1122/2 1134/1123/2
f 1123/1124/6 1094/1125/6 1100/1126/6 1142/1127/6
f 1119/1090/2 1122/1099/2 1143/1128/2 1146/1129/2
f 1102/1130/7 1104/1131/7 1124/1132/8 1122/1133/9
f 1104/1131/10 1105/1134/11 1125/1135/12 1124/1132/13
f 1105/1134/14 1103/1136/14 1123/1137/15 1125/1135/16
f 1119/1138/17 1121/1139/18 1109/1140/19 1107/1141/19
f 1121/1139/20 1120/1142/21 1108/1143/22 1109/1140/23
f 1120/1142/24 1118/1106/25 1106/1105/26 1108/1143/26
f 1114/1096/27 1116/1144/27 1128/1145/28 1126/1097/29
f 1116/1144/30 1117/1146/31 1129/1147/32 1128/1145/33
f 1117/1146/34 1115/1148/34 1127/1149/35 1129/1147/36
f 1131/1102/37 1133/1150/38 1113/1151/39 1111/1103/39
f 1133/1150/40 1132/1152/41 1112/1153/42 1113/1151/43
f 1132/1152/44 1130/1154/45 1110/1155/46 1112/1153/46
f 1134/1156/47 1136/1157/47 1129/1158/48 1127/1159/49
f 1136/1157/50 1137/1160/50 1128/1161/51 1129/1158/52
f 1137/1160/53 1135/1120/53 1126/1119/54 1128/1161/55
f 1130/1162/56 1132/1163/57 1141/1164/58 1139/1165/58
f 1132/1163/59 1133/1166/60 1140/1167/61 1141/1164/61
f 1133/1166/62 1131/1114/63 1138/1117/64 1140/1167/64
f 1122/1168/65 1124/1169/66 1145/1170/67 1143/1171/67
f 1124/1169/68 1125/1172/69 1144/1173/70 1145/1170/70
f 1125/1172/71 1123/1124/72 1142/1127/73 1144/1173/73
f 1118/1109/74 1120/1174/75 1149/1175/76 1147/1110/76
f 1120/1174/77 1121/1176/78 1148/1177/79 1149/1175/79
f 1121/1176/80 1119/1178/81 1146/1179/82 1148/1177/82
f 1094/1180/4 1123/1137/4 1103/1136/4 1090/1181/4
f 1244/1182/83 1153/1183/84 1155/1184/85 1154/1185/86
f 1153/1186/84 1157/1187/87 1158/1188/88 1155/1189/85
f 1243/1190/89 1156/1191/90 1158/1188/88 1157/1187/87
f 1156/1191/90 1160/1192/91 1161/1193/92 1158/1188/88
f 1248/1194/93 1159/1195/94 1161/1196/92 1160/1197/91
f 1159/1195/94 1154/1185/86 1155/1184/85 1161/1196/92
f 1155/1189/85 1158/1188/88 1161/1193/92
f 1247/1198/93 1165/1199/91 1167/1200/95 1166/1201/96
f 1165/1202/91 1169/1203/90 1170/1204/97 1167/1205/95
f 1246/1206/89 1168/1207/98 1170/1204/97 1169/1203/90
f 1168/1207/98 1172/1208/99 1173/1209/100 1170/1204/97
f 1251/1210/2 1171/1211/101 1173/1212/100 1172/1213/99
f 1171/1211/101 1166/1214/96 1167/1215/95 1173/1212/100
f 1167/1205/95 1170/1204/97 1173/1209/100
f 1245/1216/83 1177/1217/102 1179/1218/103 1178/1219/84
f 1177/1217/102 1181/1220/104 1182/1221/105 1179/1218/103
f 1252/1222/106 1180/1223/107 1182/1221/105 1181/1220/104
f 1180/1224/107 1184/1225/108 1185/1226/109 1182/1227/105
f 1242/1228/89 1183/1229/87 1185/1226/109 1184/1225/108
f 1183/1229/87 1178/1230/84 1179/1231/103 1185/1226/109
f 1179/1231/103 1182/1227/105 1185/1226/109
f 1250/1232/2 1189/1233/99 1191/1234/110 1190/1235/111
f 1189/1236/99 1193/1237/98 1194/1238/112 1191/1239/110
f 1249/1240/89 1192/1241/108 1194/1238/112 1193/1237/98
f 1192/1241/108 1196/1242/107 1197/1243/113 1194/1238/112
f 1253/1244/106 1195/1245/114 1197/1246/113 1196/1247/107
f 1195/1245/114 1190/1235/111 1191/1234/110 1197/1246/113
f 1191/1239/110 1194/1238/112 1197/1243/113
f 1255/1248/83 1200/1249/86 1202/1250/115 1201/1251/116
f 1200/1249/86 1204/1252/94 1205/1253/117 1202/1250/115
f 1258/1254/93 1203/1255/118 1205/1253/117 1204/1252/94
f 1203/1256/118 1207/1257/119 1208/1258/120 1205/1259/117
f 1256/1260/121 1206/1261/122 1208/1258/120 1207/1257/119
f 1206/1261/122 1201/1262/116 1202/1263/115 1208/1258/120
f 1202/1263/115 1205/1259/117 1208/1258/120
f 1259/1264/123 1211/1265/96 1213/1266/124 1212/1267/118
f 1211/1268/96 1215/1269/101 1216/1270/125 1213/1271/124
f 1261/1272/2 1214/1273/126 1216/1270/125 1215/1269/101
f 1214/1274/126 1218/1275/127 1219/1276/128 1216/1277/125
f 1260/1278/121 1217/1279/119 1219/1276/128 1218/1275/127
f 1217/1279/119 1212/1280/118 1213/1281/124 1219/1276/128
f 1213/1281/124 1216/1277/125 1219/1276/128
f 1254/1282/83 1222/1283/116 1224/1284/129 1223/1285/102
f 1222/1286/116 1226/1287/122 1227/1288/130 1224/1289/129
f 1257/1290/121 1225/1291/131 1227/1288/130 1226/1287/122
f 1225/1291/131 1229/1292/132 1230/1293/133 1227/1288/130
f 1265/1294/134 1228/1295/104 1230/1296/133 1229/1297/132
f 1228/1295/104 1223/1285/102 1224/1284/129 1230/1296/133
f 1224/1289/129 1227/1288/130 1230/1293/133
f 1262/1298/2 1233/1299/111 1235/1300/135 1234/1301/126
f 1233/1299/111 1237/1302/114 1238/1303/136 1235/1300/135
f 1264/1304/106 1236/1305/132 1238/1303/136 1237/1302/114
f 1236/1306/132 1240/1307/131 1241/1308/137 1238/1309/136
f 1263/1310/121 1239/1311/127 1241/1308/137 1240/1307/131
f 1239/1311/127 1234/1312/126 1235/1313/135 1241/1308/137
f 1235/1313/135 1238/1309/136 1241/1308/137
f 1242/1228/89 1243/1190/89 1157/1187/87 1183/1229/87
f 1183/1229/87 1157/1187/87 1153/1186/84 1178/1230/84
f 1178/1219/84 1153/1183/84 1244/1182/83 1245/1216/83
f 1243/1190/89 1246/1206/89 1169/1203/90 1156/1191/90
f 1156/1191/90 1169/1203/90 1165/1202/91 1160/1192/91
f 1160/1197/91 1165/1199/91 1247/1198/93 1248/1194/93
f 1246/1206/89 1249/1240/89 1193/1237/98 1168/1207/98
f 1168/1207/98 1193/1237/98 1189/1236/99 1172/1208/99
f 1172/1213/99 1189/1233/99 1250/1232/2 1251/1210/2
f 1249/1240/89 1242/1228/89 1184/1225/108 1192/1241/108
f 1192/1241/108 1184/1225/108 1180/1224/107 1196/1242/107
f 1196/1247/107 1180/1223/107 1252/1222/106 1253/1244/106
f 1254/1282/83 1255/1248/83 1201/1251/116 1222/1283/116
f 1222/1286/116 1201/1262/116 1206/1261/122 1226/1287/122
f 1226/1287/122 1206/1261/122 1256/1260/121 1257/1290/121
f 1258/1254/93 1259/1264/123 1212/1267/118 1203/1255/118
f 1203/1256/118 1212/1280/118 1217/1279/119 1207/1257/119
f 1207/1257/119 1217/1279/119 1260/1278/121 1256/1260/121
f 1261/1272/2 1262/1298/2 1234/1301/126 1214/1273/126
f 1214/1274/126 1234/1312/126 1239/1311/127 1218/1275/127
f 1218/1275/127 1239/1311/127 1263/1310/121 1260/1278/121
f 1264/1304/106 1265/1294/134 1229/1297/132 1236/1305/132
f 1236/1306/132 1229/1292/132 1225/1291/131 1240/1307/131
f 1240/1307/131 1225/1291/131 1257/1290/121 1263/1310/121
f 1253/1244/106 1264/1304/106 1237/1302/114 1195/1245/114
f 1195/1245/114 1237/1302/114 1233/1299/111 1190/1235/111
f 1190/1235/111 1233/1299/111 1262/1298/2 1250/1232/2
f 1259/1264/123 1247/1198/93 1166/1201/96 1211/1265/96
f 1211/1268/96 1166/1214/96 1171/1211/101 1215/1269/101
f 1215/1269/101 1171/1211/101 1251/1210/2 1261/1272/2
f 1248/1194/93 1258/1254/93 1204/1252/94 1159/1195/94
f 1159/1195/94 1204/1252/94 1200/1249/86 1154/1185/86
f 1154/1185/86 1200/1249/86 1255/1248/83 1244/1182/83
f 1265/1294/134 1252/1222/106 1181/1220/104 1228/1295/104
f 1228/1295/104 1181/1220/104 1177/1217/102 1223/1285/102
f 1223/1285/102 1177/1217/102 1245/1216/83 1254/1282/83
f 1176/1314/89 1151/1315/89 1243/1190/89 1242/1228/89
f 1150/1316/83 1174/1317/83 1245/1216/83 1244/1182/83
f 1151/1315/89 1163/1318/89 1246/1206/89 1243/1190/89
f 1162/1319/93 1152/1320/93 1248/1194/93 1247/1198/93
f 1163/1318/89 1187/1321/89 1249/1240/89 1246/1206/89
f 1186/1322/2 1164/1323/2 1251/1210/2 1250/1232/2
f 1187/1321/89 1176/1314/89 1242/1228/89 1249/1240/89
f 1175/1324/106 1188/1325/106 1253/1244/106 1252/1222/106
f 1220/1326/83 1198/1327/83 1255/1248/83 1254/1282/83
f 1293/1328/106 1279/1329/106 1278/1330/106 1291/1331/106
f 1199/1332/93 1209/1333/93 1259/1264/123 1258/1254/93
f 1297/1334/83 1280/1335/83 1279/1329/83 1293/1336/83
f 1210/1337/2 1231/1338/2 1262/1298/2 1261/1272/2
f 1294/1339/93 1281/1340/93 1280/1335/93 1297/1341/93
f 1232/1342/106 1221/1343/106 1265/1294/134 1264/1304/106
f 1188/1325/106 1232/1342/106 1264/1304/106 1253/1244/106
f 1231/1338/2 1186/1322/2 1250/1232/2 1262/1298/2
f 1209/1333/93 1162/1319/93 1247/1198/93 1259/1264/123
f 1164/1323/2 1210/1337/2 1261/1272/2 1251/1210/2
f 1152/1320/93 1199/1332/93 1258/1254/93 1248/1194/93
f 1198/1327/83 1150/1316/83 1244/1182/83 1255/1248/83
f 1221/1343/106 1175/1324/106 1252/1222/106 1265/1294/134
f 1174/1317/83 1220/1326/83 1254/1282/83 1245/1216/83
f 1266/1344/93 1267/1345/93 1268/1346/93 1269/1347/93
f 1162/1348/121 1267/1345/121 1266/1344/121 1152/1349/121
f 1209/1350/83 1268/1346/83 1267/1345/83 1162/1351/83
f 1199/1352/89 1269/1347/89 1268/1346/89 1209/1353/89
f 1152/1354/2 1266/1344/2 1269/1347/2 1199/1355/2
f 1270/1356/106 1271/1357/106 1272/1358/106 1273/1359/106
f 1175/1351/121 1271/1357/121 1270/1356/121 1188/1350/121
f 1232/1360/89 1273/1359/89 1272/1358/89 1221/1361/89
f 1188/1362/83 1270/1356/83 1273/1359/83 1232/1363/83
f 1274/1364/89 1275/1365/89 1276/1366/89 1277/1367/89
f 1176/1368/2 1275/1365/2 1274/1364/2 1151/1369/2
f 1187/1370/93 1276/1366/93 1275/1365/93 1176/1371/93
f 1163/1372/83 1277/1367/83 1276/1366/83 1187/1373/83
f 1151/1374/106 1274/1364/106 1277/1367/106 1163/1375/106
f 1278/1330/121 1279/1329/121 1280/1335/121 1281/1340/121
f 1292/1376/121 1290/1377/121 1256/1260/121 1260/1278/121
f 1296/1378/121 1292/1376/121 1260/1278/121 1263/1310/121
f 1295/1379/121 1296/1378/121 1263/1310/121 1257/1290/121
f 1290/1377/121 1295/1379/121 1257/1290/121 1256/1260/121
f 1282/1380/2 1283/1381/2 1284/1382/2 1285/1383/2
f 1186/1384/121 1283/1381/121 1282/1380/121 1164/1385/121
f 1231/1386/93 1284/1382/93 1283/1381/93 1186/1387/93
f 1210/1388/89 1285/1383/89 1284/1382/89 1231/1389/89
f 1164/1390/106 1282/1380/106 1285/1383/106 1210/1391/106
f 1286/1392/83 1287/1393/83 1288/1394/83 1289/1395/83
f 1150/1396/121 1287/1393/121 1286/1392/121 1174/1397/121
f 1198/1398/106 1288/1394/106 1287/1393/106 1150/1399/106
f 1220/1400/89 1289/1395/89 1288/1394/89 1198/1401/89
f 1174/1402/93 1286/1392/93 1289/1395/93 1220/1403/93
f 1175/1388/2 1221/1389/2 1272/1358/2 1271/1357/2
f 1291/1404/138 1294/1405/138 1295/1406/138 1290/1407/138
f 1293/1328/5 1291/1331/5 1290/1408/5 1292/1409/5
f 1297/1334/139 1293/1336/139 1292/1410/139 1296/1411/139
f 1294/1339/3 1297/1341/3 1296/1412/3 1295/1413/3
f 1291/1404/2 1278/1330/2 1281/1340/2 1294/1405/2
f 1327/1414/93 1315/1415/93 1318/1416/93 1338/1417/93
f 1305/1418/139 1301/1419/139 1322/1420/139 1334/1421/139
f 1338/1417/93 1335/1422/93 1330/1423/93 1327/1414/93
f 1300/1424/139 1304/1425/139 1339/1426/139 1319/1427/139
f 1299/1428/140 1314/1429/140 1326/1430/140 1303/1431/140
f 1303/1432/138 1326/1433/138 1355/1434/138 1309/1435/138
f 1310/1436/93 1330/1423/93 1335/1422/93 1323/1437/93
f 1339/1438/138 1304/1439/138 1307/1440/138 1346/1441/138
f 1305/1442/141 1334/1443/141 1343/1444/141 1306/1445/141
f 1335/1422/93 1338/1417/93 1347/1446/93 1342/1447/93
f 1331/1448/141 1302/1449/141 1308/1450/141 1350/1451/141
f 1327/1414/93 1330/1423/93 1351/1452/93 1354/1453/93
f 1310/1454/142 1312/1455/142 1332/1456/143 1330/1457/144
f 1312/1455/145 1313/1458/146 1333/1459/147 1332/1456/148
f 1313/1458/149 1311/1460/149 1331/1461/150 1333/1459/151
f 1327/1462/152 1329/1463/153 1317/1464/154 1315/1465/154
f 1329/1463/155 1328/1466/156 1316/1467/157 1317/1464/158
f 1328/1466/159 1326/1430/160 1314/1429/161 1316/1467/161
f 1322/1420/162 1324/1468/162 1336/1469/163 1334/1421/164
f 1324/1468/165 1325/1470/166 1337/1471/167 1336/1469/168
f 1325/1470/169 1323/1472/169 1335/1473/170 1337/1471/171
f 1339/1426/172 1341/1474/173 1321/1475/174 1319/1427/174
f 1341/1474/175 1340/1476/176 1320/1477/177 1321/1475/178
f 1340/1476/179 1338/1478/180 1318/1479/181 1320/1477/181
f 1342/1480/182 1344/1481/182 1337/1482/183 1335/1483/184
f 1344/1481/185 1345/1484/185 1336/1485/186 1337/1482/187
f 1345/1484/188 1343/1444/188 1334/1443/189 1336/1485/190
f 1338/1486/191 1340/1487/192 1349/1488/193 1347/1489/193
f 1340/1487/194 1341/1490/195 1348/1491/196 1349/1488/196
f 1341/1490/197 1339/1438/198 1346/1441/199 1348/1491/199
f 1330/1159/200 1332/1492/201 1353/1493/202 1351/1494/202
f 1332/1492/203 1333/1495/204 1352/1496/205 1353/1493/205
f 1333/1495/206 1331/1448/207 1350/1451/208 1352/1496/208
f 1326/1433/209 1328/1497/210 1357/1498/211 1355/1434/211
f 1328/1497/212 1329/1499/213 1356/1500/214 1357/1498/214
f 1329/1499/215 1327/1501/216 1354/1502/217 1356/1500/217
f 1302/1503/140 1331/1461/140 1311/1460/140 1298/1504/140
f 1387/1505/106 1375/1506/106 1378/1507/106 1398/1508/106
f 1365/1509/138 1361/1510/138 1382/1511/138 1394/1512/138
f 1398/1508/106 1395/1513/106 1390/1514/106 1387/1505/106
f 1360/1515/138 1364/1516/138 1399/1517/138 1379/1518/138
f 1359/1519/141 1374/1520/141 1386/1521/141 1363/1522/141
f 1363/1523/139 1386/1524/139 1415/1525/139 1369/1162/139
f 1370/1526/106 1390/1514/106 1395/1513/106 1383/1527/106
f 1399/1528/139 1364/1529/139 1367/1530/139 1406/1531/139
f 1365/1532/140 1394/1533/140 1403/1534/140 1366/1535/140
f 1395/1513/106 1398/1508/106 1407/1536/106 1402/1537/106
f 1391/1538/140 1362/1539/140 1368/1540/140 1410/1541/140
f 1387/1505/106 1390/1514/106 1411/1542/106 1414/1543/106
f 1370/1544/218 1372/1545/218 1392/1546/219 1390/1547/220
f 1372/1545/221 1373/1548/221 1393/1549/222 1392/1546/223
f 1373/1548/224 1371/1550/224 1391/1551/225 1393/1549/226
f 1387/1552/227 1389/1553/228 1377/1554/229 1375/1555/229
f 1389/1553/230 1388/1556/231 1376/1557/232 1377/1554/233
f 1388/1556/234 1386/1521/235 1374/1520/236 1376/1557/236
f 1382/1511/237 1384/1558/237 1396/1559/238 1394/1512/239
f 1384/1558/240 1385/1560/241 1397/1561/242 1396/1559/243
f 1385/1560/244 1383/1562/244 1395/1563/245 1397/1561/246
f 1399/1517/247 1401/1564/248 1381/1565/249 1379/1518/249
f 1401/1564/250 1400/1566/251 1380/1567/252 1381/1565/252
f 1400/1566/253 1398/1568/254 1378/1569/255 1380/1567/255
f 1402/1570/256 1404/1571/256 1397/1572/257 1395/1573/258
f 1404/1571/259 1405/1574/259 1396/1575/260 1397/1572/261
f 1405/1574/262 1403/1534/262 1394/1533/263 1396/1575/264
f 1398/1576/265 1400/1577/266 1409/1578/267 1407/1579/267
f 1400/1577/268 1401/1580/269 1408/1581/270 1409/1578/270
f 1401/1580/271 1399/1528/272 1406/1531/273 1408/1581/273
f 1390/1582/274 1392/1583/275 1413/1584/276 1411/1585/276
f 1392/1583/277 1393/1586/278 1412/1587/279 1413/1584/279
f 1393/1586/280 1391/1538/281 1410/1541/282 1412/1587/282
f 1386/1524/283 1388/1588/284 1417/1589/285 1415/1525/285
f 1388/1588/286 1389/1590/287 1416/1591/288 1417/1589/288
f 1389/1590/289 1387/1592/290 1414/1593/291 1416/1591/291
f 1362/1594/141 1391/1551/141 1371/1550/141 1358/1595/141
f 1447/1596/83 1435/1597/83 1438/1598/83 1458/1599/83
f 1425/1600/5 1421/1601/5 1442/1602/5 1454/1603/5
f 1458/1599/83 1455/1604/83 1450/1605/83 1447/1596/83
f 1420/1606/5 1424/1607/5 1459/1608/5 1439/1609/5
f 1419/1610/6 1434/1611/6 1446/1612/6 1423/1613/6
f 1423/1614/3 1446/1615/3 1475/1616/3 1429/1617/3
f 1430/1618/83 1450/1605/83 1455/1604/83 1443/1619/83
f 1459/1620/3 1424/1621/3 1427/1622/3 1466/1623/3
f 1425/1624/4 1454/1625/4 1463/1626/4 1426/1627/4
f 1455/1604/83 1458/1599/83 1467/1628/83 1462/1629/83
f 1451/1630/4 1422/1631/4 1428/1632/4 1470/1633/4
f 1447/1596/83 1450/1605/83 1471/1634/83 1474/1635/83
f 1430/1636/292 1432/1637/292 1452/1638/293 1450/1639/294
f 1432/1637/295 1433/1640/295 1453/1641/296 1452/1638/297
f 1433/1640/298 1431/1642/298 1451/1643/299 1453/1641/300
f 1447/1644/301 1449/1645/302 1437/1646/303 1435/1647/303
f 1449/1645/304 1448/1648/305 1436/1649/306 1437/1646/307
f 1448/1648/308 1446/1612/309 1434/1611/310 1436/1649/310
f 1442/1602/311 1444/1650/311 1456/1651/312 1454/1603/313
f 1444/1650/314 1445/1652/315 1457/1653/316 1456/1651/317
f 1445/1652/318 1443/1654/318 1455/1655/319 1457/1653/320
f 1459/1608/321 1461/1656/322 1441/1657/323 1439/1609/323
f 1461/1656/324 1460/1658/325 1440/1659/326 1441/1657/326
f 1460/1658/327 1458/1660/328 1438/1661/329 1440/1659/329
f 1462/1662/330 1464/1663/331 1457/1664/332 1455/1665/333
f 1464/1663/334 1465/1666/334 1456/1667/335 1457/1664/336
f 1465/1666/337 1463/1626/337 1454/1625/338 1456/1667/339
f 1458/1111/340 1460/1668/341 1469/1669/342 1467/1670/343
f 1460/1668/344 1461/1671/345 1468/1672/346 1469/1669/346
f 1461/1671/347 1459/1620/348 1466/1623/349 1468/1672/349
f 1450/1673/350 1452/1674/351 1473/1675/352 1471/1676/353
f 1452/1674/354 1453/1677/355 1472/1678/356 1473/1675/357
f 1453/1677/358 1451/1630/359 1470/1633/360 1472/1678/360
f 1446/1615/361 1448/1679/362 1477/1680/363 1475/1616/363
f 1448/1679/364 1449/1681/365 1476/1682/366 1477/1680/367
f 1449/1681/368 1447/1683/369 1474/1684/370 1476/1682/371
f 1422/1685/6 1451/1643/6 1431/1642/6 1418/1686/6
o Crate_Plane.001
v -0.528604 -7.261376 0.087464
v -0.528604 -6.494112 0.854729
v -0.528604 -6.551919 0.912536
v -0.528604 -7.319184 0.145271
v -0.528604 -6.910810 0.438030
v -0.528604 -6.844677 0.504163
v -0.528604 -6.902485 0.561970
v -0.528604 -6.968617 0.495837
v -0.528604 -7.321543 0.848763
v -0.528604 -7.255410 0.914895
v -0.528604 -6.557885 0.085105
v -0.528604 -6.491752 0.151237
v -0.451774 -7.271484 0.097571
v -0.459259 -7.261376 0.087464
v -0.452777 -7.266430 0.092518
v -0.455517 -7.262731 0.088818
v -0.459259 -6.494112 0.854729
v -0.451774 -6.504219 0.864836
v -0.455517 -6.495466 0.856083
v -0.452777 -6.499166 0.859783
v -0.451774 -6.541811 0.902429
v -0.459259 -6.551919 0.912536
v -0.452777 -6.546865 0.907482
v -0.455517 -6.550565 0.911182
v -0.459259 -7.319184 0.145271
v -0.451774 -7.309076 0.135164
v -0.455517 -7.317830 0.143917
v -0.452777 -7.314130 0.140217
v -0.459259 -6.844677 0.504163
v -0.451774 -6.862391 0.506664
v -0.455517 -6.847051 0.504498
v -0.452777 -6.853535 0.505413
v -0.451774 -6.913311 0.455744
v -0.459259 -6.910810 0.438030
v -0.452777 -6.912061 0.446887
v -0.455517 -6.911146 0.440403
v -0.459259 -6.968617 0.495837
v -0.451774 -6.950903 0.493336
v -0.455517 -6.966244 0.495502
v -0.452777 -6.959761 0.494587
v -0.451774 -6.899984 0.544256
v -0.459259 -6.902485 0.561970
v -0.452777 -6.901235 0.553113
v -0.455517 -6.902150 0.559597
v -0.451774 -7.313937 0.856369
v -0.459259 -7.321543 0.848763
v -0.452777 -7.317740 0.852566
v -0.455517 -7.320524 0.849782
v -0.459259 -7.255410 0.914895
v -0.451774 -7.263017 0.907289
v -0.455517 -7.256430 0.913876
v -0.452777 -7.259213 0.911092
v -0.459259 -6.557885 0.085105
v -0.451774 -6.550279 0.092711
v -0.455517 -6.556866 0.086124
v -0.452777 -6.554082 0.088908
v -0.451774 -6.499359 0.143631
v -0.459259 -6.491752 0.151237
v -0.452777 -6.495556 0.147434
v -0.455517 -6.492772 0.150218
v -1.439069 -7.284159 0.122489
v -1.316580 -7.284159 0.000000
v -1.316580 -7.406648 0.122489
v -1.434876 -7.375261 0.015714
v -1.434876 -7.390934 0.031386
v -1.430803 -7.390270 0.016377
v -1.407683 -7.390934 0.004193
v -1.423355 -7.375261 0.004193
v -1.422692 -7.390270 0.008266
v -1.423355 -7.402454 0.031386
v -1.407683 -7.402454 0.015714
v -1.422692 -7.398381 0.016377
v -0.561559 -7.406648 0.122489
v -0.561559 -7.284159 0.000000
v -0.439069 -7.284159 0.122489
v -0.470456 -7.402454 0.015714
v -0.454783 -7.402454 0.031386
v -0.455446 -7.398381 0.016377
v -0.454783 -7.375261 0.004193
v -0.470456 -7.390934 0.004193
v -0.455446 -7.390270 0.008266
v -0.443262 -7.390934 0.031386
v -0.443262 -7.375261 0.015714
v -0.447335 -7.390270 0.016377
v -1.439069 -6.529137 0.122489
v -1.316580 -6.406648 0.122489
v -1.316580 -6.529137 -0.000000
v -1.434876 -6.422361 0.031386
v -1.434876 -6.438034 0.015714
v -1.430803 -6.423025 0.016377
v -1.407683 -6.410841 0.015714
v -1.423355 -6.410841 0.031386
v -1.422692 -6.414914 0.016377
v -1.423355 -6.438034 0.004193
v -1.407683 -6.422361 0.004193
v -1.422692 -6.423025 0.008266
v -0.439069 -6.529137 0.122489
v -0.561559 -6.529137 -0.000000
v -0.561559 -6.406648 0.122489
v -0.443262 -6.438034 0.015714
v -0.443262 -6.422361 0.031386
v -0.447335 -6.423025 0.016377
v -0.470456 -6.422361 0.004193
v -0.454783 -6.438034 0.004193
v -0.455446 -6.423025 0.008266
v -0.454783 -6.410841 0.031386
v -0.470456 -6.410841 0.015714
v -0.455446 -6.414914 0.016377
v -1.439069 -7.284158 0.877511
v -1.316580 -7.406648 0.877511
v -1.434876 -7.390934 0.968614
v -1.434876 -7.375261 0.984286
v -1.430803 -7.390270 0.983623
v -1.407683 -7.402454 0.984286
v -1.423355 -7.402454 0.968614
v -1.422692 -7.398381 0.983623
v -1.423355 -7.375261 0.995807
v -1.407683 -7.390934 0.995807
v -1.422692 -7.390270 0.991734
v -0.561559 -7.406648 0.877511
v -0.439069 -7.284158 0.877511
v -0.454783 -7.402454 0.968614
v -0.470456 -7.402454 0.984286
v -0.455446 -7.398381 0.983623
v -0.443262 -7.375261 0.984286
v -0.443262 -7.390934 0.968614
v -0.447335 -7.390270 0.983623
v -0.470456 -7.390934 0.995807
v -0.454783 -7.375261 0.995807
v -0.455446 -7.390270 0.991734
v -1.439069 -6.529137 0.877511
v -1.316580 -6.406648 0.877511
v -1.434876 -6.438034 0.984286
v -1.434876 -6.422361 0.968613
v -1.430803 -6.423025 0.983623
v -1.407683 -6.422361 0.995807
v -1.423355 -6.438034 0.995807
v -1.422692 -6.423025 0.991734
v -1.423355 -6.410841 0.968613
v -1.407683 -6.410841 0.984286
v -1.422692 -6.414914 0.983623
v -0.439069 -6.529137 0.877511
v -0.561559 -6.406648 0.877511
v -0.443262 -6.422361 0.968614
v -0.443262 -6.438034 0.984286
v -0.447335 -6.423025 0.983623
v -0.470456 -6.410841 0.984286
v -0.454783 -6.410841 0.968614
v -0.455446 -6.414914 0.983623
v -0.454783 -6.438034 0.995807
v -0.470456 -6.422361 0.995807
v -0.455446 -6.423025 0.991734
v -1.407683 -6.438034 -0.000000
v -1.407683 -7.375261 0.000000
v -1.439069 -7.375261 0.031386
v -1.439069 -6.438034 0.031386
v -0.470456 -7.375261 0.000000
v -0.470456 -7.406648 0.031386
v -1.407683 -7.406648 0.031386
v -0.470456 -6.438034 -0.000000
v -0.439069 -6.438034 0.031386
v -0.439069 -7.375261 0.031386
v -1.407683 -6.406648 0.031386
v -0.470456 -6.406648 0.031386
v -1.439069 -6.438034 0.968614
v -1.439069 -7.375261 0.968614
v -1.407683 -7.375261 1.000000
v -1.407683 -6.438034 1.000000
v -1.407683 -7.406648 0.968614
v -0.470456 -7.406648 0.968614
v -0.470456 -7.375261 1.000000
v -0.439069 -7.375261 0.968614
v -0.439069 -6.438034 0.968614
v -0.470456 -6.438034 1.000000
v -0.470456 -6.406648 0.968614
v -1.407683 -6.406648 0.968614
v -1.316580 -7.329818 0.122489
v -0.561559 -7.329818 0.122489
v -0.561559 -7.329818 0.877511
v -1.316580 -7.329818 0.877511
v -0.561559 -6.483477 0.122489
v -1.316580 -6.483477 0.122489
v -1.316580 -6.483477 0.877511
v -0.561559 -6.483477 0.877511
v -1.316580 -7.284159 0.076830
v -1.316580 -6.529137 0.076830
v -0.561559 -6.529137 0.076830
v -0.561559 -7.284159 0.076830
v -1.316580 -7.284158 0.923170
v -0.561559 -7.284158 0.923170
v -0.561559 -6.529137 0.923170
v -1.316580 -6.529137 0.923170
v -0.515899 -7.284159 0.122489
v -0.515899 -6.529137 0.122489
v -0.515899 -6.529137 0.877511
v -0.515899 -7.284158 0.877511
v -1.362240 -6.529137 0.122489
v -1.362240 -7.284159 0.122489
v -1.362240 -7.284158 0.877511
v -1.362240 -6.529137 0.877511
v -1.338147 -7.305725 1.000000
v -1.316580 -7.284158 0.978433
v -0.539992 -7.305725 1.000000
v -0.561559 -7.284158 0.978433
v -1.316580 -6.529137 0.978433
v -1.338147 -6.507570 1.000000
v -0.539992 -6.507570 1.000000
v -0.561559 -6.529137 0.978433
v -1.293798 -7.318836 0.087464
v -0.526533 -7.318836 0.854729
v -0.584341 -7.318836 0.912536
v -1.351605 -7.318836 0.145271
v -0.943232 -7.318836 0.438030
v -0.877099 -7.318836 0.504163
v -0.934907 -7.318836 0.561970
v -1.001039 -7.318836 0.495837
v -1.353965 -7.318836 0.848763
v -1.287832 -7.318836 0.914896
v -0.590307 -7.318836 0.085105
v -0.524174 -7.318836 0.151237
v -1.303906 -7.395666 0.097571
v -1.293798 -7.388181 0.087464
v -1.298852 -7.394663 0.092518
v -1.295152 -7.391923 0.088818
v -0.526533 -7.388180 0.854729
v -0.536641 -7.395666 0.864836
v -0.527887 -7.391923 0.856083
v -0.531587 -7.394663 0.859783
v -0.574233 -7.395666 0.902429
v -0.584341 -7.388180 0.912536
v -0.579287 -7.394663 0.907483
v -0.582987 -7.391923 0.911182
v -1.351605 -7.388181 0.145271
v -1.341498 -7.395666 0.135164
v -1.350251 -7.391923 0.143917
v -1.346552 -7.394663 0.140217
v -0.877099 -7.388180 0.504163
v -0.894813 -7.395666 0.506664
v -0.879473 -7.391923 0.504498
v -0.885956 -7.394663 0.505413
v -0.945733 -7.395666 0.455744
v -0.943232 -7.388180 0.438030
v -0.944483 -7.394663 0.446887
v -0.943567 -7.391923 0.440403
v -1.001039 -7.388180 0.495837
v -0.983325 -7.395666 0.493336
v -0.998666 -7.391923 0.495502
v -0.992182 -7.394663 0.494587
v -0.932406 -7.395666 0.544256
v -0.934907 -7.388180 0.561970
v -0.933656 -7.394663 0.553113
v -0.934572 -7.391923 0.559597
v -1.346358 -7.395666 0.856369
v -1.353965 -7.388180 0.848763
v -1.350162 -7.394663 0.852566
v -1.352946 -7.391923 0.849782
v -1.287832 -7.388180 0.914896
v -1.295439 -7.395666 0.907289
v -1.288851 -7.391923 0.913877
v -1.291635 -7.394663 0.911092
v -0.590307 -7.388181 0.085105
v -0.582700 -7.395666 0.092711
v -0.589288 -7.391923 0.086124
v -0.586503 -7.394663 0.088908
v -0.531780 -7.395666 0.143631
v -0.524174 -7.388181 0.151237
v -0.527977 -7.394663 0.147434
v -0.525193 -7.391923 0.150218
v -0.584341 -6.501009 0.087464
v -1.351605 -6.501009 0.854729
v -1.293798 -6.501009 0.912536
v -0.526533 -6.501009 0.145271
v -0.934907 -6.501009 0.438030
v -1.001039 -6.501009 0.504163
v -0.943232 -6.501009 0.561970
v -0.877099 -6.501009 0.495837
v -0.524174 -6.501009 0.848763
v -0.590307 -6.501009 0.914895
v -1.287832 -6.501009 0.085105
v -1.353965 -6.501009 0.151237
v -0.574233 -6.424179 0.097571
v -0.584341 -6.431664 0.087464
v -0.579287 -6.425182 0.092518
v -0.582986 -6.427921 0.088818
v -1.351605 -6.431664 0.854729
v -1.341498 -6.424179 0.864836
v -1.350251 -6.427921 0.856083
v -1.346552 -6.425181 0.859783
v -1.303906 -6.424179 0.902429
v -1.293798 -6.431664 0.912536
v -1.298852 -6.425181 0.907482
v -1.295152 -6.427921 0.911182
v -0.526533 -6.431664 0.145271
v -0.536641 -6.424179 0.135164
v -0.527887 -6.427921 0.143917
v -0.531587 -6.425182 0.140217
v -1.001039 -6.431664 0.504163
v -0.983325 -6.424179 0.506664
v -0.998666 -6.427921 0.504498
v -0.992182 -6.425181 0.505413
v -0.932406 -6.424179 0.455744
v -0.934907 -6.431664 0.438030
v -0.933656 -6.425181 0.446887
v -0.934572 -6.427921 0.440403
v -0.877099 -6.431664 0.495837
v -0.894813 -6.424179 0.493336
v -0.879473 -6.427921 0.495502
v -0.885956 -6.425181 0.494587
v -0.945733 -6.424179 0.544256
v -0.943232 -6.431664 0.561970
v -0.944483 -6.425181 0.553113
v -0.943567 -6.427921 0.559597
v -0.531780 -6.424179 0.856369
v -0.524174 -6.431664 0.848763
v -0.527977 -6.425182 0.852566
v -0.525193 -6.427921 0.849782
v -0.590307 -6.431664 0.914895
v -0.582700 -6.424179 0.907289
v -0.589287 -6.427921 0.913876
v -0.586503 -6.425182 0.911092
v -1.287832 -6.431664 0.085105
v -1.295439 -6.424179 0.092711
v -1.288851 -6.427921 0.086124
v -1.291635 -6.425182 0.088908
v -1.346358 -6.424179 0.143631
v -1.353965 -6.431664 0.151237
v -1.350161 -6.425182 0.147434
v -1.352946 -6.427921 0.150218
v -1.350426 -6.551919 0.087464
v -1.350426 -7.319184 0.854729
v -1.350426 -7.261376 0.912536
v -1.350426 -6.494112 0.145271
v -1.350426 -6.902485 0.438030
v -1.350426 -6.968617 0.504163
v -1.350426 -6.910810 0.561970
v -1.350426 -6.844677 0.495837
v -1.350426 -6.491752 0.848763
v -1.350426 -6.557885 0.914895
v -1.350426 -7.255411 0.085105
v -1.350426 -7.321543 0.151237
v -1.427256 -6.541811 0.097571
v -1.419771 -6.551919 0.087464
v -1.426253 -6.546865 0.092518
v -1.423514 -6.550565 0.088818
v -1.419771 -7.319184 0.854729
v -1.427256 -7.309076 0.864836
v -1.423514 -7.317830 0.856083
v -1.426253 -7.314130 0.859783
v -1.427256 -7.271484 0.902429
v -1.419771 -7.261376 0.912536
v -1.426253 -7.266430 0.907482
v -1.423514 -7.262731 0.911182
v -1.419771 -6.494112 0.145271
v -1.427256 -6.504219 0.135164
v -1.423514 -6.495466 0.143917
v -1.426253 -6.499166 0.140217
v -1.419771 -6.968617 0.504163
v -1.427256 -6.950903 0.506664
v -1.423514 -6.966244 0.504498
v -1.426253 -6.959761 0.505413
v -1.427256 -6.899984 0.455744
v -1.419771 -6.902485 0.438030
v -1.426253 -6.901235 0.446887
v -1.423514 -6.902150 0.440403
v -1.419771 -6.844677 0.495837
v -1.427256 -6.862391 0.493336
v -1.423514 -6.847051 0.495502
v -1.426253 -6.853535 0.494587
v -1.427256 -6.913311 0.544256
v -1.419771 -6.910810 0.561970
v -1.426253 -6.912061 0.553113
v -1.423514 -6.911145 0.559597
v -1.427256 -6.499359 0.856369
v -1.419771 -6.491752 0.848763
v -1.426253 -6.495555 0.852566
v -1.423514 -6.492772 0.849782
v -1.419771 -6.557885 0.914895
v -1.427256 -6.550278 0.907289
v -1.423514 -6.556866 0.913876
v -1.426253 -6.554081 0.911092
v -1.419771 -7.255411 0.085105
v -1.427256 -7.263017 0.092711
v -1.423514 -7.256430 0.086124
v -1.426253 -7.259213 0.088908
v -1.427256 -7.313937 0.143631
v -1.419771 -7.321543 0.151237
v -1.426253 -7.317740 0.147434
v -1.423514 -7.320524 0.150218
vn 1.0000 -0.0000 -0.0000
vn -0.0000 -0.7071 0.7071
vn -0.0000 0.7071 -0.7071
vn -0.0000 0.7071 0.7071
vn -0.0000 -0.7071 -0.7071
vn 0.9566 0.2779 0.0881
vn 0.9804 -0.1623 -0.1114
vn 0.9811 -0.1624 -0.1052
vn 0.8557 0.4998 -0.1338
vn 0.8557 0.4998 -0.1339
vn 0.9243 0.0740 -0.3745
vn 0.9247 0.0739 -0.3734
vn 0.4400 0.7910 -0.4251
vn 0.5001 0.4096 -0.7630
vn 0.4986 0.4098 -0.7638
vn 0.9811 0.1052 0.1624
vn 0.9804 0.1114 0.1623
vn 0.9566 -0.0881 -0.2779
vn 0.9247 0.3734 -0.0739
vn 0.9243 0.3745 -0.0740
vn 0.8557 0.1338 -0.4998
vn 0.8557 0.1338 -0.4999
vn 0.4986 0.7638 -0.4099
vn 0.5001 0.7629 -0.4096
vn 0.4400 0.4251 -0.7910
vn 0.4400 -0.4251 0.7910
vn 0.4986 -0.7638 0.4098
vn 0.5001 -0.7629 0.4097
vn 0.8557 -0.1338 0.4998
vn 0.8557 -0.1339 0.4998
vn 0.9247 -0.3734 0.0739
vn 0.9243 -0.3745 0.0741
vn 0.9566 0.0881 0.2779
vn 0.9811 -0.1052 -0.1624
vn 0.9804 -0.1114 -0.1623
vn 0.5001 -0.4096 0.7630
vn 0.4986 -0.4098 0.7638
vn 0.4400 -0.7910 0.4251
vn 0.9243 -0.0740 0.3745
vn 0.9247 -0.0739 0.3734
vn 0.8557 -0.4999 0.1338
vn 0.8557 -0.4998 0.1338
vn 0.9804 0.1623 0.1114
vn 0.9811 0.1625 0.1052
vn 0.9566 -0.2779 -0.0881
vn 0.9496 0.0578 -0.3082
vn 0.9842 -0.1192 0.1311
vn 0.9832 -0.1265 0.1314
vn 0.7929 -0.2071 -0.5731
vn 0.8853 -0.4390 -0.1534
vn 0.8812 -0.4472 -0.1537
vn 0.3471 -0.4544 -0.8204
vn 0.4138 -0.7951 -0.4433
vn 0.4099 -0.7970 -0.4436
vn 0.9832 -0.1314 0.1265
vn 0.9842 -0.1311 0.1192
vn 0.9496 0.3082 -0.0578
vn 0.8812 0.1537 0.4472
vn 0.8853 0.1535 0.4390
vn 0.7929 0.5731 0.2071
vn 0.4099 0.4437 0.7970
vn 0.4139 0.4433 0.7951
vn 0.3471 0.8204 0.4544
vn 0.9832 0.1314 -0.1265
vn 0.9842 0.1311 -0.1192
vn 0.9496 -0.3082 0.0578
vn 0.8811 -0.1536 -0.4472
vn 0.8853 -0.1534 -0.4390
vn 0.7929 -0.5731 -0.2071
vn 0.4099 -0.4436 -0.7970
vn 0.4139 -0.4433 -0.7951
vn 0.3471 -0.8204 -0.4544
vn 0.4139 0.7951 0.4433
vn 0.4099 0.7970 0.4436
vn 0.3471 0.4544 0.8204
vn 0.8853 0.4390 0.1534
vn 0.8812 0.4472 0.1536
vn 0.7929 0.2071 0.5731
vn 0.9842 0.1192 -0.1311
vn 0.9832 0.1265 -0.1314
vn 0.9496 -0.0578 0.3082
vn -1.0000 -0.0000 -0.0000
vn -0.8661 -0.0000 -0.4998
vn -0.7744 -0.4474 -0.4474
vn -0.8661 -0.4998 -0.0000
vn -0.4998 -0.0000 -0.8661
vn -0.4473 -0.4473 -0.7744
vn -0.0000 -0.0000 -1.0000
vn -0.0000 -0.4998 -0.8661
vn -0.0000 -0.8661 -0.4998
vn -0.4473 -0.7744 -0.4473
vn -0.0000 -1.0000 -0.0000
vn -0.4998 -0.8661 -0.0000
vn 0.4473 -0.7744 -0.4473
vn 0.4998 -0.8661 -0.0000
vn 0.4473 -0.4473 -0.7744
vn 0.4998 -0.0000 -0.8661
vn 0.8661 -0.0000 -0.4998
vn 0.7744 -0.4473 -0.4473
vn 0.8661 -0.4998 -0.0000
vn -0.8661 0.4998 -0.0000
vn -0.7744 0.4474 -0.4474
vn -0.4998 0.8661 -0.0000
vn -0.4473 0.7744 -0.4473
vn -0.0000 1.0000 -0.0000
vn -0.0000 0.8661 -0.4998
vn -0.0000 0.4998 -0.8661
vn -0.4473 0.4473 -0.7744
vn 0.7744 0.4473 -0.4473
vn 0.8661 0.4998 -0.0000
vn 0.4473 0.4473 -0.7744
vn 0.4473 0.7744 -0.4473
vn 0.4998 0.8661 -0.0000
vn -0.7744 -0.4473 0.4474
vn -0.8661 -0.0000 0.4998
vn -0.4473 -0.7744 0.4474
vn -0.0000 -0.8661 0.4998
vn -0.0000 -0.4998 0.8661
vn -0.4473 -0.4473 0.7744
vn -0.0000 -0.0000 1.0000
vn -0.4998 -0.0000 0.8661
vn 0.0001 -1.0000 -0.0000
vn 0.4473 -0.7744 0.4474
vn 0.7744 -0.4473 0.4474
vn 0.8661 -0.0000 0.4998
vn 0.4998 -0.0000 0.8661
vn 0.4473 -0.4473 0.7744
vn -0.7744 0.4473 0.4473
vn -0.4473 0.4473 0.7744
vn -0.0000 0.4998 0.8661
vn -0.0000 0.8661 0.4998
vn -0.4473 0.7744 0.4473
vn -0.0001 1.0000 -0.0000
vn 0.7744 0.4473 0.4474
vn 0.4473 0.7744 0.4474
vn 0.4473 0.4473 0.7744
vn 0.7071 -0.0000 0.7071
vn -0.7071 -0.0000 0.7071
vn 0.7071 -0.0000 -0.7071
vn -0.7071 -0.0000 -0.7071
vn 0.2779 -0.9566 0.0881
vn -0.1623 -0.9804 -0.1114
vn -0.1624 -0.9811 -0.1052
vn 0.4998 -0.8557 -0.1338
vn 0.4998 -0.8557 -0.1339
vn 0.0741 -0.9243 -0.3745
vn 0.0739 -0.9247 -0.3734
vn 0.7910 -0.4400 -0.4251
vn 0.4096 -0.5001 -0.7629
vn 0.4098 -0.4986 -0.7638
vn 0.1052 -0.9811 0.1624
vn 0.1114 -0.9804 0.1623
vn -0.0881 -0.9566 -0.2779
vn 0.3734 -0.9247 -0.0739
vn 0.3745 -0.9243 -0.0741
vn 0.1338 -0.8557 -0.4998
vn 0.1339 -0.8557 -0.4998
vn 0.7638 -0.4986 -0.4098
vn 0.7629 -0.5001 -0.4097
vn 0.4251 -0.4400 -0.7910
vn -0.4251 -0.4400 0.7910
vn -0.7638 -0.4986 0.4098
vn -0.7630 -0.5001 0.4096
vn -0.1338 -0.8557 0.4998
vn -0.1339 -0.8557 0.4998
vn -0.3734 -0.9247 0.0739
vn -0.3745 -0.9243 0.0741
vn 0.0881 -0.9566 0.2779
vn -0.1052 -0.9811 -0.1624
vn -0.1114 -0.9804 -0.1623
vn -0.4096 -0.5001 0.7630
vn -0.4098 -0.4986 0.7638
vn -0.7910 -0.4400 0.4251
vn -0.0741 -0.9243 0.3745
vn -0.0739 -0.9247 0.3734
vn -0.4998 -0.8557 0.1338
vn -0.4998 -0.8557 0.1339
vn 0.1623 -0.9804 0.1114
vn 0.1624 -0.9811 0.1052
vn -0.2779 -0.9566 -0.0881
vn 0.0578 -0.9496 -0.3082
vn -0.1192 -0.9842 0.1311
vn -0.1265 -0.9832 0.1314
vn -0.2071 -0.7929 -0.5731
vn -0.4390 -0.8853 -0.1534
vn -0.4472 -0.8812 -0.1536
vn -0.4544 -0.3471 -0.8204
vn -0.7951 -0.4139 -0.4433
vn -0.7970 -0.4099 -0.4436
vn -0.1314 -0.9832 0.1265
vn -0.1311 -0.9842 0.1192
vn 0.3082 -0.9496 -0.0578
vn 0.1536 -0.8812 0.4472
vn 0.1534 -0.8853 0.4390
vn 0.5731 -0.7929 0.2071
vn 0.4436 -0.4099 0.7970
vn 0.4433 -0.4139 0.7951
vn 0.8204 -0.3471 0.4544
vn 0.1314 -0.9832 -0.1265
vn 0.1312 -0.9842 -0.1192
vn -0.3082 -0.9496 0.0578
vn -0.1536 -0.8811 -0.4472
vn -0.1534 -0.8853 -0.4390
vn -0.5731 -0.7929 -0.2071
vn -0.4437 -0.4099 -0.7970
vn -0.4433 -0.4139 -0.7951
vn -0.8204 -0.3471 -0.4544
vn 0.7951 -0.4139 0.4433
vn 0.7970 -0.4099 0.4436
vn 0.4544 -0.3471 0.8204
vn 0.4390 -0.8853 0.1534
vn 0.4472 -0.8812 0.1536
vn 0.2071 -0.7929 0.5731
vn 0.1192 -0.9842 -0.1311
vn 0.1265 -0.9832 -0.1314
vn -0.0578 -0.9496 0.3082
vn -0.2779 0.9566 0.0881
vn 0.1623 0.9804 -0.1114
vn 0.1624 0.9811 -0.1052
vn -0.4998 0.8557 -0.1339
vn -0.0740 0.9243 -0.3745
vn -0.0739 0.9247 -0.3734
vn -0.7910 0.4400 -0.4251
vn -0.4097 0.5001 -0.7629
vn -0.4098 0.4986 -0.7638
vn -0.1052 0.9811 0.1624
vn -0.1114 0.9804 0.1623
vn 0.0881 0.9566 -0.2779
vn -0.3734 0.9247 -0.0740
vn -0.3745 0.9243 -0.0740
vn -0.1338 0.8557 -0.4998
vn -0.1339 0.8557 -0.4998
vn -0.7638 0.4986 -0.4098
vn -0.7629 0.5001 -0.4097
vn -0.4251 0.4400 -0.7910
vn 0.4251 0.4400 0.7910
vn 0.7638 0.4986 0.4098
vn 0.7630 0.5001 0.4096
vn 0.1338 0.8557 0.4998
vn 0.1339 0.8557 0.4998
vn 0.3734 0.9247 0.0740
vn 0.3745 0.9243 0.0740
vn -0.0881 0.9566 0.2779
vn 0.1052 0.9811 -0.1624
vn 0.1114 0.9804 -0.1623
vn 0.4096 0.5001 0.7630
vn 0.4098 0.4986 0.7638
vn 0.7910 0.4400 0.4251
vn 0.0740 0.9243 0.3745
vn 0.0739 0.9247 0.3734
vn 0.4999 0.8557 0.1338
vn -0.1623 0.9804 0.1114
vn -0.1624 0.9811 0.1052
vn 0.2779 0.9566 -0.0881
vn -0.0578 0.9496 -0.3082
vn 0.1193 0.9842 0.1311
vn 0.1265 0.9832 0.1314
vn 0.2071 0.7929 -0.5731
vn 0.4390 0.8853 -0.1535
vn 0.4472 0.8812 -0.1537
vn 0.4544 0.3471 -0.8204
vn 0.7951 0.4139 -0.4433
vn 0.7970 0.4099 -0.4436
vn 0.1314 0.9832 0.1265
vn 0.1311 0.9842 0.1192
vn -0.3082 0.9496 -0.0578
vn -0.1537 0.8812 0.4472
vn -0.1535 0.8853 0.4390
vn -0.5731 0.7929 0.2071
vn -0.4437 0.4099 0.7970
vn -0.4434 0.4138 0.7951
vn -0.8204 0.3471 0.4544
vn -0.1314 0.9832 -0.1265
vn -0.1311 0.9842 -0.1192
vn 0.3082 0.9496 0.0578
vn 0.1536 0.8812 -0.4472
vn 0.1535 0.8853 -0.4390
vn 0.5731 0.7929 -0.2071
vn 0.4436 0.4099 -0.7970
vn 0.4433 0.4139 -0.7951
vn 0.8204 0.3471 -0.4544
vn -0.7951 0.4138 0.4433
vn -0.7970 0.4099 0.4436
vn -0.4544 0.3471 0.8204
vn -0.4390 0.8853 0.1535
vn -0.4472 0.8812 0.1537
vn -0.2071 0.7929 0.5731
vn -0.1193 0.9842 -0.1311
vn -0.1265 0.9832 -0.1314
vn 0.0578 0.9496 0.3082
vn -0.9566 -0.2779 0.0881
vn -0.9804 0.1622 -0.1114
vn -0.9811 0.1625 -0.1052
vn -0.8557 -0.4999 -0.1338
vn -0.9243 -0.0740 -0.3745
vn -0.9247 -0.0740 -0.3734
vn -0.4400 -0.7910 -0.4251
vn -0.5001 -0.4097 -0.7629
vn -0.4986 -0.4098 -0.7638
vn -0.9811 -0.1052 0.1625
vn -0.9804 -0.1114 0.1622
vn -0.9566 0.0881 -0.2779
vn -0.9247 -0.3734 -0.0740
vn -0.9243 -0.3745 -0.0740
vn -0.8557 -0.1338 -0.4998
vn -0.8557 -0.1339 -0.4998
vn -0.4986 -0.7638 -0.4098
vn -0.5001 -0.7629 -0.4097
vn -0.4400 -0.4251 -0.7910
vn -0.4400 0.4251 0.7910
vn -0.4986 0.7638 0.4098
vn -0.5001 0.7629 0.4097
vn -0.8557 0.1338 0.4998
vn -0.8557 0.1339 0.4998
vn -0.9247 0.3734 0.0740
vn -0.9243 0.3745 0.0740
vn -0.9566 -0.0881 0.2779
vn -0.9811 0.1052 -0.1625
vn -0.9804 0.1114 -0.1622
vn -0.5001 0.4097 0.7629
vn -0.4986 0.4098 0.7638
vn -0.4400 0.7910 0.4251
vn -0.9243 0.0740 0.3745
vn -0.9247 0.0740 0.3734
vn -0.8557 0.4999 0.1338
vn -0.9804 -0.1622 0.1114
vn -0.9811 -0.1625 0.1052
vn -0.9566 0.2779 -0.0881
vn -0.9496 -0.0578 -0.3082
vn -0.9496 -0.0578 -0.3081
vn -0.9842 0.1192 0.1312
vn -0.9832 0.1265 0.1314
vn -0.7929 0.2071 -0.5731
vn -0.8853 0.4390 -0.1535
vn -0.8812 0.4472 -0.1536
vn -0.3471 0.4544 -0.8204
vn -0.4138 0.7951 -0.4433
vn -0.4099 0.7970 -0.4436
vn -0.9832 0.1314 0.1265
vn -0.9842 0.1312 0.1192
vn -0.9496 -0.3082 -0.0578
vn -0.9496 -0.3081 -0.0578
vn -0.8812 -0.1536 0.4472
vn -0.8853 -0.1535 0.4390
vn -0.7929 -0.5731 0.2071
vn -0.4099 -0.4436 0.7970
vn -0.4139 -0.4433 0.7951
vn -0.3471 -0.8204 0.4544
vn -0.9832 -0.1314 -0.1265
vn -0.9842 -0.1312 -0.1192
vn -0.9496 0.3082 0.0578
vn -0.9496 0.3081 0.0578
vn -0.8812 0.1536 -0.4472
vn -0.8853 0.1535 -0.4390
vn -0.7929 0.5731 -0.2071
vn -0.7929 0.5731 -0.2072
vn -0.4099 0.4436 -0.7970
vn -0.4139 0.4433 -0.7951
vn -0.3471 0.8204 -0.4544
vn -0.4139 -0.7951 0.4433
vn -0.4099 -0.7970 0.4436
vn -0.3471 -0.4544 0.8204
vn -0.8853 -0.4390 0.1535
vn -0.8812 -0.4472 0.1536
vn -0.7929 -0.2071 0.5731
vn -0.7929 -0.2072 0.5731
vn -0.9842 -0.1192 -0.1312
vn -0.9832 -0.1265 -0.1314
vn -0.9496 0.0578 0.3082
vn -0.9496 0.0578 0.3081
vt 0.846577 0.822206
vt 0.756189 0.911385
vt 0.765549 0.920872
vt 0.855937 0.831693
vt 0.362941 0.314024
vt 0.362941 0.438303
vt 0.380324 0.438303
vt 0.380324 0.314024
vt 0.868787 0.819015
vt 0.859428 0.809528
vt 0.365818 0.061986
vt 0.365819 0.186269
vt 0.383202 0.186269
vt 0.383201 0.061986
vt 0.168576 0.430799
vt 0.185959 0.430799
vt 0.185959 0.306519
vt 0.168576 0.306519
vt 0.197030 0.190016
vt 0.214413 0.190016
vt 0.214413 0.064904
vt 0.197030 0.064904
vt 0.949816 0.720349
vt 0.959176 0.729836
vt 0.402053 0.314910
vt 0.384670 0.314910
vt 0.384668 0.440029
vt 0.402051 0.440029
vt 0.232227 0.307406
vt 0.214844 0.307406
vt 0.214844 0.432526
vt 0.232227 0.432526
vt 0.946326 0.923308
vt 0.959176 0.910630
vt 0.203061 0.805517
vt 0.185678 0.805517
vt 0.185677 0.930635
vt 0.203060 0.930635
vt 0.769038 0.717912
vt 0.756188 0.730591
vt 0.146525 0.065542
vt 0.144715 0.065542
vt 0.144716 0.191167
vt 0.146525 0.192516
vt 0.143235 0.065542
vt 0.143235 0.190180
vt 0.142180 0.065542
vt 0.142181 0.189819
vt 0.190302 0.303823
vt 0.188494 0.305171
vt 0.188493 0.430799
vt 0.190302 0.430799
vt 0.187014 0.306158
vt 0.187013 0.430799
vt 0.381376 0.438303
vt 0.381378 0.313663
vt 0.382857 0.438303
vt 0.382859 0.312676
vt 0.384668 0.438303
vt 0.384668 0.311328
vt 0.384255 0.186630
vt 0.384256 0.061986
vt 0.385736 0.187617
vt 0.385736 0.061986
vt 0.387544 0.188965
vt 0.387544 0.061986
vt 0.211266 0.432526
vt 0.212637 0.432526
vt 0.212637 0.305615
vt 0.211265 0.303823
vt 0.213839 0.432526
vt 0.213839 0.306926
vt 0.405631 0.311328
vt 0.404259 0.313120
vt 0.404259 0.440029
vt 0.405631 0.440029
vt 0.403057 0.314431
vt 0.403057 0.440029
vt 0.206640 0.801935
vt 0.205269 0.803726
vt 0.205268 0.930635
vt 0.206640 0.930635
vt 0.204067 0.805037
vt 0.204066 0.930635
vt 0.215418 0.190496
vt 0.215418 0.064904
vt 0.216622 0.191808
vt 0.216622 0.064904
vt 0.217993 0.193600
vt 0.217993 0.064904
vt 0.124798 0.189819
vt 0.124797 0.065542
vt 0.037991 0.257594
vt 0.033868 0.257402
vt 0.034077 0.253190
vt 0.038043 0.253587
vt 0.520746 0.509184
vt 0.520429 0.505058
vt 0.524270 0.505051
vt 0.524884 0.507999
vt 0.520310 0.501078
vt 0.524286 0.501191
vt 0.528402 0.501506
vt 0.527195 0.505714
vt 0.038002 0.245570
vt 0.038056 0.249573
vt 0.034094 0.249986
vt 0.033879 0.245766
vt 0.038010 0.010578
vt 0.033942 0.010506
vt 0.033970 0.006536
vt 0.037940 0.006510
vt 0.528402 0.265541
vt 0.524279 0.265855
vt 0.524275 0.262015
vt 0.527222 0.261405
vt 0.520304 0.265971
vt 0.520417 0.261997
vt 0.520734 0.257882
vt 0.524940 0.259092
vt 0.038027 0.986672
vt 0.038024 0.990690
vt 0.034100 0.990920
vt 0.033938 0.986822
vt 0.037880 0.994781
vt 0.033915 0.993906
vt 0.037980 0.492609
vt 0.038036 0.496616
vt 0.034071 0.497032
vt 0.033854 0.492807
vt 0.038025 0.500634
vt 0.034055 0.500239
vt 0.037975 0.504645
vt 0.033850 0.504453
vt 0.277104 0.501504
vt 0.281227 0.501191
vt 0.281231 0.505030
vt 0.278284 0.505640
vt 0.285202 0.501074
vt 0.285089 0.505048
vt 0.284772 0.509163
vt 0.280566 0.507953
vt 0.037995 0.751693
vt 0.033871 0.751502
vt 0.034074 0.747289
vt 0.038043 0.747682
vt 0.284760 0.257861
vt 0.285078 0.261987
vt 0.281236 0.261995
vt 0.280623 0.259046
vt 0.285197 0.265967
vt 0.281220 0.265854
vt 0.277104 0.265539
vt 0.278311 0.261331
vt 0.037994 0.739657
vt 0.038052 0.743663
vt 0.034087 0.744081
vt 0.033868 0.739857
vt 0.272980 0.257611
vt 0.272923 0.253608
vt 0.276886 0.253191
vt 0.277104 0.257412
vt 0.272934 0.249593
vt 0.276900 0.249987
vt 0.272983 0.245586
vt 0.277104 0.245777
vt 0.520780 0.257841
vt 0.520466 0.253718
vt 0.524306 0.253713
vt 0.524917 0.256661
vt 0.520350 0.249742
vt 0.524324 0.249855
vt 0.528440 0.250171
vt 0.527230 0.254378
vt 0.273007 0.010594
vt 0.273078 0.006526
vt 0.277048 0.006553
vt 0.277075 0.010523
vt 0.273146 0.994751
vt 0.273011 0.990661
vt 0.276939 0.990873
vt 0.277104 0.993893
vt 0.273003 0.986639
vt 0.277090 0.986783
vt 0.277104 0.250206
vt 0.281231 0.249887
vt 0.281239 0.253730
vt 0.278290 0.254343
vt 0.285211 0.249768
vt 0.285099 0.253745
vt 0.284784 0.257861
vt 0.280576 0.256655
vt 0.272973 0.492612
vt 0.277095 0.492804
vt 0.276889 0.497014
vt 0.272922 0.496619
vt 0.528440 0.014166
vt 0.524313 0.014484
vt 0.524305 0.010642
vt 0.527254 0.010028
vt 0.520333 0.014603
vt 0.520445 0.010627
vt 0.520760 0.006510
vt 0.524968 0.007717
vt 0.272966 0.504637
vt 0.272911 0.500634
vt 0.276873 0.500218
vt 0.277090 0.504439
vt 0.272968 0.751660
vt 0.272914 0.747656
vt 0.276876 0.747242
vt 0.277091 0.751462
vt 0.272927 0.743642
vt 0.276893 0.744038
vt 0.272978 0.739635
vt 0.277101 0.739827
vt 0.284764 0.006531
vt 0.285078 0.010654
vt 0.281238 0.010659
vt 0.280627 0.007711
vt 0.285195 0.014630
vt 0.281220 0.014517
vt 0.277104 0.014200
vt 0.278314 0.009994
vt 0.308055 0.478222
vt 0.497455 0.478223
vt 0.060831 0.280443
vt 0.060822 0.469762
vt 0.497452 0.288823
vt 0.060853 0.033422
vt 0.060843 0.222729
vt 0.308052 0.288822
vt 0.060838 0.774531
vt 0.060864 0.963827
vt 0.060818 0.527491
vt 0.060832 0.716808
vt 0.250132 0.469767
vt 0.250139 0.280453
vt 0.739168 0.265507
vt 0.739168 0.279360
vt 0.549901 0.279360
vt 0.549901 0.265507
vt 0.250145 0.222742
vt 0.250161 0.033435
vt 0.753021 0.468627
vt 0.739168 0.468627
vt 0.753021 0.279360
vt 0.250159 0.963800
vt 0.250131 0.774504
vt 0.549901 0.482480
vt 0.549901 0.468627
vt 0.739168 0.482480
vt 0.250137 0.716793
vt 0.250126 0.527481
vt 0.964715 0.698653
vt 0.775448 0.698653
vt 0.775448 0.509386
vt 0.964715 0.509386
vt 0.775448 0.717912
vt 0.964715 0.717912
vt 0.756188 0.509386
vt 0.756188 0.698653
vt 0.964715 0.490126
vt 0.775448 0.490126
vt 0.983974 0.698653
vt 0.983974 0.509386
vt 0.736929 0.509386
vt 0.736929 0.698653
vt 0.547661 0.698653
vt 0.547661 0.509386
vt 0.528402 0.509386
vt 0.528402 0.698653
vt 0.736929 0.490126
vt 0.547661 0.490126
vt 0.485631 0.717711
vt 0.296364 0.717711
vt 0.296364 0.528443
vt 0.485631 0.528443
vt 0.296364 0.736970
vt 0.485631 0.736970
vt 0.277104 0.528443
vt 0.277104 0.717711
vt 0.485631 0.509184
vt 0.296364 0.509184
vt 0.504890 0.717711
vt 0.504890 0.528443
vt 0.302656 0.232320
vt 0.502904 0.232299
vt 0.302640 0.032073
vt 0.502888 0.032052
vt 0.736929 0.926439
vt 0.547661 0.926439
vt 0.547661 0.737172
vt 0.736929 0.737172
vt 0.547661 0.945698
vt 0.736929 0.945698
vt 0.528402 0.737172
vt 0.528402 0.926439
vt 0.736929 0.717912
vt 0.547661 0.717912
vt 0.756188 0.926439
vt 0.756188 0.737172
vt 0.547699 0.025770
vt 0.736966 0.025770
vt 0.736966 0.215037
vt 0.547699 0.215037
vt 0.736966 0.006510
vt 0.547699 0.006510
vt 0.756226 0.215037
vt 0.756226 0.025770
vt 0.547699 0.234296
vt 0.736966 0.234296
vt 0.528440 0.025770
vt 0.528440 0.215037
vt 0.536048 0.279360
vt 0.536048 0.468627
vt 0.528402 0.474033
vt 0.528402 0.273954
vt 0.544495 0.257861
vt 0.744574 0.257861
vt 0.760667 0.273954
vt 0.760667 0.474034
vt 0.744574 0.490126
vt 0.544494 0.490126
vt 0.380343 0.850750
vt 0.470732 0.939929
vt 0.480092 0.930442
vt 0.389703 0.841263
vt 0.109704 0.429126
vt 0.109705 0.304848
vt 0.092322 0.304848
vt 0.092321 0.429125
vt 0.376853 0.828585
vt 0.367493 0.838072
vt 0.168576 0.430797
vt 0.168576 0.306521
vt 0.151193 0.306521
vt 0.151193 0.430797
vt 0.177879 0.800371
vt 0.160495 0.800371
vt 0.160495 0.924653
vt 0.177879 0.924653
vt 0.205348 0.555978
vt 0.187965 0.555978
vt 0.187965 0.681093
vt 0.205348 0.681093
vt 0.277105 0.748893
vt 0.286465 0.739406
vt 0.222732 0.557702
vt 0.205349 0.557702
vt 0.205348 0.682819
vt 0.222731 0.682819
vt 0.218562 0.929627
vt 0.235946 0.929628
vt 0.235947 0.804509
vt 0.218563 0.804509
vt 0.480092 0.749648
vt 0.467242 0.736970
vt 0.207687 0.307406
vt 0.190304 0.307406
vt 0.190302 0.432524
vt 0.207686 0.432524
vt 0.277104 0.929687
vt 0.289954 0.942365
vt 0.142012 0.304613
vt 0.140201 0.304613
vt 0.140203 0.430236
vt 0.142013 0.431586
vt 0.138720 0.304613
vt 0.138722 0.429249
vt 0.137667 0.304613
vt 0.137667 0.428888
vt 0.156153 0.927349
vt 0.157962 0.926001
vt 0.157961 0.800371
vt 0.156151 0.800371
vt 0.159441 0.925014
vt 0.159441 0.800371
vt 0.091268 0.304848
vt 0.091267 0.429487
vt 0.089787 0.304848
vt 0.089786 0.430474
vt 0.087977 0.304848
vt 0.087977 0.431822
vt 0.150139 0.306159
vt 0.150138 0.430797
vt 0.148658 0.305172
vt 0.148659 0.430797
vt 0.146848 0.303823
vt 0.146848 0.430797
vt 0.239525 0.804509
vt 0.238155 0.804509
vt 0.238153 0.931419
vt 0.239525 0.933211
vt 0.236953 0.804509
vt 0.236951 0.930108
vt 0.226311 0.554119
vt 0.224939 0.555911
vt 0.224939 0.682819
vt 0.226311 0.682819
vt 0.223737 0.557222
vt 0.223737 0.682819
vt 0.209893 0.305615
vt 0.209894 0.432524
vt 0.211265 0.432524
vt 0.208691 0.306927
vt 0.208691 0.432524
vt 0.186959 0.555498
vt 0.186959 0.681093
vt 0.185757 0.554186
vt 0.185757 0.681093
vt 0.184385 0.552394
vt 0.184386 0.681093
vt 0.120285 0.428888
vt 0.120285 0.304613
vt 0.859465 0.120290
vt 0.949854 0.209469
vt 0.959214 0.199983
vt 0.868825 0.110804
vt 0.114808 0.188521
vt 0.114808 0.064240
vt 0.097425 0.064240
vt 0.097425 0.188521
vt 0.855975 0.098125
vt 0.846615 0.107612
vt 0.122436 0.923611
vt 0.122436 0.799340
vt 0.105054 0.799340
vt 0.105054 0.923611
vt 0.387544 0.188963
vt 0.404928 0.188963
vt 0.404928 0.064683
vt 0.387545 0.064683
vt 0.405631 0.436444
vt 0.423014 0.436444
vt 0.423014 0.311328
vt 0.756226 0.018433
vt 0.765586 0.008947
vt 0.235377 0.068487
vt 0.217993 0.068487
vt 0.217993 0.193604
vt 0.235376 0.193604
vt 0.409271 0.187106
vt 0.426655 0.187106
vt 0.426656 0.061986
vt 0.409272 0.061986
vt 0.959214 0.019188
vt 0.946364 0.006510
vt 0.443977 0.314911
vt 0.426593 0.314911
vt 0.426593 0.440027
vt 0.443977 0.440027
vt 0.756226 0.199227
vt 0.769076 0.211906
vt 0.328767 0.438802
vt 0.330577 0.438802
vt 0.330575 0.313178
vt 0.328765 0.311829
vt 0.332058 0.438802
vt 0.332056 0.314165
vt 0.333111 0.438802
vt 0.333111 0.314527
vt 0.409271 0.061986
vt 0.407462 0.063335
vt 0.407462 0.188963
vt 0.409271 0.188963
vt 0.405981 0.064322
vt 0.405982 0.188963
vt 0.096372 0.064240
vt 0.096371 0.188883
vt 0.094891 0.064240
vt 0.094891 0.189870
vt 0.093082 0.064240
vt 0.093081 0.191218
vt 0.103999 0.798978
vt 0.103999 0.923611
vt 0.102518 0.797991
vt 0.102519 0.923611
vt 0.100708 0.796641
vt 0.100708 0.923612
vt 0.430234 0.061987
vt 0.428862 0.061987
vt 0.428863 0.188898
vt 0.430234 0.190688
vt 0.427661 0.061987
vt 0.427661 0.187586
vt 0.238956 0.064904
vt 0.237584 0.066696
vt 0.237584 0.193604
vt 0.238956 0.193604
vt 0.236382 0.068007
vt 0.236382 0.193604
vt 0.447556 0.311328
vt 0.446184 0.313120
vt 0.446184 0.440027
vt 0.447556 0.440027
vt 0.444982 0.314431
vt 0.444982 0.440027
vt 0.424019 0.436924
vt 0.424020 0.311328
vt 0.425222 0.438236
vt 0.425222 0.311328
vt 0.426593 0.440028
vt 0.426593 0.311328
vt 0.350493 0.314527
vt 0.350493 0.438802
vt 0.860416 0.349476
vt 0.770027 0.260297
vt 0.760667 0.269784
vt 0.851056 0.358963
vt 0.161894 0.555088
vt 0.161893 0.679367
vt 0.179276 0.679367
vt 0.179277 0.555088
vt 0.863906 0.371641
vt 0.873266 0.362154
vt 0.151842 0.066854
vt 0.151842 0.191136
vt 0.169225 0.191136
vt 0.169225 0.066854
vt 0.149182 0.798790
vt 0.131799 0.798790
vt 0.131799 0.923069
vt 0.149182 0.923069
vt 0.091395 0.795991
vt 0.074012 0.795991
vt 0.074012 0.921102
vt 0.091394 0.921102
vt 0.963655 0.451334
vt 0.954295 0.460820
vt 0.193452 0.068486
vt 0.176069 0.068486
vt 0.176067 0.193605
vt 0.193451 0.193606
vt 0.116351 0.679035
vt 0.133735 0.679035
vt 0.133735 0.553914
vt 0.116351 0.553914
vt 0.760667 0.450578
vt 0.773517 0.463256
vt 0.447618 0.065568
vt 0.430234 0.065568
vt 0.430234 0.190686
vt 0.447617 0.190686
vt 0.963655 0.270539
vt 0.950805 0.257861
vt 0.116351 0.555644
vt 0.114542 0.555644
vt 0.114542 0.681269
vt 0.116351 0.682617
vt 0.113061 0.555644
vt 0.113062 0.680282
vt 0.112007 0.555644
vt 0.112007 0.679920
vt 0.127455 0.925766
vt 0.129264 0.924417
vt 0.129265 0.798790
vt 0.127456 0.798790
vt 0.130745 0.923431
vt 0.130745 0.798790
vt 0.180329 0.679367
vt 0.180331 0.554727
vt 0.181810 0.679367
vt 0.181812 0.553740
vt 0.183621 0.679367
vt 0.183621 0.552392
vt 0.170278 0.191497
vt 0.170280 0.066854
vt 0.171759 0.192484
vt 0.171759 0.066854
vt 0.173568 0.193832
vt 0.173568 0.066854
vt 0.137313 0.553914
vt 0.135941 0.553914
vt 0.135941 0.680825
vt 0.137313 0.682617
vt 0.134740 0.553914
vt 0.134740 0.679515
vt 0.195658 0.066696
vt 0.195658 0.193606
vt 0.197030 0.193606
vt 0.194456 0.068007
vt 0.194456 0.193606
vt 0.451196 0.061986
vt 0.449825 0.063777
vt 0.449825 0.190686
vt 0.451196 0.190686
vt 0.448623 0.065088
vt 0.448622 0.190686
vt 0.073006 0.795511
vt 0.073006 0.921102
vt 0.071803 0.794198
vt 0.071803 0.921102
vt 0.070431 0.792406
vt 0.070431 0.921102
vt 0.094624 0.679920
vt 0.094624 0.555644
s 1
usemtl Material.002
f 1507/1687/372 1495/1688/372 1498/1689/372 1518/1690/372
f 1485/1691/373 1481/1692/373 1502/1693/373 1514/1694/373
f 1518/1690/372 1515/1695/372 1510/1696/372 1507/1687/372
f 1480/1697/373 1484/1698/373 1519/1699/373 1499/1700/373
f 1479/1701/374 1494/1702/374 1506/1703/374 1483/1704/374
f 1483/1705/375 1506/1706/375 1535/1707/375 1489/1708/375
f 1490/1709/372 1510/1696/372 1515/1695/372 1503/1710/372
f 1519/1711/375 1484/1712/375 1487/1713/375 1526/1714/375
f 1485/1715/376 1514/1716/376 1523/1717/376 1486/1718/376
f 1515/1695/372 1518/1690/372 1527/1719/372 1522/1720/372
f 1511/1721/376 1482/1722/376 1488/1723/376 1530/1724/376
f 1507/1687/372 1510/1696/372 1531/1725/372 1534/1726/372
f 1490/1727/377 1492/1728/377 1512/1729/378 1510/1730/379
f 1492/1728/380 1493/1731/381 1513/1732/382 1512/1729/383
f 1493/1731/384 1491/1733/384 1511/1734/385 1513/1732/386
f 1507/1735/387 1509/1736/388 1497/1737/389 1495/1738/389
f 1509/1736/390 1508/1739/391 1496/1740/392 1497/1737/393
f 1508/1739/394 1506/1703/395 1494/1702/396 1496/1740/396
f 1502/1693/397 1504/1741/397 1516/1742/398 1514/1694/399
f 1504/1741/400 1505/1743/401 1517/1744/402 1516/1742/403
f 1505/1743/404 1503/1745/404 1515/1746/405 1517/1744/406
f 1519/1699/407 1521/1747/408 1501/1748/409 1499/1700/409
f 1521/1747/410 1520/1749/411 1500/1750/412 1501/1748/413
f 1520/1749/414 1518/1751/415 1498/1752/416 1500/1750/416
f 1522/1753/417 1524/1754/417 1517/1755/418 1515/1756/419
f 1524/1754/420 1525/1757/420 1516/1758/421 1517/1755/422
f 1525/1757/423 1523/1717/423 1514/1716/424 1516/1758/425
f 1518/1759/426 1520/1760/427 1529/1761/428 1527/1762/428
f 1520/1760/429 1521/1763/430 1528/1764/431 1529/1761/431
f 1521/1763/432 1519/1711/433 1526/1714/434 1528/1764/434
f 1510/1765/435 1512/1766/436 1533/1767/437 1531/1768/437
f 1512/1766/438 1513/1769/439 1532/1770/440 1533/1767/440
f 1513/1769/441 1511/1721/442 1530/1724/443 1532/1770/443
f 1506/1706/444 1508/1771/445 1537/1772/446 1535/1707/446
f 1508/1771/447 1509/1773/448 1536/1774/449 1537/1772/449
f 1509/1773/450 1507/1775/451 1534/1776/452 1536/1774/452
f 1482/1777/374 1511/1734/374 1491/1733/374 1478/1778/374
f 1632/1779/453 1541/1780/454 1543/1781/455 1542/1782/456
f 1541/1783/454 1545/1784/457 1546/1785/458 1543/1786/455
f 1631/1787/459 1544/1788/460 1546/1785/458 1545/1784/457
f 1544/1788/460 1548/1789/461 1549/1790/462 1546/1785/458
f 1636/1791/463 1547/1792/464 1549/1793/462 1548/1794/461
f 1547/1792/464 1542/1782/456 1543/1781/455 1549/1793/462
f 1543/1786/455 1546/1785/458 1549/1790/462
f 1635/1795/463 1553/1796/461 1555/1797/465 1554/1798/466
f 1553/1799/461 1557/1800/460 1558/1801/467 1555/1802/465
f 1634/1803/459 1556/1804/468 1558/1801/467 1557/1800/460
f 1556/1804/468 1560/1805/469 1561/1806/470 1558/1801/467
f 1639/1807/372 1559/1808/471 1561/1809/470 1560/1810/469
f 1559/1808/471 1554/1811/466 1555/1812/465 1561/1809/470
f 1555/1802/465 1558/1801/467 1561/1806/470
f 1633/1813/453 1565/1814/472 1567/1815/473 1566/1816/454
f 1565/1814/472 1569/1817/474 1570/1818/475 1567/1815/473
f 1640/1819/476 1568/1820/477 1570/1818/475 1569/1817/474
f 1568/1821/477 1572/1822/478 1573/1823/479 1570/1824/475
f 1630/1825/459 1571/1826/457 1573/1823/479 1572/1822/478
f 1571/1826/457 1566/1827/454 1567/1828/473 1573/1823/479
f 1567/1828/473 1570/1824/475 1573/1823/479
f 1638/1829/372 1577/1830/469 1579/1831/480 1578/1832/481
f 1577/1833/469 1581/1834/468 1582/1835/482 1579/1836/480
f 1637/1837/459 1580/1838/478 1582/1835/482 1581/1834/468
f 1580/1838/478 1584/1839/477 1585/1840/483 1582/1835/482
f 1641/1841/476 1583/1842/484 1585/1843/483 1584/1844/477
f 1583/1842/484 1578/1832/481 1579/1831/480 1585/1843/483
f 1579/1836/480 1582/1835/482 1585/1840/483
f 1643/1845/453 1588/1846/456 1590/1847/485 1589/1848/486
f 1588/1846/456 1592/1849/464 1593/1850/487 1590/1847/485
f 1646/1851/463 1591/1852/488 1593/1850/487 1592/1849/464
f 1591/1853/488 1595/1854/489 1596/1855/490 1593/1856/487
f 1644/1857/491 1594/1858/492 1596/1855/490 1595/1854/489
f 1594/1858/492 1589/1859/486 1590/1860/485 1596/1855/490
f 1590/1860/485 1593/1856/487 1596/1855/490
f 1647/1861/493 1599/1862/466 1601/1863/494 1600/1864/488
f 1599/1865/466 1603/1866/471 1604/1867/495 1601/1868/494
f 1649/1869/372 1602/1870/496 1604/1867/495 1603/1866/471
f 1602/1871/496 1606/1872/497 1607/1873/498 1604/1874/495
f 1648/1875/491 1605/1876/489 1607/1873/498 1606/1872/497
f 1605/1876/489 1600/1877/488 1601/1878/494 1607/1873/498
f 1601/1878/494 1604/1874/495 1607/1873/498
f 1642/1879/453 1610/1880/486 1612/1881/499 1611/1882/472
f 1610/1883/486 1614/1884/492 1615/1885/500 1612/1886/499
f 1645/1887/491 1613/1888/501 1615/1885/500 1614/1884/492
f 1613/1888/501 1617/1889/502 1618/1890/503 1615/1885/500
f 1653/1891/504 1616/1892/474 1618/1893/503 1617/1894/502
f 1616/1892/474 1611/1882/472 1612/1881/499 1618/1893/503
f 1612/1886/499 1615/1885/500 1618/1890/503
f 1650/1895/372 1621/1896/481 1623/1897/505 1622/1898/496
f 1621/1896/481 1625/1899/484 1626/1900/506 1623/1897/505
f 1652/1901/476 1624/1902/502 1626/1900/506 1625/1899/484
f 1624/1903/502 1628/1904/501 1629/1905/507 1626/1906/506
f 1651/1907/491 1627/1908/497 1629/1905/507 1628/1904/501
f 1627/1908/497 1622/1909/496 1623/1910/505 1629/1905/507
f 1623/1910/505 1626/1906/506 1629/1905/507
f 1630/1825/459 1631/1787/459 1545/1784/457 1571/1826/457
f 1571/1826/457 1545/1784/457 1541/1783/454 1566/1827/454
f 1566/1816/454 1541/1780/454 1632/1779/453 1633/1813/453
f 1631/1787/459 1634/1803/459 1557/1800/460 1544/1788/460
f 1544/1788/460 1557/1800/460 1553/1799/461 1548/1789/461
f 1548/1794/461 1553/1796/461 1635/1795/463 1636/1791/463
f 1634/1803/459 1637/1837/459 1581/1834/468 1556/1804/468
f 1556/1804/468 1581/1834/468 1577/1833/469 1560/1805/469
f 1560/1810/469 1577/1830/469 1638/1829/372 1639/1807/372
f 1637/1837/459 1630/1825/459 1572/1822/478 1580/1838/478
f 1580/1838/478 1572/1822/478 1568/1821/477 1584/1839/477
f 1584/1844/477 1568/1820/477 1640/1819/476 1641/1841/476
f 1642/1879/453 1643/1845/453 1589/1848/486 1610/1880/486
f 1610/1883/486 1589/1859/486 1594/1858/492 1614/1884/492
f 1614/1884/492 1594/1858/492 1644/1857/491 1645/1887/491
f 1646/1851/463 1647/1861/493 1600/1864/488 1591/1852/488
f 1591/1853/488 1600/1877/488 1605/1876/489 1595/1854/489
f 1595/1854/489 1605/1876/489 1648/1875/491 1644/1857/491
f 1649/1869/372 1650/1895/372 1622/1898/496 1602/1870/496
f 1602/1871/496 1622/1909/496 1627/1908/497 1606/1872/497
f 1606/1872/497 1627/1908/497 1651/1907/491 1648/1875/491
f 1652/1901/476 1653/1891/504 1617/1894/502 1624/1902/502
f 1624/1903/502 1617/1889/502 1613/1888/501 1628/1904/501
f 1628/1904/501 1613/1888/501 1645/1887/491 1651/1907/491
f 1641/1841/476 1652/1901/476 1625/1899/484 1583/1842/484
f 1583/1842/484 1625/1899/484 1621/1896/481 1578/1832/481
f 1578/1832/481 1621/1896/481 1650/1895/372 1638/1829/372
f 1647/1861/493 1635/1795/463 1554/1798/466 1599/1862/466
f 1599/1865/466 1554/1811/466 1559/1808/471 1603/1866/471
f 1603/1866/471 1559/1808/471 1639/1807/372 1649/1869/372
f 1636/1791/463 1646/1851/463 1592/1849/464 1547/1792/464
f 1547/1792/464 1592/1849/464 1588/1846/456 1542/1782/456
f 1542/1782/456 1588/1846/456 1643/1845/453 1632/1779/453
f 1653/1891/504 1640/1819/476 1569/1817/474 1616/1892/474
f 1616/1892/474 1569/1817/474 1565/1814/472 1611/1882/472
f 1611/1882/472 1565/1814/472 1633/1813/453 1642/1879/453
f 1564/1911/459 1539/1912/459 1631/1787/459 1630/1825/459
f 1538/1913/453 1562/1914/453 1633/1813/453 1632/1779/453
f 1539/1912/459 1551/1915/459 1634/1803/459 1631/1787/459
f 1550/1916/463 1540/1917/463 1636/1791/463 1635/1795/463
f 1551/1915/459 1575/1918/459 1637/1837/459 1634/1803/459
f 1574/1919/372 1552/1920/372 1639/1807/372 1638/1829/372
f 1575/1918/459 1564/1911/459 1630/1825/459 1637/1837/459
f 1563/1921/476 1576/1922/476 1641/1841/476 1640/1819/476
f 1608/1923/453 1586/1924/453 1643/1845/453 1642/1879/453
f 1681/1925/476 1667/1926/476 1666/1927/476 1679/1928/476
f 1587/1929/463 1597/1930/463 1647/1861/493 1646/1851/463
f 1685/1931/453 1668/1932/453 1667/1926/453 1681/1933/453
f 1598/1934/372 1619/1935/372 1650/1895/372 1649/1869/372
f 1682/1936/463 1669/1937/463 1668/1932/463 1685/1938/463
f 1620/1939/476 1609/1940/476 1653/1891/504 1652/1901/476
f 1576/1922/476 1620/1939/476 1652/1901/476 1641/1841/476
f 1619/1935/372 1574/1919/372 1638/1829/372 1650/1895/372
f 1597/1930/463 1550/1916/463 1635/1795/463 1647/1861/493
f 1552/1920/372 1598/1934/372 1649/1869/372 1639/1807/372
f 1540/1917/463 1587/1929/463 1646/1851/463 1636/1791/463
f 1586/1924/453 1538/1913/453 1632/1779/453 1643/1845/453
f 1609/1940/476 1563/1921/476 1640/1819/476 1653/1891/504
f 1562/1914/453 1608/1923/453 1642/1879/453 1633/1813/453
f 1654/1941/463 1655/1942/463 1656/1943/463 1657/1944/463
f 1550/1945/491 1655/1942/491 1654/1941/491 1540/1946/491
f 1597/1947/453 1656/1943/453 1655/1942/453 1550/1948/453
f 1587/1949/459 1657/1944/459 1656/1943/459 1597/1950/459
f 1540/1951/372 1654/1941/372 1657/1944/372 1587/1952/372
f 1658/1953/476 1659/1954/476 1660/1955/476 1661/1956/476
f 1563/1948/491 1659/1954/491 1658/1953/491 1576/1947/491
f 1620/1957/459 1661/1956/459 1660/1955/459 1609/1958/459
f 1576/1959/453 1658/1953/453 1661/1956/453 1620/1960/453
f 1662/1961/459 1663/1962/459 1664/1963/459 1665/1964/459
f 1564/1965/372 1663/1962/372 1662/1961/372 1539/1966/372
f 1575/1967/463 1664/1963/463 1663/1962/463 1564/1968/463
f 1551/1969/453 1665/1964/453 1664/1963/453 1575/1970/453
f 1539/1971/476 1662/1961/476 1665/1964/476 1551/1972/476
f 1666/1927/491 1667/1926/491 1668/1932/491 1669/1937/491
f 1680/1973/491 1678/1974/491 1644/1857/491 1648/1875/491
f 1684/1975/491 1680/1973/491 1648/1875/491 1651/1907/491
f 1683/1976/491 1684/1975/491 1651/1907/491 1645/1887/491
f 1678/1974/491 1683/1976/491 1645/1887/491 1644/1857/491
f 1670/1977/372 1671/1978/372 1672/1979/372 1673/1980/372
f 1574/1981/491 1671/1978/491 1670/1977/491 1552/1982/491
f 1619/1983/463 1672/1979/463 1671/1978/463 1574/1984/463
f 1598/1985/459 1673/1980/459 1672/1979/459 1619/1986/459
f 1552/1987/476 1670/1977/476 1673/1980/476 1598/1988/476
f 1674/1989/453 1675/1990/453 1676/1991/453 1677/1992/453
f 1538/1993/491 1675/1990/491 1674/1989/491 1562/1994/491
f 1586/1995/476 1676/1991/476 1675/1990/476 1538/1996/476
f 1608/1997/459 1677/1992/459 1676/1991/459 1586/1998/459
f 1562/1999/463 1674/1989/463 1677/1992/463 1608/2000/463
f 1563/1985/372 1609/1986/372 1660/1955/372 1659/1954/372
f 1679/2001/508 1682/2002/508 1683/2003/508 1678/2004/508
f 1681/1925/375 1679/1928/375 1678/2005/375 1680/2006/375
f 1685/1931/509 1681/1933/509 1680/2007/509 1684/2008/509
f 1682/1936/373 1685/1938/373 1684/2009/373 1683/2010/373
f 1679/2001/372 1666/1927/372 1669/1937/372 1682/2002/372
f 1715/2011/463 1703/2012/463 1706/2013/463 1726/2014/463
f 1693/2015/509 1689/2016/509 1710/2017/509 1722/2018/509
f 1726/2014/463 1723/2019/463 1718/2020/463 1715/2011/463
f 1688/2021/509 1692/2022/509 1727/2023/509 1707/2024/509
f 1687/2025/510 1702/2026/510 1714/2027/510 1691/2028/510
f 1691/2029/508 1714/2030/508 1743/2031/508 1697/2032/508
f 1698/2033/463 1718/2020/463 1723/2019/463 1711/2034/463
f 1727/2035/508 1692/2036/508 1695/2037/508 1734/2038/508
f 1693/2039/511 1722/2040/511 1731/2041/511 1694/2042/511
f 1723/2019/463 1726/2014/463 1735/2043/463 1730/2044/463
f 1719/2045/511 1690/2046/511 1696/2047/511 1738/2048/511
f 1715/2011/463 1718/2020/463 1739/2049/463 1742/2050/463
f 1698/2051/512 1700/2052/512 1720/2053/513 1718/2054/514
f 1700/2052/515 1701/2055/516 1721/2056/517 1720/2053/518
f 1701/2055/519 1699/2057/519 1719/2058/520 1721/2056/521
f 1715/2059/522 1717/2060/523 1705/2061/524 1703/2062/524
f 1717/2060/525 1716/2063/526 1704/2064/527 1705/2061/528
f 1716/2063/529 1714/2027/530 1702/2026/531 1704/2064/531
f 1710/2017/532 1712/2065/532 1724/2066/533 1722/2018/534
f 1712/2065/535 1713/2067/536 1725/2068/537 1724/2066/538
f 1713/2067/539 1711/2069/539 1723/2070/540 1725/2068/541
f 1727/2023/542 1729/2071/543 1709/2072/544 1707/2024/544
f 1729/2071/545 1728/2073/546 1708/2074/547 1709/2072/548
f 1728/2073/549 1726/2075/550 1706/2076/551 1708/2074/551
f 1730/2077/552 1732/2078/552 1725/2079/553 1723/2080/554
f 1732/2078/555 1733/2081/555 1724/2082/556 1725/2079/557
f 1733/2081/558 1731/2041/558 1722/2040/559 1724/2082/560
f 1726/2083/561 1728/2084/562 1737/2085/563 1735/2086/563
f 1728/2084/564 1729/2087/565 1736/2088/566 1737/2085/566
f 1729/2087/567 1727/2035/568 1734/2038/569 1736/2088/569
f 1718/1756/570 1720/2089/571 1741/2090/572 1739/2091/572
f 1720/2089/573 1721/2092/574 1740/2093/575 1741/2090/575
f 1721/2092/576 1719/2045/577 1738/2048/578 1740/2093/578
f 1714/2030/579 1716/2094/580 1745/2095/581 1743/2031/581
f 1716/2094/582 1717/2096/583 1744/2097/584 1745/2095/584
f 1717/2096/585 1715/2098/586 1742/2099/587 1744/2097/587
f 1690/2100/510 1719/2058/510 1699/2057/510 1686/2101/510
f 1775/2102/476 1763/2103/476 1766/2104/476 1786/2105/476
f 1753/2106/508 1749/2107/508 1770/2108/508 1782/2109/508
f 1786/2105/476 1783/2110/476 1778/2111/476 1775/2102/476
f 1748/2112/508 1752/2113/508 1787/2114/508 1767/2115/508
f 1747/2116/511 1762/2117/511 1774/2118/511 1751/2119/511
f 1751/2120/509 1774/2121/509 1803/2122/509 1757/1759/509
f 1758/2123/476 1778/2111/476 1783/2110/476 1771/2124/476
f 1787/2125/509 1752/2126/509 1755/2127/509 1794/2128/509
f 1753/2129/510 1782/2130/510 1791/2131/510 1754/2132/510
f 1783/2110/476 1786/2105/476 1795/2133/476 1790/2134/476
f 1779/2135/510 1750/2136/510 1756/2137/510 1798/2138/510
f 1775/2102/476 1778/2111/476 1799/2139/476 1802/2140/476
f 1758/2141/588 1760/2142/588 1780/2143/589 1778/2144/590
f 1760/2142/591 1761/2145/591 1781/2146/592 1780/2143/593
f 1761/2145/594 1759/2147/594 1779/2148/595 1781/2146/596
f 1775/2149/597 1777/2150/598 1765/2151/599 1763/2152/599
f 1777/2150/600 1776/2153/601 1764/2154/602 1765/2151/603
f 1776/2153/604 1774/2118/605 1762/2117/606 1764/2154/606
f 1770/2108/607 1772/2155/607 1784/2156/608 1782/2109/609
f 1772/2155/610 1773/2157/611 1785/2158/612 1784/2156/613
f 1773/2157/614 1771/2159/614 1783/2160/615 1785/2158/616
f 1787/2114/617 1789/2161/618 1769/2162/619 1767/2115/619
f 1789/2161/620 1788/2163/621 1768/2164/622 1769/2162/622
f 1788/2163/623 1786/2165/624 1766/2166/625 1768/2164/625
f 1790/2167/626 1792/2168/626 1785/2169/627 1783/2170/628
f 1792/2168/629 1793/2171/629 1784/2172/630 1785/2169/631
f 1793/2171/632 1791/2131/632 1782/2130/633 1784/2172/634
f 1786/2173/635 1788/2174/636 1797/2175/637 1795/2176/637
f 1788/2174/638 1789/2177/639 1796/2178/640 1797/2175/640
f 1789/2177/641 1787/2125/642 1794/2128/643 1796/2178/643
f 1778/2179/644 1780/2180/645 1801/2181/646 1799/2182/646
f 1780/2180/647 1781/2183/648 1800/2184/649 1801/2181/649
f 1781/2183/650 1779/2135/651 1798/2138/652 1800/2184/652
f 1774/2121/653 1776/2185/654 1805/2186/655 1803/2122/655
f 1776/2185/656 1777/2187/657 1804/2188/658 1805/2186/658
f 1777/2187/659 1775/2189/660 1802/2190/661 1804/2188/661
f 1750/2191/511 1779/2148/511 1759/2147/511 1746/2192/511
f 1835/2193/453 1823/2194/453 1826/2195/453 1846/2196/453
f 1813/2197/375 1809/2198/375 1830/2199/375 1842/2200/375
f 1846/2196/453 1843/2201/453 1838/2202/453 1835/2193/453
f 1808/2203/375 1812/2204/375 1847/2205/375 1827/2206/375
f 1807/2207/376 1822/2208/376 1834/2209/376 1811/2210/376
f 1811/2211/373 1834/2212/373 1863/2213/373 1817/2214/373
f 1818/2215/453 1838/2202/453 1843/2201/453 1831/2216/453
f 1847/2217/373 1812/2218/373 1815/2219/373 1854/2220/373
f 1813/2221/374 1842/2222/374 1851/2223/374 1814/2224/374
f 1843/2201/453 1846/2196/453 1855/2225/453 1850/2226/453
f 1839/2227/374 1810/2228/374 1816/2229/374 1858/2230/374
f 1835/2193/453 1838/2202/453 1859/2231/453 1862/2232/453
f 1818/2233/662 1820/2234/662 1840/2235/663 1838/2236/664
f 1820/2234/665 1821/2237/665 1841/2238/666 1840/2235/667
f 1821/2237/668 1819/2239/668 1839/2240/669 1841/2238/670
f 1835/2241/671 1837/2242/672 1825/2243/673 1823/2244/673
f 1837/2242/674 1836/2245/675 1824/2246/676 1825/2243/677
f 1836/2245/678 1834/2209/679 1822/2208/680 1824/2246/680
f 1830/2199/681 1832/2247/681 1844/2248/682 1842/2200/683
f 1832/2247/684 1833/2249/685 1845/2250/686 1844/2248/687
f 1833/2249/688 1831/2251/688 1843/2252/689 1845/2250/690
f 1847/2205/691 1849/2253/692 1829/2254/693 1827/2206/693
f 1849/2253/694 1848/2255/695 1828/2256/696 1829/2254/696
f 1848/2255/697 1846/2257/698 1826/2258/699 1828/2256/699
f 1850/2259/700 1852/2260/701 1845/2261/702 1843/2262/703
f 1852/2260/704 1853/2263/704 1844/2264/705 1845/2261/706
f 1853/2263/707 1851/2223/707 1842/2222/708 1844/2264/709
f 1846/1708/710 1848/2265/711 1857/2266/712 1855/2267/713
f 1848/2265/714 1849/2268/715 1856/2269/716 1857/2266/716
f 1849/2268/717 1847/2217/718 1854/2220/719 1856/2269/719
f 1838/2270/720 1840/2271/721 1861/2272/722 1859/2273/723
f 1840/2271/724 1841/2274/725 1860/2275/726 1861/2272/727
f 1841/2274/728 1839/2227/729 1858/2230/730 1860/2275/730
f 1834/2212/731 1836/2276/732 1865/2277/733 1863/2213/733
f 1836/2276/734 1837/2278/735 1864/2279/736 1865/2277/737
f 1837/2278/738 1835/2280/739 1862/2281/740 1864/2279/741
f 1810/2282/376 1839/2240/376 1819/2239/376 1806/2283/376
o Crate_Plane.002
v 0.502342 -7.111287 1.062371
v 0.502342 -6.344022 1.829636
v 0.502342 -6.401830 1.887443
v 0.502342 -7.169095 1.120178
v 0.502342 -6.760721 1.412937
v 0.502342 -6.694588 1.479069
v 0.502342 -6.752396 1.536877
v 0.502342 -6.818528 1.470744
v 0.502342 -7.171454 1.823670
v 0.502342 -7.105321 1.889802
v 0.502342 -6.407795 1.060011
v 0.502342 -6.341663 1.126144
v 0.579172 -7.121395 1.072478
v 0.571687 -7.111287 1.062371
v 0.578169 -7.116341 1.067425
v 0.575430 -7.112641 1.063725
v 0.571687 -6.344022 1.829636
v 0.579172 -6.354130 1.839743
v 0.575430 -6.345376 1.830990
v 0.578169 -6.349076 1.834689
v 0.579172 -6.391722 1.877336
v 0.571687 -6.401830 1.887443
v 0.578169 -6.396776 1.882389
v 0.575430 -6.400476 1.886089
v 0.571687 -7.169095 1.120178
v 0.579172 -7.158987 1.110070
v 0.575430 -7.167740 1.118824
v 0.578169 -7.164041 1.115124
v 0.571687 -6.694588 1.479069
v 0.579172 -6.712302 1.481571
v 0.575430 -6.696962 1.479405
v 0.578169 -6.703445 1.480320
v 0.579172 -6.763222 1.430651
v 0.571687 -6.760721 1.412937
v 0.578169 -6.761971 1.421794
v 0.575430 -6.761056 1.415310
v 0.571687 -6.818528 1.470744
v 0.579172 -6.800814 1.468243
v 0.575430 -6.816155 1.470409
v 0.578169 -6.809671 1.469494
v 0.579172 -6.749895 1.519163
v 0.571687 -6.752396 1.536877
v 0.578169 -6.751145 1.528020
v 0.575430 -6.752061 1.534504
v 0.579172 -7.163847 1.831276
v 0.571687 -7.171454 1.823670
v 0.578169 -7.167651 1.827473
v 0.575429 -7.170435 1.824689
v 0.571687 -7.105321 1.889802
v 0.579172 -7.112927 1.882196
v 0.575429 -7.106340 1.888783
v 0.578169 -7.109124 1.885999
v 0.571687 -6.407795 1.060011
v 0.579172 -6.400189 1.067618
v 0.575430 -6.406776 1.061031
v 0.578169 -6.403993 1.063815
v 0.579172 -6.349269 1.118538
v 0.571687 -6.341663 1.126144
v 0.578169 -6.345467 1.122341
v 0.575430 -6.342682 1.125125
v -0.408123 -7.134069 1.097396
v -0.285634 -7.134069 0.974907
v -0.285634 -7.256558 1.097396
v -0.403930 -7.225172 0.990621
v -0.403930 -7.240845 1.006293
v -0.399857 -7.240181 0.991284
v -0.376737 -7.240845 0.979100
v -0.392409 -7.225172 0.979100
v -0.391746 -7.240181 0.983173
v -0.392409 -7.252365 1.006293
v -0.376737 -7.252365 0.990621
v -0.391746 -7.248292 0.991284
v 0.469388 -7.256558 1.097396
v 0.469388 -7.134069 0.974907
v 0.591877 -7.134069 1.097396
v 0.560490 -7.252365 0.990621
v 0.576163 -7.252365 1.006293
v 0.575500 -7.248292 0.991284
v 0.576163 -7.225172 0.979100
v 0.560490 -7.240845 0.979100
v 0.575500 -7.240181 0.983173
v 0.587684 -7.240845 1.006293
v 0.587684 -7.225172 0.990621
v 0.583611 -7.240181 0.991284
v -0.408123 -6.379047 1.097396
v -0.285634 -6.256558 1.097396
v -0.285634 -6.379047 0.974907
v -0.403930 -6.272272 1.006293
v -0.403930 -6.287945 0.990621
v -0.399857 -6.272936 0.991284
v -0.376737 -6.260752 0.990621
v -0.392409 -6.260752 1.006293
v -0.391746 -6.264825 0.991284
v -0.392409 -6.287945 0.979100
v -0.376737 -6.272272 0.979100
v -0.391746 -6.272936 0.983173
v 0.591877 -6.379047 1.097396
v 0.469388 -6.379047 0.974907
v 0.469388 -6.256558 1.097396
v 0.587684 -6.287945 0.990621
v 0.587684 -6.272272 1.006293
v 0.583611 -6.272936 0.991284
v 0.560490 -6.272272 0.979100
v 0.576163 -6.287945 0.979100
v 0.575500 -6.272936 0.983173
v 0.576163 -6.260752 1.006293
v 0.560490 -6.260752 0.990621
v 0.575500 -6.264825 0.991284
v -0.408123 -7.134069 1.852418
v -0.285634 -7.256558 1.852418
v -0.403930 -7.240845 1.943521
v -0.403930 -7.225172 1.959193
v -0.399857 -7.240181 1.958530
v -0.376737 -7.252365 1.959193
v -0.392409 -7.252365 1.943521
v -0.391746 -7.248292 1.958530
v -0.392409 -7.225172 1.970714
v -0.376737 -7.240845 1.970714
v -0.391746 -7.240181 1.966641
v 0.469388 -7.256558 1.852418
v 0.591877 -7.134069 1.852418
v 0.576163 -7.252365 1.943521
v 0.560490 -7.252365 1.959193
v 0.575500 -7.248292 1.958530
v 0.587684 -7.225172 1.959193
v 0.587684 -7.240845 1.943521
v 0.583611 -7.240181 1.958530
v 0.560490 -7.240845 1.970714
v 0.576163 -7.225172 1.970714
v 0.575500 -7.240181 1.966641
v -0.408123 -6.379047 1.852418
v -0.285634 -6.256558 1.852418
v -0.403930 -6.287945 1.959193
v -0.403930 -6.272272 1.943520
v -0.399857 -6.272935 1.958530
v -0.376737 -6.272272 1.970714
v -0.392409 -6.287945 1.970714
v -0.391746 -6.272935 1.966641
v -0.392409 -6.260752 1.943520
v -0.376737 -6.260752 1.959193
v -0.391746 -6.264824 1.958530
v 0.591877 -6.379047 1.852418
v 0.469388 -6.256558 1.852418
v 0.587684 -6.272272 1.943520
v 0.587684 -6.287945 1.959193
v 0.583611 -6.272935 1.958530
v 0.560490 -6.260752 1.959193
v 0.576163 -6.260752 1.943520
v 0.575500 -6.264824 1.958530
v 0.576163 -6.287945 1.970714
v 0.560490 -6.272272 1.970714
v 0.575500 -6.272935 1.966641
v -0.376737 -6.287945 0.974907
v -0.376737 -7.225172 0.974907
v -0.408123 -7.225172 1.006293
v -0.408123 -6.287945 1.006293
v 0.560490 -7.225172 0.974907
v 0.560490 -7.256558 1.006293
v -0.376737 -7.256558 1.006293
v 0.560490 -6.287945 0.974907
v 0.591877 -6.287945 1.006293
v 0.591877 -7.225172 1.006293
v -0.376737 -6.256558 1.006293
v 0.560490 -6.256558 1.006293
v -0.408123 -6.287945 1.943520
v -0.408123 -7.225172 1.943521
v -0.376737 -7.225172 1.974907
v -0.376737 -6.287945 1.974907
v -0.376737 -7.256558 1.943521
v 0.560490 -7.256558 1.943521
v 0.560490 -7.225172 1.974907
v 0.591877 -7.225172 1.943521
v 0.591877 -6.287945 1.943520
v 0.560490 -6.287945 1.974907
v 0.560490 -6.256558 1.943520
v -0.376737 -6.256558 1.943520
v -0.285634 -7.179729 1.097396
v 0.469388 -7.179729 1.097396
v 0.469388 -7.179729 1.852418
v -0.285634 -7.179729 1.852418
v 0.469388 -6.333388 1.097396
v -0.285634 -6.333388 1.097396
v -0.285634 -6.333388 1.852418
v 0.469388 -6.333388 1.852418
v -0.285634 -7.134069 1.051736
v -0.285634 -6.379047 1.051736
v 0.469388 -6.379047 1.051736
v 0.469388 -7.134069 1.051736
v -0.285634 -7.134069 1.898077
v 0.469388 -7.134069 1.898077
v 0.469388 -6.379047 1.898077
v -0.285634 -6.379047 1.898077
v 0.515047 -7.134069 1.097396
v 0.515047 -6.379047 1.097396
v 0.515047 -6.379047 1.852418
v 0.515047 -7.134069 1.852418
v -0.331293 -6.379047 1.097396
v -0.331293 -7.134069 1.097396
v -0.331293 -7.134069 1.852418
v -0.331293 -6.379047 1.852418
v -0.307201 -7.155636 1.974907
v -0.285634 -7.134069 1.953340
v 0.490954 -7.155636 1.974907
v 0.469388 -7.134069 1.953340
v -0.285634 -6.379047 1.953340
v -0.307201 -6.357481 1.974907
v 0.490954 -6.357481 1.974907
v 0.469388 -6.379047 1.953340
v -0.262852 -7.168746 1.062371
v 0.504413 -7.168746 1.829636
v 0.446606 -7.168746 1.887443
v -0.320659 -7.168746 1.120178
v 0.087714 -7.168746 1.412937
v 0.153847 -7.168746 1.479069
v 0.096039 -7.168746 1.536877
v 0.029907 -7.168746 1.470744
v -0.323019 -7.168746 1.823670
v -0.256886 -7.168746 1.889802
v 0.440640 -7.168746 1.060012
v 0.506772 -7.168746 1.126144
v -0.272960 -7.245576 1.072478
v -0.262852 -7.238091 1.062371
v -0.267906 -7.244574 1.067425
v -0.264206 -7.241834 1.063725
v 0.504413 -7.238091 1.829636
v 0.494305 -7.245576 1.839743
v 0.503059 -7.241834 1.830990
v 0.499359 -7.244574 1.834690
v 0.456713 -7.245576 1.877336
v 0.446606 -7.238091 1.887443
v 0.451659 -7.244574 1.882389
v 0.447960 -7.241834 1.886089
v -0.320659 -7.238091 1.120178
v -0.310552 -7.245576 1.110070
v -0.319305 -7.241834 1.118824
v -0.315605 -7.244574 1.115124
v 0.153847 -7.238091 1.479069
v 0.136133 -7.245576 1.481571
v 0.151474 -7.241834 1.479405
v 0.144990 -7.244574 1.480320
v 0.085213 -7.245576 1.430651
v 0.087714 -7.238091 1.412937
v 0.086464 -7.244574 1.421794
v 0.087379 -7.241834 1.415310
v 0.029907 -7.238091 1.470744
v 0.047621 -7.245576 1.468243
v 0.032280 -7.241834 1.470409
v 0.038764 -7.244574 1.469494
v 0.098541 -7.245576 1.519163
v 0.096039 -7.238091 1.536877
v 0.097290 -7.244574 1.528020
v 0.096375 -7.241834 1.534504
v -0.315412 -7.245576 1.831276
v -0.323019 -7.238091 1.823670
v -0.319215 -7.244574 1.827473
v -0.321999 -7.241834 1.824689
v -0.256886 -7.238091 1.889802
v -0.264492 -7.245576 1.882196
v -0.257905 -7.241834 1.888783
v -0.260689 -7.244574 1.885999
v 0.440640 -7.238091 1.060012
v 0.448246 -7.245576 1.067618
v 0.441659 -7.241834 1.061031
v 0.444443 -7.244574 1.063815
v 0.499166 -7.245576 1.118538
v 0.506772 -7.238091 1.126144
v 0.502969 -7.244574 1.122341
v 0.505753 -7.241834 1.125125
v 0.446606 -6.350919 1.062371
v -0.320659 -6.350919 1.829636
v -0.262852 -6.350919 1.887443
v 0.504413 -6.350919 1.120178
v 0.096039 -6.350919 1.412937
v 0.029907 -6.350919 1.479069
v 0.087714 -6.350919 1.536877
v 0.153847 -6.350919 1.470744
v 0.506772 -6.350919 1.823670
v 0.440640 -6.350919 1.889802
v -0.256886 -6.350919 1.060011
v -0.323018 -6.350919 1.126144
v 0.456713 -6.274090 1.072478
v 0.446606 -6.281575 1.062371
v 0.451659 -6.275093 1.067424
v 0.447960 -6.277832 1.063725
v -0.320659 -6.281575 1.829636
v -0.310552 -6.274089 1.839743
v -0.319305 -6.277832 1.830990
v -0.315605 -6.275092 1.834689
v -0.272959 -6.274089 1.877335
v -0.262852 -6.281575 1.887443
v -0.267906 -6.275092 1.882389
v -0.264206 -6.277832 1.886089
v 0.504413 -6.281575 1.120178
v 0.494305 -6.274090 1.110070
v 0.503059 -6.277832 1.118824
v 0.499359 -6.275093 1.115124
v 0.029907 -6.281575 1.479069
v 0.047621 -6.274090 1.481571
v 0.032280 -6.277832 1.479405
v 0.038764 -6.275092 1.480320
v 0.098541 -6.274090 1.430651
v 0.096039 -6.281575 1.412937
v 0.097290 -6.275092 1.421794
v 0.096375 -6.277832 1.415310
v 0.153847 -6.281575 1.470744
v 0.136133 -6.274090 1.468243
v 0.151474 -6.277832 1.470409
v 0.144990 -6.275092 1.469494
v 0.085213 -6.274090 1.519163
v 0.087714 -6.281575 1.536877
v 0.086464 -6.275092 1.528020
v 0.087379 -6.277832 1.534504
v 0.499166 -6.274090 1.831276
v 0.506772 -6.281575 1.823670
v 0.502969 -6.275093 1.827473
v 0.505753 -6.277832 1.824689
v 0.440640 -6.281575 1.889802
v 0.448246 -6.274090 1.882196
v 0.441659 -6.277832 1.888783
v 0.444443 -6.275093 1.885999
v -0.256886 -6.281575 1.060011
v -0.264492 -6.274090 1.067618
v -0.257905 -6.277832 1.061031
v -0.260689 -6.275093 1.063815
v -0.315412 -6.274090 1.118538
v -0.323018 -6.281575 1.126144
v -0.319215 -6.275093 1.122341
v -0.321999 -6.277832 1.125125
v -0.319480 -6.401830 1.062371
v -0.319480 -7.169095 1.829636
v -0.319480 -7.111287 1.887443
v -0.319480 -6.344022 1.120178
v -0.319480 -6.752396 1.412937
v -0.319480 -6.818528 1.479069
v -0.319480 -6.760721 1.536877
v -0.319480 -6.694588 1.470744
v -0.319480 -6.341663 1.823670
v -0.319480 -6.407795 1.889802
v -0.319480 -7.105321 1.060012
v -0.319480 -7.171454 1.126144
v -0.396310 -6.391722 1.072478
v -0.388825 -6.401830 1.062371
v -0.395307 -6.396776 1.067424
v -0.392567 -6.400476 1.063725
v -0.388825 -7.169095 1.829636
v -0.396310 -7.158987 1.839743
v -0.392567 -7.167740 1.830990
v -0.395307 -7.164041 1.834690
v -0.396310 -7.121395 1.877336
v -0.388825 -7.111287 1.887443
v -0.395307 -7.116341 1.882389
v -0.392567 -7.112641 1.886089
v -0.388825 -6.344022 1.120178
v -0.396310 -6.354130 1.110070
v -0.392567 -6.345376 1.118824
v -0.395307 -6.349076 1.115124
v -0.388825 -6.818528 1.479069
v -0.396310 -6.800814 1.481571
v -0.392567 -6.816155 1.479405
v -0.395307 -6.809671 1.480320
v -0.396310 -6.749895 1.430651
v -0.388825 -6.752396 1.412937
v -0.395307 -6.751145 1.421794
v -0.392567 -6.752060 1.415310
v -0.388825 -6.694588 1.470744
v -0.396310 -6.712302 1.468243
v -0.392567 -6.696961 1.470409
v -0.395307 -6.703445 1.469494
v -0.396310 -6.763222 1.519163
v -0.388825 -6.760721 1.536877
v -0.395307 -6.761971 1.528020
v -0.392567 -6.761056 1.534504
v -0.396310 -6.349269 1.831276
v -0.388825 -6.341663 1.823670
v -0.395307 -6.345466 1.827473
v -0.392567 -6.342682 1.824689
v -0.388825 -6.407795 1.889802
v -0.396310 -6.400189 1.882196
v -0.392567 -6.406776 1.888783
v -0.395307 -6.403992 1.885999
v -0.388825 -7.105321 1.060012
v -0.396310 -7.112927 1.067618
v -0.392567 -7.106340 1.061031
v -0.395307 -7.109124 1.063815
v -0.396310 -7.163847 1.118538
v -0.388825 -7.171454 1.126144
v -0.395307 -7.167651 1.122341
v -0.392567 -7.170434 1.125125
vn 1.0000 -0.0000 -0.0000
vn -0.0000 -0.7071 0.7071
vn -0.0000 0.7071 -0.7071
vn -0.0000 0.7071 0.7071
vn -0.0000 -0.7071 -0.7071
vn 0.9566 0.2779 0.0881
vn 0.9804 -0.1623 -0.1114
vn 0.9811 -0.1624 -0.1052
vn 0.8557 0.4998 -0.1338
vn 0.8557 0.4998 -0.1339
vn 0.9243 0.0740 -0.3745
vn 0.9247 0.0739 -0.3734
vn 0.4400 0.7910 -0.4251
vn 0.5001 0.4096 -0.7630
vn 0.4986 0.4098 -0.7638
vn 0.9811 0.1052 0.1624
vn 0.9804 0.1114 0.1623
vn 0.9566 -0.0881 -0.2779
vn 0.9247 0.3734 -0.0739
vn 0.9243 0.3745 -0.0740
vn 0.8557 0.1338 -0.4998
vn 0.8557 0.1338 -0.4999
vn 0.4986 0.7638 -0.4099
vn 0.5001 0.7629 -0.4096
vn 0.4400 0.4251 -0.7910
vn 0.4400 -0.4251 0.7910
vn 0.4986 -0.7638 0.4098
vn 0.5001 -0.7629 0.4097
vn 0.8557 -0.1338 0.4998
vn 0.8557 -0.1339 0.4998
vn 0.9247 -0.3734 0.0739
vn 0.9243 -0.3745 0.0741
vn 0.9566 0.0881 0.2779
vn 0.9811 -0.1052 -0.1624
vn 0.9804 -0.1114 -0.1623
vn 0.5001 -0.4096 0.7630
vn 0.4986 -0.4098 0.7638
vn 0.4400 -0.7910 0.4251
vn 0.9243 -0.0740 0.3745
vn 0.9247 -0.0739 0.3734
vn 0.8557 -0.4999 0.1338
vn 0.8557 -0.4998 0.1338
vn 0.9804 0.1623 0.1114
vn 0.9811 0.1625 0.1052
vn 0.9566 -0.2779 -0.0881
vn 0.9496 0.0578 -0.3082
vn 0.9842 -0.1192 0.1311
vn 0.9832 -0.1265 0.1314
vn 0.7929 -0.2071 -0.5731
vn 0.8853 -0.4390 -0.1534
vn 0.8812 -0.4472 -0.1537
vn 0.3471 -0.4544 -0.8204
vn 0.4138 -0.7951 -0.4433
vn 0.4099 -0.7970 -0.4436
vn 0.9832 -0.1314 0.1265
vn 0.9842 -0.1311 0.1192
vn 0.9496 0.3082 -0.0578
vn 0.8812 0.1537 0.4472
vn 0.8853 0.1535 0.4390
vn 0.7929 0.5731 0.2071
vn 0.4099 0.4437 0.7970
vn 0.4139 0.4433 0.7951
vn 0.3471 0.8204 0.4544
vn 0.9832 0.1314 -0.1265
vn 0.9842 0.1311 -0.1192
vn 0.9496 -0.3082 0.0578
vn 0.8811 -0.1536 -0.4472
vn 0.8853 -0.1534 -0.4390
vn 0.7929 -0.5731 -0.2071
vn 0.4099 -0.4436 -0.7970
vn 0.4139 -0.4433 -0.7951
vn 0.3471 -0.8204 -0.4544
vn 0.4139 0.7951 0.4433
vn 0.4099 0.7970 0.4436
vn 0.3471 0.4544 0.8204
vn 0.8853 0.4390 0.1534
vn 0.8812 0.4472 0.1536
vn 0.7929 0.2071 0.5731
vn 0.9842 0.1192 -0.1311
vn 0.9832 0.1265 -0.1314
vn 0.9496 -0.0578 0.3082
vn -1.0000 -0.0000 -0.0000
vn -0.8661 -0.0000 -0.4998
vn -0.7744 -0.4474 -0.4474
vn -0.8661 -0.4998 -0.0000
vn -0.4998 -0.0000 -0.8661
vn -0.4473 -0.4473 -0.7744
vn -0.0000 -0.0000 -1.0000
vn -0.0000 -0.4998 -0.8661
vn -0.0000 -0.8661 -0.4998
vn -0.4473 -0.7744 -0.4473
vn -0.0000 -1.0000 -0.0000
vn -0.4998 -0.8661 -0.0000
vn 0.4473 -0.7744 -0.4473
vn 0.4998 -0.8661 -0.0000
vn 0.4473 -0.4473 -0.7744
vn 0.4998 -0.0000 -0.8661
vn 0.8661 -0.0000 -0.4998
vn 0.7744 -0.4473 -0.4473
vn 0.8661 -0.4998 -0.0000
vn -0.8661 0.4998 -0.0000
vn -0.7744 0.4474 -0.4474
vn -0.4998 0.8661 -0.0000
vn -0.4473 0.7744 -0.4473
vn -0.0000 1.0000 -0.0000
vn -0.0000 0.8661 -0.4998
vn -0.0000 0.4998 -0.8661
vn -0.4473 0.4473 -0.7744
vn 0.7744 0.4473 -0.4473
vn 0.8661 0.4998 -0.0000
vn 0.4473 0.4473 -0.7744
vn 0.4473 0.7744 -0.4473
vn 0.4998 0.8661 -0.0000
vn -0.7744 -0.4473 0.4474
vn -0.8661 -0.0000 0.4998
vn -0.4473 -0.7744 0.4474
vn -0.0000 -0.8661 0.4998
vn -0.0000 -0.4998 0.8661
vn -0.4473 -0.4473 0.7744
vn -0.0000 -0.0000 1.0000
vn -0.4998 -0.0000 0.8661
vn 0.0001 -1.0000 -0.0000
vn 0.4473 -0.7744 0.4474
vn 0.7744 -0.4473 0.4474
vn 0.8661 -0.0000 0.4998
vn 0.4998 -0.0000 0.8661
vn 0.4473 -0.4473 0.7744
vn -0.7744 0.4473 0.4473
vn -0.4473 0.4473 0.7744
vn -0.0000 0.4998 0.8661
vn -0.0000 0.8661 0.4998
vn -0.4473 0.7744 0.4473
vn -0.0001 1.0000 -0.0000
vn 0.7744 0.4473 0.4474
vn 0.4473 0.7744 0.4474
vn 0.4473 0.4473 0.7744
vn 0.7071 -0.0000 0.7071
vn -0.7071 -0.0000 0.7071
vn 0.7071 -0.0000 -0.7071
vn -0.7071 -0.0000 -0.7071
vn 0.2779 -0.9566 0.0881
vn -0.1623 -0.9804 -0.1114
vn -0.1624 -0.9811 -0.1052
vn 0.4998 -0.8557 -0.1338
vn 0.4998 -0.8557 -0.1339
vn 0.0741 -0.9243 -0.3745
vn 0.0739 -0.9247 -0.3734
vn 0.7910 -0.4400 -0.4251
vn 0.4096 -0.5001 -0.7629
vn 0.4098 -0.4986 -0.7638
vn 0.1052 -0.9811 0.1624
vn 0.1114 -0.9804 0.1623
vn -0.0881 -0.9566 -0.2779
vn 0.3734 -0.9247 -0.0739
vn 0.3745 -0.9243 -0.0741
vn 0.1338 -0.8557 -0.4998
vn 0.1339 -0.8557 -0.4998
vn 0.7638 -0.4986 -0.4098
vn 0.7629 -0.5001 -0.4097
vn 0.4251 -0.4400 -0.7910
vn -0.4251 -0.4400 0.7910
vn -0.7638 -0.4986 0.4098
vn -0.7630 -0.5001 0.4096
vn -0.1338 -0.8557 0.4998
vn -0.1339 -0.8557 0.4998
vn -0.3734 -0.9247 0.0739
vn -0.3745 -0.9243 0.0741
vn 0.0881 -0.9566 0.2779
vn -0.1052 -0.9811 -0.1624
vn -0.1114 -0.9804 -0.1623
vn -0.4096 -0.5001 0.7630
vn -0.4098 -0.4986 0.7638
vn -0.7910 -0.4400 0.4251
vn -0.0741 -0.9243 0.3745
vn -0.0739 -0.9247 0.3734
vn -0.4998 -0.8557 0.1338
vn -0.4998 -0.8557 0.1339
vn 0.1623 -0.9804 0.1114
vn 0.1624 -0.9811 0.1052
vn -0.2779 -0.9566 -0.0881
vn 0.0578 -0.9496 -0.3082
vn -0.1192 -0.9842 0.1311
vn -0.1265 -0.9832 0.1314
vn -0.2071 -0.7929 -0.5731
vn -0.4390 -0.8853 -0.1534
vn -0.4472 -0.8812 -0.1536
vn -0.4544 -0.3471 -0.8204
vn -0.7951 -0.4139 -0.4433
vn -0.7970 -0.4099 -0.4436
vn -0.1314 -0.9832 0.1265
vn -0.1311 -0.9842 0.1192
vn 0.3082 -0.9496 -0.0578
vn 0.1536 -0.8812 0.4472
vn 0.1534 -0.8853 0.4390
vn 0.5731 -0.7929 0.2071
vn 0.4436 -0.4099 0.7970
vn 0.4433 -0.4139 0.7951
vn 0.8204 -0.3471 0.4544
vn 0.1314 -0.9832 -0.1265
vn 0.1312 -0.9842 -0.1192
vn -0.3082 -0.9496 0.0578
vn -0.1536 -0.8811 -0.4472
vn -0.1534 -0.8853 -0.4390
vn -0.5731 -0.7929 -0.2071
vn -0.4437 -0.4099 -0.7970
vn -0.4433 -0.4139 -0.7951
vn -0.8204 -0.3471 -0.4544
vn 0.7951 -0.4139 0.4433
vn 0.7970 -0.4099 0.4436
vn 0.4544 -0.3471 0.8204
vn 0.4390 -0.8853 0.1534
vn 0.4472 -0.8812 0.1536
vn 0.2071 -0.7929 0.5731
vn 0.1192 -0.9842 -0.1311
vn 0.1265 -0.9832 -0.1314
vn -0.0578 -0.9496 0.3082
vn -0.2779 0.9566 0.0881
vn 0.1623 0.9804 -0.1114
vn 0.1624 0.9811 -0.1052
vn -0.4998 0.8557 -0.1339
vn -0.0740 0.9243 -0.3745
vn -0.0739 0.9247 -0.3734
vn -0.7910 0.4400 -0.4251
vn -0.4097 0.5001 -0.7629
vn -0.4098 0.4986 -0.7638
vn -0.1052 0.9811 0.1624
vn -0.1114 0.9804 0.1623
vn 0.0881 0.9566 -0.2779
vn -0.3734 0.9247 -0.0740
vn -0.3745 0.9243 -0.0740
vn -0.1338 0.8557 -0.4998
vn -0.1339 0.8557 -0.4998
vn -0.7638 0.4986 -0.4098
vn -0.7629 0.5001 -0.4097
vn -0.4251 0.4400 -0.7910
vn 0.4251 0.4400 0.7910
vn 0.7638 0.4986 0.4098
vn 0.7630 0.5001 0.4096
vn 0.1338 0.8557 0.4998
vn 0.1339 0.8557 0.4998
vn 0.3734 0.9247 0.0740
vn 0.3745 0.9243 0.0740
vn -0.0881 0.9566 0.2779
vn 0.1052 0.9811 -0.1624
vn 0.1114 0.9804 -0.1623
vn 0.4096 0.5001 0.7630
vn 0.4098 0.4986 0.7638
vn 0.7910 0.4400 0.4251
vn 0.0740 0.9243 0.3745
vn 0.0739 0.9247 0.3734
vn 0.4999 0.8557 0.1338
vn -0.1623 0.9804 0.1114
vn -0.1624 0.9811 0.1052
vn 0.2779 0.9566 -0.0881
vn -0.0578 0.9496 -0.3082
vn 0.1193 0.9842 0.1311
vn 0.1265 0.9832 0.1314
vn 0.2071 0.7929 -0.5731
vn 0.4390 0.8853 -0.1535
vn 0.4472 0.8812 -0.1537
vn 0.4544 0.3471 -0.8204
vn 0.7951 0.4139 -0.4433
vn 0.7970 0.4099 -0.4436
vn 0.1314 0.9832 0.1265
vn 0.1311 0.9842 0.1192
vn -0.3082 0.9496 -0.0578
vn -0.1537 0.8812 0.4472
vn -0.1535 0.8853 0.4390
vn -0.5731 0.7929 0.2071
vn -0.4437 0.4099 0.7970
vn -0.4434 0.4138 0.7951
vn -0.8204 0.3471 0.4544
vn -0.1314 0.9832 -0.1265
vn -0.1311 0.9842 -0.1192
vn 0.3082 0.9496 0.0578
vn 0.1536 0.8812 -0.4472
vn 0.1535 0.8853 -0.4390
vn 0.5731 0.7929 -0.2071
vn 0.4436 0.4099 -0.7970
vn 0.4433 0.4139 -0.7951
vn 0.8204 0.3471 -0.4544
vn -0.7951 0.4138 0.4433
vn -0.7970 0.4099 0.4436
vn -0.4544 0.3471 0.8204
vn -0.4390 0.8853 0.1535
vn -0.4472 0.8812 0.1537
vn -0.2071 0.7929 0.5731
vn -0.1193 0.9842 -0.1311
vn -0.1265 0.9832 -0.1314
vn 0.0578 0.9496 0.3082
vn -0.9566 -0.2779 0.0881
vn -0.9804 0.1622 -0.1114
vn -0.9811 0.1625 -0.1052
vn -0.8557 -0.4999 -0.1338
vn -0.9243 -0.0740 -0.3745
vn -0.9247 -0.0740 -0.3734
vn -0.4400 -0.7910 -0.4251
vn -0.5001 -0.4097 -0.7629
vn -0.4986 -0.4098 -0.7638
vn -0.9811 -0.1052 0.1625
vn -0.9804 -0.1114 0.1622
vn -0.9566 0.0881 -0.2779
vn -0.9247 -0.3734 -0.0740
vn -0.9243 -0.3745 -0.0740
vn -0.8557 -0.1338 -0.4998
vn -0.8557 -0.1339 -0.4998
vn -0.4986 -0.7638 -0.4098
vn -0.5001 -0.7629 -0.4097
vn -0.4400 -0.4251 -0.7910
vn -0.4400 0.4251 0.7910
vn -0.4986 0.7638 0.4098
vn -0.5001 0.7629 0.4097
vn -0.8557 0.1338 0.4998
vn -0.8557 0.1339 0.4998
vn -0.9247 0.3734 0.0740
vn -0.9243 0.3745 0.0740
vn -0.9566 -0.0881 0.2779
vn -0.9811 0.1052 -0.1625
vn -0.9804 0.1114 -0.1622
vn -0.5001 0.4097 0.7629
vn -0.4986 0.4098 0.7638
vn -0.4400 0.7910 0.4251
vn -0.9243 0.0740 0.3745
vn -0.9247 0.0740 0.3734
vn -0.8557 0.4999 0.1338
vn -0.9804 -0.1622 0.1114
vn -0.9811 -0.1625 0.1052
vn -0.9566 0.2779 -0.0881
vn -0.9496 -0.0578 -0.3082
vn -0.9496 -0.0578 -0.3081
vn -0.9842 0.1192 0.1312
vn -0.9832 0.1265 0.1314
vn -0.7929 0.2071 -0.5731
vn -0.8853 0.4390 -0.1535
vn -0.8812 0.4472 -0.1536
vn -0.3471 0.4544 -0.8204
vn -0.4138 0.7951 -0.4433
vn -0.4099 0.7970 -0.4436
vn -0.9832 0.1314 0.1265
vn -0.9842 0.1312 0.1192
vn -0.9496 -0.3082 -0.0578
vn -0.9496 -0.3081 -0.0578
vn -0.8812 -0.1536 0.4472
vn -0.8853 -0.1535 0.4390
vn -0.7929 -0.5731 0.2071
vn -0.4099 -0.4436 0.7970
vn -0.4139 -0.4433 0.7951
vn -0.3471 -0.8204 0.4544
vn -0.9832 -0.1314 -0.1265
vn -0.9842 -0.1312 -0.1192
vn -0.9496 0.3082 0.0578
vn -0.9496 0.3081 0.0578
vn -0.8812 0.1536 -0.4472
vn -0.8853 0.1535 -0.4390
vn -0.7929 0.5731 -0.2071
vn -0.7929 0.5731 -0.2072
vn -0.4099 0.4436 -0.7970
vn -0.4139 0.4433 -0.7951
vn -0.3471 0.8204 -0.4544
vn -0.4139 -0.7951 0.4433
vn -0.4099 -0.7970 0.4436
vn -0.3471 -0.4544 0.8204
vn -0.8853 -0.4390 0.1535
vn -0.8812 -0.4472 0.1536
vn -0.7929 -0.2071 0.5731
vn -0.7929 -0.2072 0.5731
vn -0.9842 -0.1192 -0.1312
vn -0.9832 -0.1265 -0.1314
vn -0.9496 0.0578 0.3082
vn -0.9496 0.0578 0.3081
vt 0.846577 0.822206
vt 0.756189 0.911385
vt 0.765549 0.920872
vt 0.855937 0.831693
vt 0.362941 0.314024
vt 0.362941 0.438303
vt 0.380324 0.438303
vt 0.380324 0.314024
vt 0.868787 0.819015
vt 0.859428 0.809528
vt 0.365818 0.061986
vt 0.365819 0.186269
vt 0.383202 0.186269
vt 0.383201 0.061986
vt 0.168576 0.430799
vt 0.185959 0.430799
vt 0.185959 0.306519
vt 0.168576 0.306519
vt 0.197030 0.190016
vt 0.214413 0.190016
vt 0.214413 0.064904
vt 0.197030 0.064904
vt 0.949816 0.720349
vt 0.959176 0.729836
vt 0.402053 0.314910
vt 0.384670 0.314910
vt 0.384668 0.440029
vt 0.402051 0.440029
vt 0.232227 0.307406
vt 0.214844 0.307406
vt 0.214844 0.432526
vt 0.232227 0.432526
vt 0.946326 0.923308
vt 0.959176 0.910630
vt 0.203061 0.805517
vt 0.185678 0.805517
vt 0.185677 0.930635
vt 0.203060 0.930635
vt 0.769038 0.717912
vt 0.756188 0.730591
vt 0.146525 0.065542
vt 0.144715 0.065542
vt 0.144716 0.191167
vt 0.146525 0.192516
vt 0.143235 0.065542
vt 0.143235 0.190180
vt 0.142180 0.065542
vt 0.142181 0.189819
vt 0.190302 0.303823
vt 0.188494 0.305171
vt 0.188493 0.430799
vt 0.190302 0.430799
vt 0.187014 0.306158
vt 0.187013 0.430799
vt 0.381376 0.438303
vt 0.381378 0.313663
vt 0.382857 0.438303
vt 0.382859 0.312676
vt 0.384668 0.438303
vt 0.384668 0.311328
vt 0.384255 0.186630
vt 0.384256 0.061986
vt 0.385736 0.187617
vt 0.385736 0.061986
vt 0.387544 0.188965
vt 0.387544 0.061986
vt 0.211266 0.432526
vt 0.212637 0.432526
vt 0.212637 0.305615
vt 0.211265 0.303823
vt 0.213839 0.432526
vt 0.213839 0.306926
vt 0.405631 0.311328
vt 0.404259 0.313120
vt 0.404259 0.440029
vt 0.405631 0.440029
vt 0.403057 0.314431
vt 0.403057 0.440029
vt 0.206640 0.801935
vt 0.205269 0.803726
vt 0.205268 0.930635
vt 0.206640 0.930635
vt 0.204067 0.805037
vt 0.204066 0.930635
vt 0.215418 0.190496
vt 0.215418 0.064904
vt 0.216622 0.191808
vt 0.216622 0.064904
vt 0.217993 0.193600
vt 0.217993 0.064904
vt 0.124798 0.189819
vt 0.124797 0.065542
vt 0.037991 0.257594
vt 0.033868 0.257402
vt 0.034077 0.253190
vt 0.038043 0.253587
vt 0.520746 0.509184
vt 0.520429 0.505058
vt 0.524270 0.505051
vt 0.524884 0.507999
vt 0.520310 0.501078
vt 0.524286 0.501191
vt 0.528402 0.501506
vt 0.527195 0.505714
vt 0.038002 0.245570
vt 0.038056 0.249573
vt 0.034094 0.249986
vt 0.033879 0.245766
vt 0.038010 0.010578
vt 0.033942 0.010506
vt 0.033970 0.006536
vt 0.037940 0.006510
vt 0.528402 0.265541
vt 0.524279 0.265855
vt 0.524275 0.262015
vt 0.527222 0.261405
vt 0.520304 0.265971
vt 0.520417 0.261997
vt 0.520734 0.257882
vt 0.524940 0.259092
vt 0.038027 0.986672
vt 0.038024 0.990690
vt 0.034100 0.990920
vt 0.033938 0.986822
vt 0.037880 0.994781
vt 0.033915 0.993906
vt 0.037980 0.492609
vt 0.038036 0.496616
vt 0.034071 0.497032
vt 0.033854 0.492807
vt 0.038025 0.500634
vt 0.034055 0.500239
vt 0.037975 0.504645
vt 0.033850 0.504453
vt 0.277104 0.501504
vt 0.281227 0.501191
vt 0.281231 0.505030
vt 0.278284 0.505640
vt 0.285202 0.501074
vt 0.285089 0.505048
vt 0.284772 0.509163
vt 0.280566 0.507953
vt 0.037995 0.751693
vt 0.033871 0.751502
vt 0.034074 0.747289
vt 0.038043 0.747682
vt 0.284760 0.257861
vt 0.285078 0.261987
vt 0.281236 0.261995
vt 0.280623 0.259046
vt 0.285197 0.265967
vt 0.281220 0.265854
vt 0.277104 0.265539
vt 0.278311 0.261331
vt 0.037994 0.739657
vt 0.038052 0.743663
vt 0.034087 0.744081
vt 0.033868 0.739857
vt 0.272980 0.257611
vt 0.272923 0.253608
vt 0.276886 0.253191
vt 0.277104 0.257412
vt 0.272934 0.249593
vt 0.276900 0.249987
vt 0.272983 0.245586
vt 0.277104 0.245777
vt 0.520780 0.257841
vt 0.520466 0.253718
vt 0.524306 0.253713
vt 0.524917 0.256661
vt 0.520350 0.249742
vt 0.524324 0.249855
vt 0.528440 0.250171
vt 0.527230 0.254378
vt 0.273007 0.010594
vt 0.273078 0.006526
vt 0.277048 0.006553
vt 0.277075 0.010523
vt 0.273146 0.994751
vt 0.273011 0.990661
vt 0.276939 0.990873
vt 0.277104 0.993893
vt 0.273003 0.986639
vt 0.277090 0.986783
vt 0.277104 0.250206
vt 0.281231 0.249887
vt 0.281239 0.253730
vt 0.278290 0.254343
vt 0.285211 0.249768
vt 0.285099 0.253745
vt 0.284784 0.257861
vt 0.280576 0.256655
vt 0.272973 0.492612
vt 0.277095 0.492804
vt 0.276889 0.497014
vt 0.272922 0.496619
vt 0.528440 0.014166
vt 0.524313 0.014484
vt 0.524305 0.010642
vt 0.527254 0.010028
vt 0.520333 0.014603
vt 0.520445 0.010627
vt 0.520760 0.006510
vt 0.524968 0.007717
vt 0.272966 0.504637
vt 0.272911 0.500634
vt 0.276873 0.500218
vt 0.277090 0.504439
vt 0.272968 0.751660
vt 0.272914 0.747656
vt 0.276876 0.747242
vt 0.277091 0.751462
vt 0.272927 0.743642
vt 0.276893 0.744038
vt 0.272978 0.739635
vt 0.277101 0.739827
vt 0.284764 0.006531
vt 0.285078 0.010654
vt 0.281238 0.010659
vt 0.280627 0.007711
vt 0.285195 0.014630
vt 0.281220 0.014517
vt 0.277104 0.014200
vt 0.278314 0.009994
vt 0.308055 0.478222
vt 0.497455 0.478223
vt 0.060831 0.280443
vt 0.060822 0.469762
vt 0.497452 0.288823
vt 0.060853 0.033422
vt 0.060843 0.222729
vt 0.308052 0.288822
vt 0.060838 0.774531
vt 0.060864 0.963827
vt 0.060818 0.527491
vt 0.060832 0.716808
vt 0.250132 0.469767
vt 0.250139 0.280453
vt 0.739168 0.265507
vt 0.739168 0.279360
vt 0.549901 0.279360
vt 0.549901 0.265507
vt 0.250145 0.222742
vt 0.250161 0.033435
vt 0.753021 0.468627
vt 0.739168 0.468627
vt 0.753021 0.279360
vt 0.250159 0.963800
vt 0.250131 0.774504
vt 0.549901 0.482480
vt 0.549901 0.468627
vt 0.739168 0.482480
vt 0.250137 0.716793
vt 0.250126 0.527481
vt 0.964715 0.698653
vt 0.775448 0.698653
vt 0.775448 0.509386
vt 0.964715 0.509386
vt 0.775448 0.717912
vt 0.964715 0.717912
vt 0.756188 0.509386
vt 0.756188 0.698653
vt 0.964715 0.490126
vt 0.775448 0.490126
vt 0.983974 0.698653
vt 0.983974 0.509386
vt 0.736929 0.509386
vt 0.736929 0.698653
vt 0.547661 0.698653
vt 0.547661 0.509386
vt 0.528402 0.509386
vt 0.528402 0.698653
vt 0.736929 0.490126
vt 0.547661 0.490126
vt 0.485631 0.717711
vt 0.296364 0.717711
vt 0.296364 0.528443
vt 0.485631 0.528443
vt 0.296364 0.736970
vt 0.485631 0.736970
vt 0.277104 0.528443
vt 0.277104 0.717711
vt 0.485631 0.509184
vt 0.296364 0.509184
vt 0.504890 0.717711
vt 0.504890 0.528443
vt 0.302656 0.232320
vt 0.502904 0.232299
vt 0.302640 0.032073
vt 0.502888 0.032052
vt 0.736929 0.926439
vt 0.547661 0.926439
vt 0.547661 0.737172
vt 0.736929 0.737172
vt 0.547661 0.945698
vt 0.736929 0.945698
vt 0.528402 0.737172
vt 0.528402 0.926439
vt 0.736929 0.717912
vt 0.547661 0.717912
vt 0.756188 0.926439
vt 0.756188 0.737172
vt 0.547699 0.025770
vt 0.736966 0.025770
vt 0.736966 0.215037
vt 0.547699 0.215037
vt 0.736966 0.006510
vt 0.547699 0.006510
vt 0.756226 0.215037
vt 0.756226 0.025770
vt 0.547699 0.234296
vt 0.736966 0.234296
vt 0.528440 0.025770
vt 0.528440 0.215037
vt 0.536048 0.279360
vt 0.536048 0.468627
vt 0.528402 0.474033
vt 0.528402 0.273954
vt 0.544495 0.257861
vt 0.744574 0.257861
vt 0.760667 0.273954
vt 0.760667 0.474034
vt 0.744574 0.490126
vt 0.544494 0.490126
vt 0.380343 0.850750
vt 0.470732 0.939929
vt 0.480092 0.930442
vt 0.389703 0.841263
vt 0.109704 0.429126
vt 0.109705 0.304848
vt 0.092322 0.304848
vt 0.092321 0.429125
vt 0.376853 0.828585
vt 0.367493 0.838072
vt 0.168576 0.430797
vt 0.168576 0.306521
vt 0.151193 0.306521
vt 0.151193 0.430797
vt 0.177879 0.800371
vt 0.160495 0.800371
vt 0.160495 0.924653
vt 0.177879 0.924653
vt 0.205348 0.555978
vt 0.187965 0.555978
vt 0.187965 0.681093
vt 0.205348 0.681093
vt 0.277105 0.748893
vt 0.286465 0.739406
vt 0.222732 0.557702
vt 0.205349 0.557702
vt 0.205348 0.682819
vt 0.222731 0.682819
vt 0.218562 0.929627
vt 0.235946 0.929628
vt 0.235947 0.804509
vt 0.218563 0.804509
vt 0.480092 0.749648
vt 0.467242 0.736970
vt 0.207687 0.307406
vt 0.190304 0.307406
vt 0.190302 0.432524
vt 0.207686 0.432524
vt 0.277104 0.929687
vt 0.289954 0.942365
vt 0.142012 0.304613
vt 0.140201 0.304613
vt 0.140203 0.430236
vt 0.142013 0.431586
vt 0.138720 0.304613
vt 0.138722 0.429249
vt 0.137667 0.304613
vt 0.137667 0.428888
vt 0.156153 0.927349
vt 0.157962 0.926001
vt 0.157961 0.800371
vt 0.156151 0.800371
vt 0.159441 0.925014
vt 0.159441 0.800371
vt 0.091268 0.304848
vt 0.091267 0.429487
vt 0.089787 0.304848
vt 0.089786 0.430474
vt 0.087977 0.304848
vt 0.087977 0.431822
vt 0.150139 0.306159
vt 0.150138 0.430797
vt 0.148658 0.305172
vt 0.148659 0.430797
vt 0.146848 0.303823
vt 0.146848 0.430797
vt 0.239525 0.804509
vt 0.238155 0.804509
vt 0.238153 0.931419
vt 0.239525 0.933211
vt 0.236953 0.804509
vt 0.236951 0.930108
vt 0.226311 0.554119
vt 0.224939 0.555911
vt 0.224939 0.682819
vt 0.226311 0.682819
vt 0.223737 0.557222
vt 0.223737 0.682819
vt 0.209893 0.305615
vt 0.209894 0.432524
vt 0.211265 0.432524
vt 0.208691 0.306927
vt 0.208691 0.432524
vt 0.186959 0.555498
vt 0.186959 0.681093
vt 0.185757 0.554186
vt 0.185757 0.681093
vt 0.184385 0.552394
vt 0.184386 0.681093
vt 0.120285 0.428888
vt 0.120285 0.304613
vt 0.859465 0.120290
vt 0.949854 0.209469
vt 0.959214 0.199983
vt 0.868825 0.110804
vt 0.114808 0.188521
vt 0.114808 0.064240
vt 0.097425 0.064240
vt 0.097425 0.188521
vt 0.855975 0.098125
vt 0.846615 0.107612
vt 0.122436 0.923611
vt 0.122436 0.799340
vt 0.105054 0.799340
vt 0.105054 0.923611
vt 0.387544 0.188963
vt 0.404928 0.188963
vt 0.404928 0.064683
vt 0.387545 0.064683
vt 0.405631 0.436444
vt 0.423014 0.436444
vt 0.423014 0.311328
vt 0.756226 0.018433
vt 0.765586 0.008947
vt 0.235377 0.068487
vt 0.217993 0.068487
vt 0.217993 0.193604
vt 0.235376 0.193604
vt 0.409271 0.187106
vt 0.426655 0.187106
vt 0.426656 0.061986
vt 0.409272 0.061986
vt 0.959214 0.019188
vt 0.946364 0.006510
vt 0.443977 0.314911
vt 0.426593 0.314911
vt 0.426593 0.440027
vt 0.443977 0.440027
vt 0.756226 0.199227
vt 0.769076 0.211906
vt 0.328767 0.438802
vt 0.330577 0.438802
vt 0.330575 0.313178
vt 0.328765 0.311829
vt 0.332058 0.438802
vt 0.332056 0.314165
vt 0.333111 0.438802
vt 0.333111 0.314527
vt 0.409271 0.061986
vt 0.407462 0.063335
vt 0.407462 0.188963
vt 0.409271 0.188963
vt 0.405981 0.064322
vt 0.405982 0.188963
vt 0.096372 0.064240
vt 0.096371 0.188883
vt 0.094891 0.064240
vt 0.094891 0.189870
vt 0.093082 0.064240
vt 0.093081 0.191218
vt 0.103999 0.798978
vt 0.103999 0.923611
vt 0.102518 0.797991
vt 0.102519 0.923611
vt 0.100708 0.796641
vt 0.100708 0.923612
vt 0.430234 0.061987
vt 0.428862 0.061987
vt 0.428863 0.188898
vt 0.430234 0.190688
vt 0.427661 0.061987
vt 0.427661 0.187586
vt 0.238956 0.064904
vt 0.237584 0.066696
vt 0.237584 0.193604
vt 0.238956 0.193604
vt 0.236382 0.068007
vt 0.236382 0.193604
vt 0.447556 0.311328
vt 0.446184 0.313120
vt 0.446184 0.440027
vt 0.447556 0.440027
vt 0.444982 0.314431
vt 0.444982 0.440027
vt 0.424019 0.436924
vt 0.424020 0.311328
vt 0.425222 0.438236
vt 0.425222 0.311328
vt 0.426593 0.440028
vt 0.426593 0.311328
vt 0.350493 0.314527
vt 0.350493 0.438802
vt 0.860416 0.349476
vt 0.770027 0.260297
vt 0.760667 0.269784
vt 0.851056 0.358963
vt 0.161894 0.555088
vt 0.161893 0.679367
vt 0.179276 0.679367
vt 0.179277 0.555088
vt 0.863906 0.371641
vt 0.873266 0.362154
vt 0.151842 0.066854
vt 0.151842 0.191136
vt 0.169225 0.191136
vt 0.169225 0.066854
vt 0.149182 0.798790
vt 0.131799 0.798790
vt 0.131799 0.923069
vt 0.149182 0.923069
vt 0.091395 0.795991
vt 0.074012 0.795991
vt 0.074012 0.921102
vt 0.091394 0.921102
vt 0.963655 0.451334
vt 0.954295 0.460820
vt 0.193452 0.068486
vt 0.176069 0.068486
vt 0.176067 0.193605
vt 0.193451 0.193606
vt 0.116351 0.679035
vt 0.133735 0.679035
vt 0.133735 0.553914
vt 0.116351 0.553914
vt 0.760667 0.450578
vt 0.773517 0.463256
vt 0.447618 0.065568
vt 0.430234 0.065568
vt 0.430234 0.190686
vt 0.447617 0.190686
vt 0.963655 0.270539
vt 0.950805 0.257861
vt 0.116351 0.555644
vt 0.114542 0.555644
vt 0.114542 0.681269
vt 0.116351 0.682617
vt 0.113061 0.555644
vt 0.113062 0.680282
vt 0.112007 0.555644
vt 0.112007 0.679920
vt 0.127455 0.925766
vt 0.129264 0.924417
vt 0.129265 0.798790
vt 0.127456 0.798790
vt 0.130745 0.923431
vt 0.130745 0.798790
vt 0.180329 0.679367
vt 0.180331 0.554727
vt 0.181810 0.679367
vt 0.181812 0.553740
vt 0.183621 0.679367
vt 0.183621 0.552392
vt 0.170278 0.191497
vt 0.170280 0.066854
vt 0.171759 0.192484
vt 0.171759 0.066854
vt 0.173568 0.193832
vt 0.173568 0.066854
vt 0.137313 0.553914
vt 0.135941 0.553914
vt 0.135941 0.680825
vt 0.137313 0.682617
vt 0.134740 0.553914
vt 0.134740 0.679515
vt 0.195658 0.066696
vt 0.195658 0.193606
vt 0.197030 0.193606
vt 0.194456 0.068007
vt 0.194456 0.193606
vt 0.451196 0.061986
vt 0.449825 0.063777
vt 0.449825 0.190686
vt 0.451196 0.190686
vt 0.448623 0.065088
vt 0.448622 0.190686
vt 0.073006 0.795511
vt 0.073006 0.921102
vt 0.071803 0.794198
vt 0.071803 0.921102
vt 0.070431 0.792406
vt 0.070431 0.921102
vt 0.094624 0.679920
vt 0.094624 0.555644
s 1
usemtl Material.003
f 1895/2284/742 1883/2285/742 1886/2286/742 1906/2287/742
f 1873/2288/743 1869/2289/743 1890/2290/743 1902/2291/743
f 1906/2287/742 1903/2292/742 1898/2293/742 1895/2284/742
f 1868/2294/743 1872/2295/743 1907/2296/743 1887/2297/743
f 1867/2298/744 1882/2299/744 1894/2300/744 1871/2301/744
f 1871/2302/745 1894/2303/745 1923/2304/745 1877/2305/745
f 1878/2306/742 1898/2293/742 1903/2292/742 1891/2307/742
f 1907/2308/745 1872/2309/745 1875/2310/745 1914/2311/745
f 1873/2312/746 1902/2313/746 1911/2314/746 1874/2315/746
f 1903/2292/742 1906/2287/742 1915/2316/742 1910/2317/742
f 1899/2318/746 1870/2319/746 1876/2320/746 1918/2321/746
f 1895/2284/742 1898/2293/742 1919/2322/742 1922/2323/742
f 1878/2324/747 1880/2325/747 1900/2326/748 1898/2327/749
f 1880/2325/750 1881/2328/751 1901/2329/752 1900/2326/753
f 1881/2328/754 1879/2330/754 1899/2331/755 1901/2329/756
f 1895/2332/757 1897/2333/758 1885/2334/759 1883/2335/759
f 1897/2333/760 1896/2336/761 1884/2337/762 1885/2334/763
f 1896/2336/764 1894/2300/765 1882/2299/766 1884/2337/766
f 1890/2290/767 1892/2338/767 1904/2339/768 1902/2291/769
f 1892/2338/770 1893/2340/771 1905/2341/772 1904/2339/773
f 1893/2340/774 1891/2342/774 1903/2343/775 1905/2341/776
f 1907/2296/777 1909/2344/778 1889/2345/779 1887/2297/779
f 1909/2344/780 1908/2346/781 1888/2347/782 1889/2345/783
f 1908/2346/784 1906/2348/785 1886/2349/786 1888/2347/786
f 1910/2350/787 1912/2351/787 1905/2352/788 1903/2353/789
f 1912/2351/790 1913/2354/790 1904/2355/791 1905/2352/792
f 1913/2354/793 1911/2314/793 1902/2313/794 1904/2355/795
f 1906/2356/796 1908/2357/797 1917/2358/798 1915/2359/798
f 1908/2357/799 1909/2360/800 1916/2361/801 1917/2358/801
f 1909/2360/802 1907/2308/803 1914/2311/804 1916/2361/804
f 1898/2362/805 1900/2363/806 1921/2364/807 1919/2365/807
f 1900/2363/808 1901/2366/809 1920/2367/810 1921/2364/810
f 1901/2366/811 1899/2318/812 1918/2321/813 1920/2367/813
f 1894/2303/814 1896/2368/815 1925/2369/816 1923/2304/816
f 1896/2368/817 1897/2370/818 1924/2371/819 1925/2369/819
f 1897/2370/820 1895/2372/821 1922/2373/822 1924/2371/822
f 1870/2374/744 1899/2331/744 1879/2330/744 1866/2375/744
f 2020/2376/823 1929/2377/824 1931/2378/825 1930/2379/826
f 1929/2380/824 1933/2381/827 1934/2382/828 1931/2383/825
f 2019/2384/829 1932/2385/830 1934/2382/828 1933/2381/827
f 1932/2385/830 1936/2386/831 1937/2387/832 1934/2382/828
f 2024/2388/833 1935/2389/834 1937/2390/832 1936/2391/831
f 1935/2389/834 1930/2379/826 1931/2378/825 1937/2390/832
f 1931/2383/825 1934/2382/828 1937/2387/832
f 2023/2392/833 1941/2393/831 1943/2394/835 1942/2395/836
f 1941/2396/831 1945/2397/830 1946/2398/837 1943/2399/835
f 2022/2400/829 1944/2401/838 1946/2398/837 1945/2397/830
f 1944/2401/838 1948/2402/839 1949/2403/840 1946/2398/837
f 2027/2404/742 1947/2405/841 1949/2406/840 1948/2407/839
f 1947/2405/841 1942/2408/836 1943/2409/835 1949/2406/840
f 1943/2399/835 1946/2398/837 1949/2403/840
f 2021/2410/823 1953/2411/842 1955/2412/843 1954/2413/824
f 1953/2411/842 1957/2414/844 1958/2415/845 1955/2412/843
f 2028/2416/846 1956/2417/847 1958/2415/845 1957/2414/844
f 1956/2418/847 1960/2419/848 1961/2420/849 1958/2421/845
f 2018/2422/829 1959/2423/827 1961/2420/849 1960/2419/848
f 1959/2423/827 1954/2424/824 1955/2425/843 1961/2420/849
f 1955/2425/843 1958/2421/845 1961/2420/849
f 2026/2426/742 1965/2427/839 1967/2428/850 1966/2429/851
f 1965/2430/839 1969/2431/838 1970/2432/852 1967/2433/850
f 2025/2434/829 1968/2435/848 1970/2432/852 1969/2431/838
f 1968/2435/848 1972/2436/847 1973/2437/853 1970/2432/852
f 2029/2438/846 1971/2439/854 1973/2440/853 1972/2441/847
f 1971/2439/854 1966/2429/851 1967/2428/850 1973/2440/853
f 1967/2433/850 1970/2432/852 1973/2437/853
f 2031/2442/823 1976/2443/826 1978/2444/855 1977/2445/856
f 1976/2443/826 1980/2446/834 1981/2447/857 1978/2444/855
f 2034/2448/833 1979/2449/858 1981/2447/857 1980/2446/834
f 1979/2450/858 1983/2451/859 1984/2452/860 1981/2453/857
f 2032/2454/861 1982/2455/862 1984/2452/860 1983/2451/859
f 1982/2455/862 1977/2456/856 1978/2457/855 1984/2452/860
f 1978/2457/855 1981/2453/857 1984/2452/860
f 2035/2458/863 1987/2459/836 1989/2460/864 1988/2461/858
f 1987/2462/836 1991/2463/841 1992/2464/865 1989/2465/864
f 2037/2466/742 1990/2467/866 1992/2464/865 1991/2463/841
f 1990/2468/866 1994/2469/867 1995/2470/868 1992/2471/865
f 2036/2472/861 1993/2473/859 1995/2470/868 1994/2469/867
f 1993/2473/859 1988/2474/858 1989/2475/864 1995/2470/868
f 1989/2475/864 1992/2471/865 1995/2470/868
f 2030/2476/823 1998/2477/856 2000/2478/869 1999/2479/842
f 1998/2480/856 2002/2481/862 2003/2482/870 2000/2483/869
f 2033/2484/861 2001/2485/871 2003/2482/870 2002/2481/862
f 2001/2485/871 2005/2486/872 2006/2487/873 2003/2482/870
f 2041/2488/874 2004/2489/844 2006/2490/873 2005/2491/872
f 2004/2489/844 1999/2479/842 2000/2478/869 2006/2490/873
f 2000/2483/869 2003/2482/870 2006/2487/873
f 2038/2492/742 2009/2493/851 2011/2494/875 2010/2495/866
f 2009/2493/851 2013/2496/854 2014/2497/876 2011/2494/875
f 2040/2498/846 2012/2499/872 2014/2497/876 2013/2496/854
f 2012/2500/872 2016/2501/871 2017/2502/877 2014/2503/876
f 2039/2504/861 2015/2505/867 2017/2502/877 2016/2501/871
f 2015/2505/867 2010/2506/866 2011/2507/875 2017/2502/877
f 2011/2507/875 2014/2503/876 2017/2502/877
f 2018/2422/829 2019/2384/829 1933/2381/827 1959/2423/827
f 1959/2423/827 1933/2381/827 1929/2380/824 1954/2424/824
f 1954/2413/824 1929/2377/824 2020/2376/823 2021/2410/823
f 2019/2384/829 2022/2400/829 1945/2397/830 1932/2385/830
f 1932/2385/830 1945/2397/830 1941/2396/831 1936/2386/831
f 1936/2391/831 1941/2393/831 2023/2392/833 2024/2388/833
f 2022/2400/829 2025/2434/829 1969/2431/838 1944/2401/838
f 1944/2401/838 1969/2431/838 1965/2430/839 1948/2402/839
f 1948/2407/839 1965/2427/839 2026/2426/742 2027/2404/742
f 2025/2434/829 2018/2422/829 1960/2419/848 1968/2435/848
f 1968/2435/848 1960/2419/848 1956/2418/847 1972/2436/847
f 1972/2441/847 1956/2417/847 2028/2416/846 2029/2438/846
f 2030/2476/823 2031/2442/823 1977/2445/856 1998/2477/856
f 1998/2480/856 1977/2456/856 1982/2455/862 2002/2481/862
f 2002/2481/862 1982/2455/862 2032/2454/861 2033/2484/861
f 2034/2448/833 2035/2458/863 1988/2461/858 1979/2449/858
f 1979/2450/858 1988/2474/858 1993/2473/859 1983/2451/859
f 1983/2451/859 1993/2473/859 2036/2472/861 2032/2454/861
f 2037/2466/742 2038/2492/742 2010/2495/866 1990/2467/866
f 1990/2468/866 2010/2506/866 2015/2505/867 1994/2469/867
f 1994/2469/867 2015/2505/867 2039/2504/861 2036/2472/861
f 2040/2498/846 2041/2488/874 2005/2491/872 2012/2499/872
f 2012/2500/872 2005/2486/872 2001/2485/871 2016/2501/871
f 2016/2501/871 2001/2485/871 2033/2484/861 2039/2504/861
f 2029/2438/846 2040/2498/846 2013/2496/854 1971/2439/854
f 1971/2439/854 2013/2496/854 2009/2493/851 1966/2429/851
f 1966/2429/851 2009/2493/851 2038/2492/742 2026/2426/742
f 2035/2458/863 2023/2392/833 1942/2395/836 1987/2459/836
f 1987/2462/836 1942/2408/836 1947/2405/841 1991/2463/841
f 1991/2463/841 1947/2405/841 2027/2404/742 2037/2466/742
f 2024/2388/833 2034/2448/833 1980/2446/834 1935/2389/834
f 1935/2389/834 1980/2446/834 1976/2443/826 1930/2379/826
f 1930/2379/826 1976/2443/826 2031/2442/823 2020/2376/823
f 2041/2488/874 2028/2416/846 1957/2414/844 2004/2489/844
f 2004/2489/844 1957/2414/844 1953/2411/842 1999/2479/842
f 1999/2479/842 1953/2411/842 2021/2410/823 2030/2476/823
f 1952/2508/829 1927/2509/829 2019/2384/829 2018/2422/829
f 1926/2510/823 1950/2511/823 2021/2410/823 2020/2376/823
f 1927/2509/829 1939/2512/829 2022/2400/829 2019/2384/829
f 1938/2513/833 1928/2514/833 2024/2388/833 2023/2392/833
f 1939/2512/829 1963/2515/829 2025/2434/829 2022/2400/829
f 1962/2516/742 1940/2517/742 2027/2404/742 2026/2426/742
f 1963/2515/829 1952/2508/829 2018/2422/829 2025/2434/829
f 1951/2518/846 1964/2519/846 2029/2438/846 2028/2416/846
f 1996/2520/823 1974/2521/823 2031/2442/823 2030/2476/823
f 2069/2522/846 2055/2523/846 2054/2524/846 2067/2525/846
f 1975/2526/833 1985/2527/833 2035/2458/863 2034/2448/833
f 2073/2528/823 2056/2529/823 2055/2523/823 2069/2530/823
f 1986/2531/742 2007/2532/742 2038/2492/742 2037/2466/742
f 2070/2533/833 2057/2534/833 2056/2529/833 2073/2535/833
f 2008/2536/846 1997/2537/846 2041/2488/874 2040/2498/846
f 1964/2519/846 2008/2536/846 2040/2498/846 2029/2438/846
f 2007/2532/742 1962/2516/742 2026/2426/742 2038/2492/742
f 1985/2527/833 1938/2513/833 2023/2392/833 2035/2458/863
f 1940/2517/742 1986/2531/742 2037/2466/742 2027/2404/742
f 1928/2514/833 1975/2526/833 2034/2448/833 2024/2388/833
f 1974/2521/823 1926/2510/823 2020/2376/823 2031/2442/823
f 1997/2537/846 1951/2518/846 2028/2416/846 2041/2488/874
f 1950/2511/823 1996/2520/823 2030/2476/823 2021/2410/823
f 2042/2538/833 2043/2539/833 2044/2540/833 2045/2541/833
f 1938/2542/861 2043/2539/861 2042/2538/861 1928/2543/861
f 1985/2544/823 2044/2540/823 2043/2539/823 1938/2545/823
f 1975/2546/829 2045/2541/829 2044/2540/829 1985/2547/829
f 1928/2548/742 2042/2538/742 2045/2541/742 1975/2549/742
f 2046/2550/846 2047/2551/846 2048/2552/846 2049/2553/846
f 1951/2545/861 2047/2551/861 2046/2550/861 1964/2544/861
f 2008/2554/829 2049/2553/829 2048/2552/829 1997/2555/829
f 1964/2556/823 2046/2550/823 2049/2553/823 2008/2557/823
f 2050/2558/829 2051/2559/829 2052/2560/829 2053/2561/829
f 1952/2562/742 2051/2559/742 2050/2558/742 1927/2563/742
f 1963/2564/833 2052/2560/833 2051/2559/833 1952/2565/833
f 1939/2566/823 2053/2561/823 2052/2560/823 1963/2567/823
f 1927/2568/846 2050/2558/846 2053/2561/846 1939/2569/846
f 2054/2524/861 2055/2523/861 2056/2529/861 2057/2534/861
f 2068/2570/861 2066/2571/861 2032/2454/861 2036/2472/861
f 2072/2572/861 2068/2570/861 2036/2472/861 2039/2504/861
f 2071/2573/861 2072/2572/861 2039/2504/861 2033/2484/861
f 2066/2571/861 2071/2573/861 2033/2484/861 2032/2454/861
f 2058/2574/742 2059/2575/742 2060/2576/742 2061/2577/742
f 1962/2578/861 2059/2575/861 2058/2574/861 1940/2579/861
f 2007/2580/833 2060/2576/833 2059/2575/833 1962/2581/833
f 1986/2582/829 2061/2577/829 2060/2576/829 2007/2583/829
f 1940/2584/846 2058/2574/846 2061/2577/846 1986/2585/846
f 2062/2586/823 2063/2587/823 2064/2588/823 2065/2589/823
f 1926/2590/861 2063/2587/861 2062/2586/861 1950/2591/861
f 1974/2592/846 2064/2588/846 2063/2587/846 1926/2593/846
f 1996/2594/829 2065/2589/829 2064/2588/829 1974/2595/829
f 1950/2596/833 2062/2586/833 2065/2589/833 1996/2597/833
f 1951/2582/742 1997/2583/742 2048/2552/742 2047/2551/742
f 2067/2598/878 2070/2599/878 2071/2600/878 2066/2601/878
f 2069/2522/745 2067/2525/745 2066/2602/745 2068/2603/745
f 2073/2528/879 2069/2530/879 2068/2604/879 2072/2605/879
f 2070/2533/743 2073/2535/743 2072/2606/743 2071/2607/743
f 2067/2598/742 2054/2524/742 2057/2534/742 2070/2599/742
f 2103/2608/833 2091/2609/833 2094/2610/833 2114/2611/833
f 2081/2612/879 2077/2613/879 2098/2614/879 2110/2615/879
f 2114/2611/833 2111/2616/833 2106/2617/833 2103/2608/833
f 2076/2618/879 2080/2619/879 2115/2620/879 2095/2621/879
f 2075/2622/880 2090/2623/880 2102/2624/880 2079/2625/880
f 2079/2626/878 2102/2627/878 2131/2628/878 2085/2629/878
f 2086/2630/833 2106/2617/833 2111/2616/833 2099/2631/833
f 2115/2632/878 2080/2633/878 2083/2634/878 2122/2635/878
f 2081/2636/881 2110/2637/881 2119/2638/881 2082/2639/881
f 2111/2616/833 2114/2611/833 2123/2640/833 2118/2641/833
f 2107/2642/881 2078/2643/881 2084/2644/881 2126/2645/881
f 2103/2608/833 2106/2617/833 2127/2646/833 2130/2647/833
f 2086/2648/882 2088/2649/882 2108/2650/883 2106/2651/884
f 2088/2649/885 2089/2652/886 2109/2653/887 2108/2650/888
f 2089/2652/889 2087/2654/889 2107/2655/890 2109/2653/891
f 2103/2656/892 2105/2657/893 2093/2658/894 2091/2659/894
f 2105/2657/895 2104/2660/896 2092/2661/897 2093/2658/898
f 2104/2660/899 2102/2624/900 2090/2623/901 2092/2661/901
f 2098/2614/902 2100/2662/902 2112/2663/903 2110/2615/904
f 2100/2662/905 2101/2664/906 2113/2665/907 2112/2663/908
f 2101/2664/909 2099/2666/909 2111/2667/910 2113/2665/911
f 2115/2620/912 2117/2668/913 2097/2669/914 2095/2621/914
f 2117/2668/915 2116/2670/916 2096/2671/917 2097/2669/918
f 2116/2670/919 2114/2672/920 2094/2673/921 2096/2671/921
f 2118/2674/922 2120/2675/922 2113/2676/923 2111/2677/924
f 2120/2675/925 2121/2678/925 2112/2679/926 2113/2676/927
f 2121/2678/928 2119/2638/928 2110/2637/929 2112/2679/930
f 2114/2680/931 2116/2681/932 2125/2682/933 2123/2683/933
f 2116/2681/934 2117/2684/935 2124/2685/936 2125/2682/936
f 2117/2684/937 2115/2632/938 2122/2635/939 2124/2685/939
f 2106/2353/940 2108/2686/941 2129/2687/942 2127/2688/942
f 2108/2686/943 2109/2689/944 2128/2690/945 2129/2687/945
f 2109/2689/946 2107/2642/947 2126/2645/948 2128/2690/948
f 2102/2627/949 2104/2691/950 2133/2692/951 2131/2628/951
f 2104/2691/952 2105/2693/953 2132/2694/954 2133/2692/954
f 2105/2693/955 2103/2695/956 2130/2696/957 2132/2694/957
f 2078/2697/880 2107/2655/880 2087/2654/880 2074/2698/880
f 2163/2699/846 2151/2700/846 2154/2701/846 2174/2702/846
f 2141/2703/878 2137/2704/878 2158/2705/878 2170/2706/878
f 2174/2702/846 2171/2707/846 2166/2708/846 2163/2699/846
f 2136/2709/878 2140/2710/878 2175/2711/878 2155/2712/878
f 2135/2713/881 2150/2714/881 2162/2715/881 2139/2716/881
f 2139/2717/879 2162/2718/879 2191/2719/879 2145/2356/879
f 2146/2720/846 2166/2708/846 2171/2707/846 2159/2721/846
f 2175/2722/879 2140/2723/879 2143/2724/879 2182/2725/879
f 2141/2726/880 2170/2727/880 2179/2728/880 2142/2729/880
f 2171/2707/846 2174/2702/846 2183/2730/846 2178/2731/846
f 2167/2732/880 2138/2733/880 2144/2734/880 2186/2735/880
f 2163/2699/846 2166/2708/846 2187/2736/846 2190/2737/846
f 2146/2738/958 2148/2739/958 2168/2740/959 2166/2741/960
f 2148/2739/961 2149/2742/961 2169/2743/962 2168/2740/963
f 2149/2742/964 2147/2744/964 2167/2745/965 2169/2743/966
f 2163/2746/967 2165/2747/968 2153/2748/969 2151/2749/969
f 2165/2747/970 2164/2750/971 2152/2751/972 2153/2748/973
f 2164/2750/974 2162/2715/975 2150/2714/976 2152/2751/976
f 2158/2705/977 2160/2752/977 2172/2753/978 2170/2706/979
f 2160/2752/980 2161/2754/981 2173/2755/982 2172/2753/983
f 2161/2754/984 2159/2756/984 2171/2757/985 2173/2755/986
f 2175/2711/987 2177/2758/988 2157/2759/989 2155/2712/989
f 2177/2758/990 2176/2760/991 2156/2761/992 2157/2759/992
f 2176/2760/993 2174/2762/994 2154/2763/995 2156/2761/995
f 2178/2764/996 2180/2765/996 2173/2766/997 2171/2767/998
f 2180/2765/999 2181/2768/999 2172/2769/1000 2173/2766/1001
f 2181/2768/1002 2179/2728/1002 2170/2727/1003 2172/2769/1004
f 2174/2770/1005 2176/2771/1006 2185/2772/1007 2183/2773/1007
f 2176/2771/1008 2177/2774/1009 2184/2775/1010 2185/2772/1010
f 2177/2774/1011 2175/2722/1012 2182/2725/1013 2184/2775/1013
f 2166/2776/1014 2168/2777/1015 2189/2778/1016 2187/2779/1016
f 2168/2777/1017 2169/2780/1018 2188/2781/1019 2189/2778/1019
f 2169/2780/1020 2167/2732/1021 2186/2735/1022 2188/2781/1022
f 2162/2718/1023 2164/2782/1024 2193/2783/1025 2191/2719/1025
f 2164/2782/1026 2165/2784/1027 2192/2785/1028 2193/2783/1028
f 2165/2784/1029 2163/2786/1030 2190/2787/1031 2192/2785/1031
f 2138/2788/881 2167/2745/881 2147/2744/881 2134/2789/881
f 2223/2790/823 2211/2791/823 2214/2792/823 2234/2793/823
f 2201/2794/745 2197/2795/745 2218/2796/745 2230/2797/745
f 2234/2793/823 2231/2798/823 2226/2799/823 2223/2790/823
f 2196/2800/745 2200/2801/745 2235/2802/745 2215/2803/745
f 2195/2804/746 2210/2805/746 2222/2806/746 2199/2807/746
f 2199/2808/743 2222/2809/743 2251/2810/743 2205/2811/743
f 2206/2812/823 2226/2799/823 2231/2798/823 2219/2813/823
f 2235/2814/743 2200/2815/743 2203/2816/743 2242/2817/743
f 2201/2818/744 2230/2819/744 2239/2820/744 2202/2821/744
f 2231/2798/823 2234/2793/823 2243/2822/823 2238/2823/823
f 2227/2824/744 2198/2825/744 2204/2826/744 2246/2827/744
f 2223/2790/823 2226/2799/823 2247/2828/823 2250/2829/823
f 2206/2830/1032 2208/2831/1032 2228/2832/1033 2226/2833/1034
f 2208/2831/1035 2209/2834/1035 2229/2835/1036 2228/2832/1037
f 2209/2834/1038 2207/2836/1038 2227/2837/1039 2229/2835/1040
f 2223/2838/1041 2225/2839/1042 2213/2840/1043 2211/2841/1043
f 2225/2839/1044 2224/2842/1045 2212/2843/1046 2213/2840/1047
f 2224/2842/1048 2222/2806/1049 2210/2805/1050 2212/2843/1050
f 2218/2796/1051 2220/2844/1051 2232/2845/1052 2230/2797/1053
f 2220/2844/1054 2221/2846/1055 2233/2847/1056 2232/2845/1057
f 2221/2846/1058 2219/2848/1058 2231/2849/1059 2233/2847/1060
f 2235/2802/1061 2237/2850/1062 2217/2851/1063 2215/2803/1063
f 2237/2850/1064 2236/2852/1065 2216/2853/1066 2217/2851/1066
f 2236/2852/1067 2234/2854/1068 2214/2855/1069 2216/2853/1069
f 2238/2856/1070 2240/2857/1071 2233/2858/1072 2231/2859/1073
f 2240/2857/1074 2241/2860/1074 2232/2861/1075 2233/2858/1076
f 2241/2860/1077 2239/2820/1077 2230/2819/1078 2232/2861/1079
f 2234/2305/1080 2236/2862/1081 2245/2863/1082 2243/2864/1083
f 2236/2862/1084 2237/2865/1085 2244/2866/1086 2245/2863/1086
f 2237/2865/1087 2235/2814/1088 2242/2817/1089 2244/2866/1089
f 2226/2867/1090 2228/2868/1091 2249/2869/1092 2247/2870/1093
f 2228/2868/1094 2229/2871/1095 2248/2872/1096 2249/2869/1097
f 2229/2871/1098 2227/2824/1099 2246/2827/1100 2248/2872/1100
f 2222/2809/1101 2224/2873/1102 2253/2874/1103 2251/2810/1103
f 2224/2873/1104 2225/2875/1105 2252/2876/1106 2253/2874/1107
f 2225/2875/1108 2223/2877/1109 2250/2878/1110 2252/2876/1111
f 2198/2879/746 2227/2837/746 2207/2836/746 2194/2880/746
o Crate_Plane.003
v 0.410466 -6.509315 0.087464
v 0.410466 -5.742050 0.854729
v 0.410466 -5.799857 0.912536
v 0.410466 -6.567122 0.145271
v 0.410466 -6.158749 0.438030
v 0.410466 -6.092616 0.504163
v 0.410466 -6.150423 0.561970
v 0.410466 -6.216556 0.495837
v 0.410465 -6.569481 0.848763
v 0.410465 -6.503348 0.914895
v 0.410466 -5.805823 0.085105
v 0.410466 -5.739690 0.151237
v 0.487295 -6.519422 0.097571
v 0.479810 -6.509315 0.087464
v 0.486292 -6.514369 0.092518
v 0.483553 -6.510669 0.088818
v 0.479810 -5.742050 0.854729
v 0.487295 -5.752157 0.864836
v 0.483553 -5.743404 0.856083
v 0.486293 -5.747104 0.859783
v 0.487295 -5.789750 0.902429
v 0.479810 -5.799857 0.912536
v 0.486293 -5.794803 0.907482
v 0.483553 -5.798503 0.911182
v 0.479810 -6.567122 0.145271
v 0.487295 -6.557014 0.135164
v 0.483553 -6.565768 0.143917
v 0.486292 -6.562068 0.140217
v 0.479810 -6.092616 0.504163
v 0.487295 -6.110330 0.506664
v 0.483553 -6.094989 0.504498
v 0.486292 -6.101473 0.505413
v 0.487295 -6.161250 0.455744
v 0.479810 -6.158749 0.438030
v 0.486292 -6.159999 0.446887
v 0.483553 -6.159084 0.440403
v 0.479810 -6.216556 0.495837
v 0.487295 -6.198842 0.493336
v 0.483553 -6.214182 0.495502
v 0.486292 -6.207699 0.494587
v 0.487295 -6.147922 0.544256
v 0.479810 -6.150423 0.561970
v 0.486292 -6.149173 0.553113
v 0.483553 -6.150088 0.559597
v 0.487295 -6.561875 0.856369
v 0.479810 -6.569481 0.848763
v 0.486292 -6.565678 0.852566
v 0.483553 -6.568462 0.849782
v 0.479810 -6.503348 0.914895
v 0.487295 -6.510955 0.907289
v 0.483553 -6.504368 0.913876
v 0.486292 -6.507152 0.911092
v 0.479810 -5.805823 0.085105
v 0.487295 -5.798217 0.092711
v 0.483553 -5.804804 0.086124
v 0.486292 -5.802020 0.088908
v 0.487295 -5.747297 0.143631
v 0.479810 -5.739690 0.151237
v 0.486292 -5.743494 0.147434
v 0.483553 -5.740710 0.150218
v -0.500000 -6.532097 0.122489
v -0.377511 -6.532097 0.000000
v -0.377511 -6.654586 0.122489
v -0.495807 -6.623199 0.015714
v -0.495807 -6.638872 0.031386
v -0.491734 -6.638208 0.016377
v -0.468613 -6.638872 0.004193
v -0.484286 -6.623199 0.004193
v -0.483623 -6.638208 0.008266
v -0.484286 -6.650393 0.031386
v -0.468613 -6.650393 0.015714
v -0.483623 -6.646319 0.016377
v 0.377511 -6.654586 0.122489
v 0.377511 -6.532097 0.000000
v 0.500000 -6.532097 0.122489
v 0.468614 -6.650393 0.015714
v 0.484286 -6.650393 0.031386
v 0.483623 -6.646319 0.016377
v 0.484286 -6.623199 0.004193
v 0.468614 -6.638872 0.004193
v 0.483623 -6.638208 0.008266
v 0.495807 -6.638872 0.031386
v 0.495807 -6.623199 0.015714
v 0.491734 -6.638208 0.016377
v -0.500000 -5.777075 0.122489
v -0.377511 -5.654586 0.122489
v -0.377511 -5.777075 -0.000000
v -0.495807 -5.670300 0.031386
v -0.495807 -5.685972 0.015714
v -0.491734 -5.670963 0.016377
v -0.468613 -5.658779 0.015714
v -0.484286 -5.658779 0.031386
v -0.483623 -5.662852 0.016377
v -0.484286 -5.685972 0.004193
v -0.468613 -5.670300 0.004193
v -0.483623 -5.670963 0.008266
v 0.500000 -5.777075 0.122489
v 0.377511 -5.777075 -0.000000
v 0.377511 -5.654586 0.122489
v 0.495807 -5.685972 0.015714
v 0.495807 -5.670300 0.031386
v 0.491734 -5.670963 0.016377
v 0.468614 -5.670300 0.004193
v 0.484286 -5.685972 0.004193
v 0.483623 -5.670963 0.008266
v 0.484286 -5.658779 0.031386
v 0.468614 -5.658779 0.015714
v 0.483623 -5.662852 0.016377
v -0.500000 -6.532096 0.877511
v -0.377511 -6.654586 0.877511
v -0.495807 -6.638872 0.968614
v -0.495807 -6.623199 0.984286
v -0.491734 -6.638208 0.983623
v -0.468613 -6.650393 0.984286
v -0.484286 -6.650393 0.968614
v -0.483623 -6.646319 0.983623
v -0.484286 -6.623199 0.995807
v -0.468613 -6.638872 0.995807
v -0.483623 -6.638208 0.991734
v 0.377511 -6.654586 0.877511
v 0.500000 -6.532096 0.877511
v 0.484286 -6.650393 0.968614
v 0.468614 -6.650393 0.984286
v 0.483623 -6.646319 0.983623
v 0.495807 -6.623199 0.984286
v 0.495807 -6.638872 0.968614
v 0.491734 -6.638208 0.983623
v 0.468614 -6.638872 0.995807
v 0.484286 -6.623199 0.995807
v 0.483623 -6.638208 0.991734
v -0.500000 -5.777075 0.877511
v -0.377511 -5.654586 0.877511
v -0.495807 -5.685972 0.984286
v -0.495807 -5.670300 0.968613
v -0.491734 -5.670963 0.983623
v -0.468613 -5.670300 0.995807
v -0.484286 -5.685972 0.995807
v -0.483623 -5.670963 0.991734
v -0.484286 -5.658779 0.968613
v -0.468613 -5.658779 0.984286
v -0.483623 -5.662852 0.983623
v 0.500000 -5.777075 0.877511
v 0.377511 -5.654586 0.877511
v 0.495807 -5.670300 0.968614
v 0.495807 -5.685972 0.984286
v 0.491734 -5.670963 0.983623
v 0.468614 -5.658779 0.984286
v 0.484286 -5.658779 0.968614
v 0.483623 -5.662852 0.983623
v 0.484286 -5.685972 0.995807
v 0.468614 -5.670300 0.995807
v 0.483623 -5.670963 0.991734
v -0.468613 -5.685972 -0.000000
v -0.468613 -6.623199 0.000000
v -0.500000 -6.623199 0.031386
v -0.500000 -5.685972 0.031386
v 0.468614 -6.623199 0.000000
v 0.468614 -6.654586 0.031386
v -0.468613 -6.654586 0.031386
v 0.468614 -5.685972 -0.000000
v 0.500000 -5.685972 0.031386
v 0.500000 -6.623199 0.031386
v -0.468613 -5.654586 0.031386
v 0.468614 -5.654586 0.031386
v -0.500000 -5.685972 0.968614
v -0.500000 -6.623199 0.968614
v -0.468613 -6.623199 1.000000
v -0.468613 -5.685972 1.000000
v -0.468613 -6.654586 0.968614
v 0.468614 -6.654586 0.968614
v 0.468614 -6.623199 1.000000
v 0.500000 -6.623199 0.968614
v 0.500000 -5.685972 0.968614
v 0.468614 -5.685972 1.000000
v 0.468614 -5.654586 0.968614
v -0.468613 -5.654586 0.968614
v -0.377511 -6.577756 0.122489
v 0.377511 -6.577756 0.122489
v 0.377511 -6.577756 0.877511
v -0.377511 -6.577756 0.877511
v 0.377511 -5.731415 0.122489
v -0.377511 -5.731415 0.122489
v -0.377511 -5.731415 0.877511
v 0.377511 -5.731415 0.877511
v -0.377511 -6.532097 0.076830
v -0.377511 -5.777075 0.076830
v 0.377511 -5.777075 0.076830
v 0.377511 -6.532097 0.076830
v -0.377511 -6.532096 0.923170
v 0.377511 -6.532096 0.923170
v 0.377511 -5.777075 0.923170
v -0.377511 -5.777075 0.923170
v 0.423170 -6.532097 0.122489
v 0.423170 -5.777075 0.122489
v 0.423170 -5.777075 0.877511
v 0.423170 -6.532096 0.877511
v -0.423170 -5.777075 0.122489
v -0.423170 -6.532097 0.122489
v -0.423170 -6.532096 0.877511
v -0.423170 -5.777075 0.877511
v -0.399078 -6.553663 1.000000
v -0.377511 -6.532096 0.978433
v 0.399078 -6.553663 1.000000
v 0.377511 -6.532096 0.978433
v -0.377511 -5.777075 0.978433
v -0.399078 -5.755508 1.000000
v 0.399078 -5.755508 1.000000
v 0.377511 -5.777075 0.978433
v -0.354729 -6.566774 0.087464
v 0.412536 -6.566774 0.854729
v 0.354729 -6.566774 0.912536
v -0.412536 -6.566774 0.145271
v -0.004163 -6.566774 0.438030
v 0.061970 -6.566774 0.504163
v 0.004163 -6.566774 0.561970
v -0.061970 -6.566774 0.495837
v -0.414895 -6.566774 0.848763
v -0.348763 -6.566774 0.914896
v 0.348763 -6.566774 0.085105
v 0.414895 -6.566774 0.151237
v -0.364836 -6.643604 0.097571
v -0.354729 -6.636119 0.087464
v -0.359783 -6.642601 0.092518
v -0.356083 -6.639861 0.088818
v 0.412536 -6.636118 0.854729
v 0.402428 -6.643604 0.864836
v 0.411182 -6.639861 0.856083
v 0.407482 -6.642601 0.859783
v 0.364836 -6.643604 0.902429
v 0.354729 -6.636118 0.912536
v 0.359783 -6.642601 0.907483
v 0.356083 -6.639861 0.911182
v -0.412536 -6.636119 0.145271
v -0.402428 -6.643604 0.135164
v -0.411182 -6.639861 0.143917
v -0.407482 -6.642601 0.140217
v 0.061970 -6.636118 0.504163
v 0.044256 -6.643604 0.506664
v 0.059597 -6.639861 0.504498
v 0.053113 -6.642601 0.505413
v -0.006664 -6.643604 0.455744
v -0.004163 -6.636118 0.438030
v -0.005413 -6.642601 0.446887
v -0.004498 -6.639861 0.440403
v -0.061970 -6.636118 0.495837
v -0.044256 -6.643604 0.493336
v -0.059597 -6.639861 0.495502
v -0.053113 -6.642601 0.494587
v 0.006664 -6.643604 0.544256
v 0.004163 -6.636118 0.561970
v 0.005413 -6.642601 0.553113
v 0.004498 -6.639861 0.559597
v -0.407289 -6.643604 0.856369
v -0.414895 -6.636118 0.848763
v -0.411092 -6.642601 0.852566
v -0.413876 -6.639861 0.849782
v -0.348763 -6.636118 0.914896
v -0.356369 -6.643604 0.907289
v -0.349782 -6.639861 0.913877
v -0.352566 -6.642601 0.911092
v 0.348763 -6.636119 0.085105
v 0.356369 -6.643604 0.092711
v 0.349782 -6.639861 0.086124
v 0.352566 -6.642601 0.088908
v 0.407289 -6.643604 0.143631
v 0.414895 -6.636119 0.151237
v 0.411092 -6.642601 0.147434
v 0.413876 -6.639861 0.150218
v 0.354729 -5.748947 0.087464
v -0.412536 -5.748947 0.854729
v -0.354729 -5.748947 0.912536
v 0.412536 -5.748947 0.145271
v 0.004163 -5.748947 0.438030
v -0.061970 -5.748947 0.504163
v -0.004163 -5.748947 0.561970
v 0.061970 -5.748947 0.495837
v 0.414895 -5.748947 0.848763
v 0.348763 -5.748947 0.914895
v -0.348763 -5.748947 0.085105
v -0.414895 -5.748947 0.151237
v 0.364836 -5.672117 0.097571
v 0.354729 -5.679602 0.087464
v 0.359783 -5.673120 0.092518
v 0.356083 -5.675859 0.088818
v -0.412536 -5.679602 0.854729
v -0.402428 -5.672117 0.864836
v -0.411182 -5.675859 0.856083
v -0.407482 -5.673120 0.859783
v -0.364836 -5.672117 0.902429
v -0.354729 -5.679602 0.912536
v -0.359782 -5.673120 0.907482
v -0.356083 -5.675859 0.911182
v 0.412536 -5.679602 0.145271
v 0.402429 -5.672117 0.135164
v 0.411182 -5.675859 0.143917
v 0.407482 -5.673120 0.140217
v -0.061970 -5.679602 0.504163
v -0.044256 -5.672117 0.506664
v -0.059597 -5.675859 0.504498
v -0.053113 -5.673120 0.505413
v 0.006664 -5.672117 0.455744
v 0.004163 -5.679602 0.438030
v 0.005413 -5.673120 0.446887
v 0.004498 -5.675859 0.440403
v 0.061970 -5.679602 0.495837
v 0.044256 -5.672117 0.493336
v 0.059597 -5.675859 0.495502
v 0.053113 -5.673120 0.494587
v -0.006664 -5.672117 0.544256
v -0.004163 -5.679602 0.561970
v -0.005413 -5.673120 0.553113
v -0.004498 -5.675859 0.559597
v 0.407289 -5.672117 0.856369
v 0.414895 -5.679602 0.848763
v 0.411092 -5.673120 0.852566
v 0.413876 -5.675859 0.849782
v 0.348763 -5.679602 0.914895
v 0.356369 -5.672117 0.907289
v 0.349782 -5.675859 0.913876
v 0.352566 -5.673120 0.911092
v -0.348763 -5.679602 0.085105
v -0.356369 -5.672117 0.092711
v -0.349782 -5.675859 0.086124
v -0.352566 -5.673120 0.088908
v -0.407289 -5.672117 0.143631
v -0.414895 -5.679602 0.151237
v -0.411092 -5.673120 0.147434
v -0.413876 -5.675859 0.150218
v -0.411357 -5.799857 0.087464
v -0.411357 -6.567122 0.854729
v -0.411357 -6.509315 0.912536
v -0.411357 -5.742050 0.145271
v -0.411357 -6.150423 0.438030
v -0.411357 -6.216556 0.504163
v -0.411357 -6.158749 0.561970
v -0.411357 -6.092616 0.495837
v -0.411357 -5.739690 0.848763
v -0.411357 -5.805823 0.914895
v -0.411357 -6.503349 0.085105
v -0.411357 -6.569481 0.151237
v -0.488187 -5.789750 0.097571
v -0.480702 -5.799857 0.087464
v -0.487184 -5.794803 0.092518
v -0.484444 -5.798503 0.088818
v -0.480702 -6.567122 0.854729
v -0.488187 -6.557014 0.864836
v -0.484444 -6.565768 0.856083
v -0.487184 -6.562068 0.859783
v -0.488187 -6.519422 0.902429
v -0.480702 -6.509315 0.912536
v -0.487184 -6.514369 0.907482
v -0.484444 -6.510669 0.911182
v -0.480702 -5.742050 0.145271
v -0.488187 -5.752157 0.135164
v -0.484444 -5.743404 0.143917
v -0.487184 -5.747104 0.140217
v -0.480702 -6.216556 0.504163
v -0.488187 -6.198842 0.506664
v -0.484444 -6.214182 0.504498
v -0.487184 -6.207699 0.505413
v -0.488187 -6.147922 0.455744
v -0.480702 -6.150423 0.438030
v -0.487184 -6.149173 0.446887
v -0.484444 -6.150088 0.440403
v -0.480702 -6.092616 0.495837
v -0.488187 -6.110330 0.493336
v -0.484444 -6.094989 0.495502
v -0.487184 -6.101473 0.494587
v -0.488187 -6.161250 0.544256
v -0.480702 -6.158749 0.561970
v -0.487184 -6.159999 0.553113
v -0.484444 -6.159083 0.559597
v -0.488187 -5.747297 0.856369
v -0.480702 -5.739690 0.848763
v -0.487184 -5.743494 0.852566
v -0.484444 -5.740710 0.849782
v -0.480702 -5.805823 0.914895
v -0.488187 -5.798216 0.907289
v -0.484444 -5.804804 0.913876
v -0.487184 -5.802020 0.911092
v -0.480702 -6.503349 0.085105
v -0.488187 -6.510955 0.092711
v -0.484444 -6.504368 0.086124
v -0.487184 -6.507152 0.088908
v -0.488187 -6.561875 0.143631
v -0.480702 -6.569481 0.151237
v -0.487184 -6.565678 0.147434
v -0.484444 -6.568462 0.150218
vn 1.0000 -0.0000 -0.0000
vn -0.0000 -0.7071 0.7071
vn -0.0000 0.7071 -0.7071
vn -0.0000 0.7071 0.7071
vn -0.0000 -0.7071 -0.7071
vn 0.9566 0.2779 0.0881
vn 0.9804 -0.1623 -0.1114
vn 0.9811 -0.1624 -0.1052
vn 0.8557 0.4998 -0.1338
vn 0.8557 0.4998 -0.1339
vn 0.9243 0.0740 -0.3745
vn 0.9247 0.0739 -0.3734
vn 0.4400 0.7910 -0.4251
vn 0.5001 0.4096 -0.7630
vn 0.4986 0.4098 -0.7638
vn 0.9811 0.1052 0.1624
vn 0.9804 0.1114 0.1623
vn 0.9566 -0.0881 -0.2779
vn 0.9247 0.3734 -0.0739
vn 0.9243 0.3745 -0.0740
vn 0.8557 0.1338 -0.4998
vn 0.8557 0.1338 -0.4999
vn 0.4986 0.7638 -0.4099
vn 0.5001 0.7629 -0.4096
vn 0.4400 0.4251 -0.7910
vn 0.4400 -0.4251 0.7910
vn 0.4986 -0.7638 0.4098
vn 0.5001 -0.7629 0.4097
vn 0.8557 -0.1338 0.4998
vn 0.8557 -0.1339 0.4998
vn 0.9247 -0.3734 0.0739
vn 0.9243 -0.3745 0.0741
vn 0.9566 0.0881 0.2779
vn 0.9811 -0.1052 -0.1624
vn 0.9804 -0.1114 -0.1623
vn 0.5001 -0.4096 0.7630
vn 0.4986 -0.4098 0.7638
vn 0.4400 -0.7910 0.4251
vn 0.9243 -0.0740 0.3745
vn 0.9247 -0.0739 0.3734
vn 0.8557 -0.4999 0.1338
vn 0.8557 -0.4998 0.1338
vn 0.9804 0.1623 0.1114
vn 0.9811 0.1625 0.1052
vn 0.9566 -0.2779 -0.0881
vn 0.9496 0.0578 -0.3082
vn 0.9842 -0.1192 0.1311
vn 0.9832 -0.1265 0.1314
vn 0.7929 -0.2071 -0.5731
vn 0.8853 -0.4390 -0.1534
vn 0.8812 -0.4472 -0.1537
vn 0.3471 -0.4544 -0.8204
vn 0.4138 -0.7951 -0.4433
vn 0.4099 -0.7970 -0.4436
vn 0.9832 -0.1314 0.1265
vn 0.9842 -0.1311 0.1192
vn 0.9496 0.3082 -0.0578
vn 0.8812 0.1537 0.4472
vn 0.8853 0.1535 0.4390
vn 0.7929 0.5731 0.2071
vn 0.4099 0.4437 0.7970
vn 0.4139 0.4433 0.7951
vn 0.3471 0.8204 0.4544
vn 0.9832 0.1314 -0.1265
vn 0.9842 0.1311 -0.1192
vn 0.9496 -0.3082 0.0578
vn 0.8811 -0.1536 -0.4472
vn 0.8853 -0.1534 -0.4390
vn 0.7929 -0.5731 -0.2071
vn 0.4099 -0.4436 -0.7970
vn 0.4139 -0.4433 -0.7951
vn 0.3471 -0.8204 -0.4544
vn 0.4139 0.7951 0.4433
vn 0.4099 0.7970 0.4436
vn 0.3471 0.4544 0.8204
vn 0.8853 0.4390 0.1534
vn 0.8812 0.4472 0.1536
vn 0.7929 0.2071 0.5731
vn 0.9842 0.1192 -0.1311
vn 0.9832 0.1265 -0.1314
vn 0.9496 -0.0578 0.3082
vn -1.0000 -0.0000 -0.0000
vn -0.8661 -0.0000 -0.4998
vn -0.7744 -0.4474 -0.4474
vn -0.8661 -0.4998 -0.0000
vn -0.4998 -0.0000 -0.8661
vn -0.4473 -0.4473 -0.7744
vn -0.0000 -0.0000 -1.0000
vn -0.0000 -0.4998 -0.8661
vn -0.0000 -0.8661 -0.4998
vn -0.4473 -0.7744 -0.4473
vn -0.0000 -1.0000 -0.0000
vn -0.4998 -0.8661 -0.0000
vn 0.4473 -0.7744 -0.4473
vn 0.4998 -0.8661 -0.0000
vn 0.4473 -0.4473 -0.7744
vn 0.4998 -0.0000 -0.8661
vn 0.8661 -0.0000 -0.4998
vn 0.7744 -0.4473 -0.4473
vn 0.8661 -0.4998 -0.0000
vn -0.8661 0.4998 -0.0000
vn -0.7744 0.4474 -0.4474
vn -0.4998 0.8661 -0.0000
vn -0.4473 0.7744 -0.4473
vn -0.0000 1.0000 -0.0000
vn -0.0000 0.8661 -0.4998
vn -0.0000 0.4998 -0.8661
vn -0.4473 0.4473 -0.7744
vn 0.7744 0.4473 -0.4473
vn 0.8661 0.4998 -0.0000
vn 0.4473 0.4473 -0.7744
vn 0.4473 0.7744 -0.4473
vn 0.4998 0.8661 -0.0000
vn -0.7744 -0.4473 0.4474
vn -0.8661 -0.0000 0.4998
vn -0.4473 -0.7744 0.4474
vn -0.0000 -0.8661 0.4998
vn -0.0000 -0.4998 0.8661
vn -0.4473 -0.4473 0.7744
vn -0.0000 -0.0000 1.0000
vn -0.4998 -0.0000 0.8661
vn 0.0001 -1.0000 -0.0000
vn 0.4473 -0.7744 0.4474
vn 0.7744 -0.4473 0.4474
vn 0.8661 -0.0000 0.4998
vn 0.4998 -0.0000 0.8661
vn 0.4473 -0.4473 0.7744
vn -0.7744 0.4473 0.4473
vn -0.4473 0.4473 0.7744
vn -0.0000 0.4998 0.8661
vn -0.0000 0.8661 0.4998
vn -0.4473 0.7744 0.4473
vn -0.0001 1.0000 -0.0000
vn 0.7744 0.4473 0.4474
vn 0.4473 0.7744 0.4474
vn 0.4473 0.4473 0.7744
vn 0.7071 -0.0000 0.7071
vn -0.7071 -0.0000 0.7071
vn 0.7071 -0.0000 -0.7071
vn -0.7071 -0.0000 -0.7071
vn 0.2779 -0.9566 0.0881
vn -0.1623 -0.9804 -0.1114
vn -0.1624 -0.9811 -0.1052
vn 0.4998 -0.8557 -0.1338
vn 0.4998 -0.8557 -0.1339
vn 0.0741 -0.9243 -0.3745
vn 0.0739 -0.9247 -0.3734
vn 0.7910 -0.4400 -0.4251
vn 0.4096 -0.5001 -0.7629
vn 0.4098 -0.4986 -0.7638
vn 0.1052 -0.9811 0.1624
vn 0.1114 -0.9804 0.1623
vn -0.0881 -0.9566 -0.2779
vn 0.3734 -0.9247 -0.0739
vn 0.3745 -0.9243 -0.0741
vn 0.1338 -0.8557 -0.4998
vn 0.1339 -0.8557 -0.4998
vn 0.7638 -0.4986 -0.4098
vn 0.7629 -0.5001 -0.4097
vn 0.4251 -0.4400 -0.7910
vn -0.4251 -0.4400 0.7910
vn -0.7638 -0.4986 0.4098
vn -0.7630 -0.5001 0.4096
vn -0.1338 -0.8557 0.4998
vn -0.1339 -0.8557 0.4998
vn -0.3734 -0.9247 0.0739
vn -0.3745 -0.9243 0.0741
vn 0.0881 -0.9566 0.2779
vn -0.1052 -0.9811 -0.1624
vn -0.1114 -0.9804 -0.1623
vn -0.4096 -0.5001 0.7630
vn -0.4098 -0.4986 0.7638
vn -0.7910 -0.4400 0.4251
vn -0.0741 -0.9243 0.3745
vn -0.0739 -0.9247 0.3734
vn -0.4998 -0.8557 0.1338
vn -0.4998 -0.8557 0.1339
vn 0.1623 -0.9804 0.1114
vn 0.1624 -0.9811 0.1052
vn -0.2779 -0.9566 -0.0881
vn 0.0578 -0.9496 -0.3082
vn -0.1192 -0.9842 0.1311
vn -0.1265 -0.9832 0.1314
vn -0.2071 -0.7929 -0.5731
vn -0.4390 -0.8853 -0.1534
vn -0.4472 -0.8812 -0.1536
vn -0.4544 -0.3471 -0.8204
vn -0.7951 -0.4139 -0.4433
vn -0.7970 -0.4099 -0.4436
vn -0.1314 -0.9832 0.1265
vn -0.1311 -0.9842 0.1192
vn 0.3082 -0.9496 -0.0578
vn 0.1536 -0.8812 0.4472
vn 0.1534 -0.8853 0.4390
vn 0.5731 -0.7929 0.2071
vn 0.4436 -0.4099 0.7970
vn 0.4433 -0.4139 0.7951
vn 0.8204 -0.3471 0.4544
vn 0.1314 -0.9832 -0.1265
vn 0.1312 -0.9842 -0.1192
vn -0.3082 -0.9496 0.0578
vn -0.1536 -0.8811 -0.4472
vn -0.1534 -0.8853 -0.4390
vn -0.5731 -0.7929 -0.2071
vn -0.4437 -0.4099 -0.7970
vn -0.4433 -0.4139 -0.7951
vn -0.8204 -0.3471 -0.4544
vn 0.7951 -0.4139 0.4433
vn 0.7970 -0.4099 0.4436
vn 0.4544 -0.3471 0.8204
vn 0.4390 -0.8853 0.1534
vn 0.4472 -0.8812 0.1536
vn 0.2071 -0.7929 0.5731
vn 0.1192 -0.9842 -0.1311
vn 0.1265 -0.9832 -0.1314
vn -0.0578 -0.9496 0.3082
vn -0.2779 0.9566 0.0881
vn 0.1623 0.9804 -0.1114
vn 0.1624 0.9811 -0.1052
vn -0.4998 0.8557 -0.1339
vn -0.0740 0.9243 -0.3745
vn -0.0739 0.9247 -0.3734
vn -0.7910 0.4400 -0.4251
vn -0.4097 0.5001 -0.7629
vn -0.4098 0.4986 -0.7638
vn -0.1052 0.9811 0.1624
vn -0.1114 0.9804 0.1623
vn 0.0881 0.9566 -0.2779
vn -0.3734 0.9247 -0.0740
vn -0.3745 0.9243 -0.0740
vn -0.1338 0.8557 -0.4998
vn -0.1339 0.8557 -0.4998
vn -0.7638 0.4986 -0.4098
vn -0.7629 0.5001 -0.4097
vn -0.4251 0.4400 -0.7910
vn 0.4251 0.4400 0.7910
vn 0.7638 0.4986 0.4098
vn 0.7630 0.5001 0.4096
vn 0.1338 0.8557 0.4998
vn 0.1339 0.8557 0.4998
vn 0.3734 0.9247 0.0740
vn 0.3745 0.9243 0.0740
vn -0.0881 0.9566 0.2779
vn 0.1052 0.9811 -0.1624
vn 0.1114 0.9804 -0.1623
vn 0.4096 0.5001 0.7630
vn 0.4098 0.4986 0.7638
vn 0.7910 0.4400 0.4251
vn 0.0740 0.9243 0.3745
vn 0.0739 0.9247 0.3734
vn 0.4999 0.8557 0.1338
vn -0.1623 0.9804 0.1114
vn -0.1624 0.9811 0.1052
vn 0.2779 0.9566 -0.0881
vn -0.0578 0.9496 -0.3082
vn 0.1193 0.9842 0.1311
vn 0.1265 0.9832 0.1314
vn 0.2071 0.7929 -0.5731
vn 0.4390 0.8853 -0.1535
vn 0.4472 0.8812 -0.1537
vn 0.4544 0.3471 -0.8204
vn 0.7951 0.4139 -0.4433
vn 0.7970 0.4099 -0.4436
vn 0.1314 0.9832 0.1265
vn 0.1311 0.9842 0.1192
vn -0.3082 0.9496 -0.0578
vn -0.1537 0.8812 0.4472
vn -0.1535 0.8853 0.4390
vn -0.5731 0.7929 0.2071
vn -0.4437 0.4099 0.7970
vn -0.4434 0.4138 0.7951
vn -0.8204 0.3471 0.4544
vn -0.1314 0.9832 -0.1265
vn -0.1311 0.9842 -0.1192
vn 0.3082 0.9496 0.0578
vn 0.1536 0.8812 -0.4472
vn 0.1535 0.8853 -0.4390
vn 0.5731 0.7929 -0.2071
vn 0.4436 0.4099 -0.7970
vn 0.4433 0.4139 -0.7951
vn 0.8204 0.3471 -0.4544
vn -0.7951 0.4138 0.4433
vn -0.7970 0.4099 0.4436
vn -0.4544 0.3471 0.8204
vn -0.4390 0.8853 0.1535
vn -0.4472 0.8812 0.1537
vn -0.2071 0.7929 0.5731
vn -0.1193 0.9842 -0.1311
vn -0.1265 0.9832 -0.1314
vn 0.0578 0.9496 0.3082
vn -0.9566 -0.2779 0.0881
vn -0.9804 0.1622 -0.1114
vn -0.9811 0.1625 -0.1052
vn -0.8557 -0.4999 -0.1338
vn -0.9243 -0.0740 -0.3745
vn -0.9247 -0.0740 -0.3734
vn -0.4400 -0.7910 -0.4251
vn -0.5001 -0.4097 -0.7629
vn -0.4986 -0.4098 -0.7638
vn -0.9811 -0.1052 0.1625
vn -0.9804 -0.1114 0.1622
vn -0.9566 0.0881 -0.2779
vn -0.9247 -0.3734 -0.0740
vn -0.9243 -0.3745 -0.0740
vn -0.8557 -0.1338 -0.4998
vn -0.8557 -0.1339 -0.4998
vn -0.4986 -0.7638 -0.4098
vn -0.5001 -0.7629 -0.4097
vn -0.4400 -0.4251 -0.7910
vn -0.4400 0.4251 0.7910
vn -0.4986 0.7638 0.4098
vn -0.5001 0.7629 0.4097
vn -0.8557 0.1338 0.4998
vn -0.8557 0.1339 0.4998
vn -0.9247 0.3734 0.0740
vn -0.9243 0.3745 0.0740
vn -0.9566 -0.0881 0.2779
vn -0.9811 0.1052 -0.1625
vn -0.9804 0.1114 -0.1622
vn -0.5001 0.4097 0.7629
vn -0.4986 0.4098 0.7638
vn -0.4400 0.7910 0.4251
vn -0.9243 0.0740 0.3745
vn -0.9247 0.0740 0.3734
vn -0.8557 0.4999 0.1338
vn -0.9804 -0.1622 0.1114
vn -0.9811 -0.1625 0.1052
vn -0.9566 0.2779 -0.0881
vn -0.9496 -0.0578 -0.3082
vn -0.9496 -0.0578 -0.3081
vn -0.9842 0.1192 0.1312
vn -0.9832 0.1265 0.1314
vn -0.7929 0.2071 -0.5731
vn -0.8853 0.4390 -0.1535
vn -0.8812 0.4472 -0.1536
vn -0.3471 0.4544 -0.8204
vn -0.4138 0.7951 -0.4433
vn -0.4099 0.7970 -0.4436
vn -0.9832 0.1314 0.1265
vn -0.9842 0.1312 0.1192
vn -0.9496 -0.3082 -0.0578
vn -0.9496 -0.3081 -0.0578
vn -0.8812 -0.1536 0.4472
vn -0.8853 -0.1535 0.4390
vn -0.7929 -0.5731 0.2071
vn -0.4099 -0.4436 0.7970
vn -0.4139 -0.4433 0.7951
vn -0.3471 -0.8204 0.4544
vn -0.9832 -0.1314 -0.1265
vn -0.9842 -0.1312 -0.1192
vn -0.9496 0.3082 0.0578
vn -0.9496 0.3081 0.0578
vn -0.8812 0.1536 -0.4472
vn -0.8853 0.1535 -0.4390
vn -0.7929 0.5731 -0.2071
vn -0.7929 0.5731 -0.2072
vn -0.4099 0.4436 -0.7970
vn -0.4139 0.4433 -0.7951
vn -0.3471 0.8204 -0.4544
vn -0.4139 -0.7951 0.4433
vn -0.4099 -0.7970 0.4436
vn -0.3471 -0.4544 0.8204
vn -0.8853 -0.4390 0.1535
vn -0.8812 -0.4472 0.1536
vn -0.7929 -0.2071 0.5731
vn -0.7929 -0.2072 0.5731
vn -0.9842 -0.1192 -0.1312
vn -0.9832 -0.1265 -0.1314
vn -0.9496 0.0578 0.3082
vn -0.9496 0.0578 0.3081
vt 0.846577 0.822206
vt 0.756189 0.911385
vt 0.765549 0.920872
vt 0.855937 0.831693
vt 0.362941 0.314024
vt 0.362941 0.438303
vt 0.380324 0.438303
vt 0.380324 0.314024
vt 0.868787 0.819015
vt 0.859428 0.809528
vt 0.365818 0.061986
vt 0.365819 0.186269
vt 0.383202 0.186269
vt 0.383201 0.061986
vt 0.168576 0.430799
vt 0.185959 0.430799
vt 0.185959 0.306519
vt 0.168576 0.306519
vt 0.197030 0.190016
vt 0.214413 0.190016
vt 0.214413 0.064904
vt 0.197030 0.064904
vt 0.949816 0.720349
vt 0.959176 0.729836
vt 0.402053 0.314910
vt 0.384670 0.314910
vt 0.384668 0.440029
vt 0.402051 0.440029
vt 0.232227 0.307406
vt 0.214844 0.307406
vt 0.214844 0.432526
vt 0.232227 0.432526
vt 0.946326 0.923308
vt 0.959176 0.910630
vt 0.203061 0.805517
vt 0.185678 0.805517
vt 0.185677 0.930635
vt 0.203060 0.930635
vt 0.769038 0.717912
vt 0.756188 0.730591
vt 0.146525 0.065542
vt 0.144715 0.065542
vt 0.144716 0.191167
vt 0.146525 0.192516
vt 0.143235 0.065542
vt 0.143235 0.190180
vt 0.142180 0.065542
vt 0.142181 0.189819
vt 0.190302 0.303823
vt 0.188494 0.305171
vt 0.188493 0.430799
vt 0.190302 0.430799
vt 0.187014 0.306158
vt 0.187013 0.430799
vt 0.381376 0.438303
vt 0.381378 0.313663
vt 0.382857 0.438303
vt 0.382859 0.312676
vt 0.384668 0.438303
vt 0.384668 0.311328
vt 0.384255 0.186630
vt 0.384256 0.061986
vt 0.385736 0.187617
vt 0.385736 0.061986
vt 0.387544 0.188965
vt 0.387544 0.061986
vt 0.211266 0.432526
vt 0.212637 0.432526
vt 0.212637 0.305615
vt 0.211265 0.303823
vt 0.213839 0.432526
vt 0.213839 0.306926
vt 0.405631 0.311328
vt 0.404259 0.313120
vt 0.404259 0.440029
vt 0.405631 0.440029
vt 0.403057 0.314431
vt 0.403057 0.440029
vt 0.206640 0.801935
vt 0.205269 0.803726
vt 0.205268 0.930635
vt 0.206640 0.930635
vt 0.204067 0.805037
vt 0.204066 0.930635
vt 0.215418 0.190496
vt 0.215418 0.064904
vt 0.216622 0.191808
vt 0.216622 0.064904
vt 0.217993 0.193600
vt 0.217993 0.064904
vt 0.124798 0.189819
vt 0.124797 0.065542
vt 0.037991 0.257594
vt 0.033868 0.257402
vt 0.034077 0.253190
vt 0.038043 0.253587
vt 0.520746 0.509184
vt 0.520429 0.505058
vt 0.524270 0.505051
vt 0.524884 0.507999
vt 0.520310 0.501078
vt 0.524286 0.501191
vt 0.528402 0.501506
vt 0.527195 0.505714
vt 0.038002 0.245570
vt 0.038056 0.249573
vt 0.034094 0.249986
vt 0.033879 0.245766
vt 0.038010 0.010578
vt 0.033942 0.010506
vt 0.033970 0.006536
vt 0.037940 0.006510
vt 0.528402 0.265541
vt 0.524279 0.265855
vt 0.524275 0.262015
vt 0.527222 0.261405
vt 0.520304 0.265971
vt 0.520417 0.261997
vt 0.520734 0.257882
vt 0.524940 0.259092
vt 0.038027 0.986672
vt 0.038024 0.990690
vt 0.034100 0.990920
vt 0.033938 0.986822
vt 0.037880 0.994781
vt 0.033915 0.993906
vt 0.037980 0.492609
vt 0.038036 0.496616
vt 0.034071 0.497032
vt 0.033854 0.492807
vt 0.038025 0.500634
vt 0.034055 0.500239
vt 0.037975 0.504645
vt 0.033850 0.504453
vt 0.277104 0.501504
vt 0.281227 0.501191
vt 0.281231 0.505030
vt 0.278284 0.505640
vt 0.285202 0.501074
vt 0.285089 0.505048
vt 0.284772 0.509163
vt 0.280566 0.507953
vt 0.037995 0.751693
vt 0.033871 0.751502
vt 0.034074 0.747289
vt 0.038043 0.747682
vt 0.284760 0.257861
vt 0.285078 0.261987
vt 0.281236 0.261995
vt 0.280623 0.259046
vt 0.285197 0.265967
vt 0.281220 0.265854
vt 0.277104 0.265539
vt 0.278311 0.261331
vt 0.037994 0.739657
vt 0.038052 0.743663
vt 0.034087 0.744081
vt 0.033868 0.739857
vt 0.272980 0.257611
vt 0.272923 0.253608
vt 0.276886 0.253191
vt 0.277104 0.257412
vt 0.272934 0.249593
vt 0.276900 0.249987
vt 0.272983 0.245586
vt 0.277104 0.245777
vt 0.520780 0.257841
vt 0.520466 0.253718
vt 0.524306 0.253713
vt 0.524917 0.256661
vt 0.520350 0.249742
vt 0.524324 0.249855
vt 0.528440 0.250171
vt 0.527230 0.254378
vt 0.273007 0.010594
vt 0.273078 0.006526
vt 0.277048 0.006553
vt 0.277075 0.010523
vt 0.273146 0.994751
vt 0.273011 0.990661
vt 0.276939 0.990873
vt 0.277104 0.993893
vt 0.273003 0.986639
vt 0.277090 0.986783
vt 0.277104 0.250206
vt 0.281231 0.249887
vt 0.281239 0.253730
vt 0.278290 0.254343
vt 0.285211 0.249768
vt 0.285099 0.253745
vt 0.284784 0.257861
vt 0.280576 0.256655
vt 0.272973 0.492612
vt 0.277095 0.492804
vt 0.276889 0.497014
vt 0.272922 0.496619
vt 0.528440 0.014166
vt 0.524313 0.014484
vt 0.524305 0.010642
vt 0.527254 0.010028
vt 0.520333 0.014603
vt 0.520445 0.010627
vt 0.520760 0.006510
vt 0.524968 0.007717
vt 0.272966 0.504637
vt 0.272911 0.500634
vt 0.276873 0.500218
vt 0.277090 0.504439
vt 0.272968 0.751660
vt 0.272914 0.747656
vt 0.276876 0.747242
vt 0.277091 0.751462
vt 0.272927 0.743642
vt 0.276893 0.744038
vt 0.272978 0.739635
vt 0.277101 0.739827
vt 0.284764 0.006531
vt 0.285078 0.010654
vt 0.281238 0.010659
vt 0.280627 0.007711
vt 0.285195 0.014630
vt 0.281220 0.014517
vt 0.277104 0.014200
vt 0.278314 0.009994
vt 0.308055 0.478222
vt 0.497455 0.478223
vt 0.060831 0.280443
vt 0.060822 0.469762
vt 0.497452 0.288823
vt 0.060853 0.033422
vt 0.060843 0.222729
vt 0.308052 0.288822
vt 0.060838 0.774531
vt 0.060864 0.963827
vt 0.060818 0.527491
vt 0.060832 0.716808
vt 0.250132 0.469767
vt 0.250139 0.280453
vt 0.739168 0.265507
vt 0.739168 0.279360
vt 0.549901 0.279360
vt 0.549901 0.265507
vt 0.250145 0.222742
vt 0.250161 0.033435
vt 0.753021 0.468627
vt 0.739168 0.468627
vt 0.753021 0.279360
vt 0.250159 0.963800
vt 0.250131 0.774504
vt 0.549901 0.482480
vt 0.549901 0.468627
vt 0.739168 0.482480
vt 0.250137 0.716793
vt 0.250126 0.527481
vt 0.964715 0.698653
vt 0.775448 0.698653
vt 0.775448 0.509386
vt 0.964715 0.509386
vt 0.775448 0.717912
vt 0.964715 0.717912
vt 0.756188 0.509386
vt 0.756188 0.698653
vt 0.964715 0.490126
vt 0.775448 0.490126
vt 0.983974 0.698653
vt 0.983974 0.509386
vt 0.736929 0.509386
vt 0.736929 0.698653
vt 0.547661 0.698653
vt 0.547661 0.509386
vt 0.528402 0.509386
vt 0.528402 0.698653
vt 0.736929 0.490126
vt 0.547661 0.490126
vt 0.485631 0.717711
vt 0.296364 0.717711
vt 0.296364 0.528443
vt 0.485631 0.528443
vt 0.296364 0.736970
vt 0.485631 0.736970
vt 0.277104 0.528443
vt 0.277104 0.717711
vt 0.485631 0.509184
vt 0.296364 0.509184
vt 0.504890 0.717711
vt 0.504890 0.528443
vt 0.302656 0.232320
vt 0.502904 0.232299
vt 0.302640 0.032073
vt 0.502888 0.032052
vt 0.736929 0.926439
vt 0.547661 0.926439
vt 0.547661 0.737172
vt 0.736929 0.737172
vt 0.547661 0.945698
vt 0.736929 0.945698
vt 0.528402 0.737172
vt 0.528402 0.926439
vt 0.736929 0.717912
vt 0.547661 0.717912
vt 0.756188 0.926439
vt 0.756188 0.737172
vt 0.547699 0.025770
vt 0.736966 0.025770
vt 0.736966 0.215037
vt 0.547699 0.215037
vt 0.736966 0.006510
vt 0.547699 0.006510
vt 0.756226 0.215037
vt 0.756226 0.025770
vt 0.547699 0.234296
vt 0.736966 0.234296
vt 0.528440 0.025770
vt 0.528440 0.215037
vt 0.536048 0.279360
vt 0.536048 0.468627
vt 0.528402 0.474033
vt 0.528402 0.273954
vt 0.544495 0.257861
vt 0.744574 0.257861
vt 0.760667 0.273954
vt 0.760667 0.474034
vt 0.744574 0.490126
vt 0.544494 0.490126
vt 0.380343 0.850750
vt 0.470732 0.939929
vt 0.480092 0.930442
vt 0.389703 0.841263
vt 0.109704 0.429126
vt 0.109705 0.304848
vt 0.092322 0.304848
vt 0.092321 0.429125
vt 0.376853 0.828585
vt 0.367493 0.838072
vt 0.168576 0.430797
vt 0.168576 0.306521
vt 0.151193 0.306521
vt 0.151193 0.430797
vt 0.177879 0.800371
vt 0.160495 0.800371
vt 0.160495 0.924653
vt 0.177879 0.924653
vt 0.205348 0.555978
vt 0.187965 0.555978
vt 0.187965 0.681093
vt 0.205348 0.681093
vt 0.277105 0.748893
vt 0.286465 0.739406
vt 0.222732 0.557702
vt 0.205349 0.557702
vt 0.205348 0.682819
vt 0.222731 0.682819
vt 0.218562 0.929627
vt 0.235946 0.929628
vt 0.235947 0.804509
vt 0.218563 0.804509
vt 0.480092 0.749648
vt 0.467242 0.736970
vt 0.207687 0.307406
vt 0.190304 0.307406
vt 0.190302 0.432524
vt 0.207686 0.432524
vt 0.277104 0.929687
vt 0.289954 0.942365
vt 0.142012 0.304613
vt 0.140201 0.304613
vt 0.140203 0.430236
vt 0.142013 0.431586
vt 0.138720 0.304613
vt 0.138722 0.429249
vt 0.137667 0.304613
vt 0.137667 0.428888
vt 0.156153 0.927349
vt 0.157962 0.926001
vt 0.157961 0.800371
vt 0.156151 0.800371
vt 0.159441 0.925014
vt 0.159441 0.800371
vt 0.091268 0.304848
vt 0.091267 0.429487
vt 0.089787 0.304848
vt 0.089786 0.430474
vt 0.087977 0.304848
vt 0.087977 0.431822
vt 0.150139 0.306159
vt 0.150138 0.430797
vt 0.148658 0.305172
vt 0.148659 0.430797
vt 0.146848 0.303823
vt 0.146848 0.430797
vt 0.239525 0.804509
vt 0.238155 0.804509
vt 0.238153 0.931419
vt 0.239525 0.933211
vt 0.236953 0.804509
vt 0.236951 0.930108
vt 0.226311 0.554119
vt 0.224939 0.555911
vt 0.224939 0.682819
vt 0.226311 0.682819
vt 0.223737 0.557222
vt 0.223737 0.682819
vt 0.209893 0.305615
vt 0.209894 0.432524
vt 0.211265 0.432524
vt 0.208691 0.306927
vt 0.208691 0.432524
vt 0.186959 0.555498
vt 0.186959 0.681093
vt 0.185757 0.554186
vt 0.185757 0.681093
vt 0.184385 0.552394
vt 0.184386 0.681093
vt 0.120285 0.428888
vt 0.120285 0.304613
vt 0.859465 0.120290
vt 0.949854 0.209469
vt 0.959214 0.199983
vt 0.868825 0.110804
vt 0.114808 0.188521
vt 0.114808 0.064240
vt 0.097425 0.064240
vt 0.097425 0.188521
vt 0.855975 0.098125
vt 0.846615 0.107612
vt 0.122436 0.923611
vt 0.122436 0.799340
vt 0.105054 0.799340
vt 0.105054 0.923611
vt 0.387544 0.188963
vt 0.404928 0.188963
vt 0.404928 0.064683
vt 0.387545 0.064683
vt 0.405631 0.436444
vt 0.423014 0.436444
vt 0.423014 0.311328
vt 0.756226 0.018433
vt 0.765586 0.008947
vt 0.235377 0.068487
vt 0.217993 0.068487
vt 0.217993 0.193604
vt 0.235376 0.193604
vt 0.409271 0.187106
vt 0.426655 0.187106
vt 0.426656 0.061986
vt 0.409272 0.061986
vt 0.959214 0.019188
vt 0.946364 0.006510
vt 0.443977 0.314911
vt 0.426593 0.314911
vt 0.426593 0.440027
vt 0.443977 0.440027
vt 0.756226 0.199227
vt 0.769076 0.211906
vt 0.328767 0.438802
vt 0.330577 0.438802
vt 0.330575 0.313178
vt 0.328765 0.311829
vt 0.332058 0.438802
vt 0.332056 0.314165
vt 0.333111 0.438802
vt 0.333111 0.314527
vt 0.409271 0.061986
vt 0.407462 0.063335
vt 0.407462 0.188963
vt 0.409271 0.188963
vt 0.405981 0.064322
vt 0.405982 0.188963
vt 0.096372 0.064240
vt 0.096371 0.188883
vt 0.094891 0.064240
vt 0.094891 0.189870
vt 0.093082 0.064240
vt 0.093081 0.191218
vt 0.103999 0.798978
vt 0.103999 0.923611
vt 0.102518 0.797991
vt 0.102519 0.923611
vt 0.100708 0.796641
vt 0.100708 0.923612
vt 0.430234 0.061987
vt 0.428862 0.061987
vt 0.428863 0.188898
vt 0.430234 0.190688
vt 0.427661 0.061987
vt 0.427661 0.187586
vt 0.238956 0.064904
vt 0.237584 0.066696
vt 0.237584 0.193604
vt 0.238956 0.193604
vt 0.236382 0.068007
vt 0.236382 0.193604
vt 0.447556 0.311328
vt 0.446184 0.313120
vt 0.446184 0.440027
vt 0.447556 0.440027
vt 0.444982 0.314431
vt 0.444982 0.440027
vt 0.424019 0.436924
vt 0.424020 0.311328
vt 0.425222 0.438236
vt 0.425222 0.311328
vt 0.426593 0.440028
vt 0.426593 0.311328
vt 0.350493 0.314527
vt 0.350493 0.438802
vt 0.860416 0.349476
vt 0.770027 0.260297
vt 0.760667 0.269784
vt 0.851056 0.358963
vt 0.161894 0.555088
vt 0.161893 0.679367
vt 0.179276 0.679367
vt 0.179277 0.555088
vt 0.863906 0.371641
vt 0.873266 0.362154
vt 0.151842 0.066854
vt 0.151842 0.191136
vt 0.169225 0.191136
vt 0.169225 0.066854
vt 0.149182 0.798790
vt 0.131799 0.798790
vt 0.131799 0.923069
vt 0.149182 0.923069
vt 0.091395 0.795991
vt 0.074012 0.795991
vt 0.074012 0.921102
vt 0.091394 0.921102
vt 0.963655 0.451334
vt 0.954295 0.460820
vt 0.193452 0.068486
vt 0.176069 0.068486
vt 0.176067 0.193605
vt 0.193451 0.193606
vt 0.116351 0.679035
vt 0.133735 0.679035
vt 0.133735 0.553914
vt 0.116351 0.553914
vt 0.760667 0.450578
vt 0.773517 0.463256
vt 0.447618 0.065568
vt 0.430234 0.065568
vt 0.430234 0.190686
vt 0.447617 0.190686
vt 0.963655 0.270539
vt 0.950805 0.257861
vt 0.116351 0.555644
vt 0.114542 0.555644
vt 0.114542 0.681269
vt 0.116351 0.682617
vt 0.113061 0.555644
vt 0.113062 0.680282
vt 0.112007 0.555644
vt 0.112007 0.679920
vt 0.127455 0.925766
vt 0.129264 0.924417
vt 0.129265 0.798790
vt 0.127456 0.798790
vt 0.130745 0.923431
vt 0.130745 0.798790
vt 0.180329 0.679367
vt 0.180331 0.554727
vt 0.181810 0.679367
vt 0.181812 0.553740
vt 0.183621 0.679367
vt 0.183621 0.552392
vt 0.170278 0.191497
vt 0.170280 0.066854
vt 0.171759 0.192484
vt 0.171759 0.066854
vt 0.173568 0.193832
vt 0.173568 0.066854
vt 0.137313 0.553914
vt 0.135941 0.553914
vt 0.135941 0.680825
vt 0.137313 0.682617
vt 0.134740 0.553914
vt 0.134740 0.679515
vt 0.195658 0.066696
vt 0.195658 0.193606
vt 0.197030 0.193606
vt 0.194456 0.068007
vt 0.194456 0.193606
vt 0.451196 0.061986
vt 0.449825 0.063777
vt 0.449825 0.190686
vt 0.451196 0.190686
vt 0.448623 0.065088
vt 0.448622 0.190686
vt 0.073006 0.795511
vt 0.073006 0.921102
vt 0.071803 0.794198
vt 0.071803 0.921102
vt 0.070431 0.792406
vt 0.070431 0.921102
vt 0.094624 0.679920
vt 0.094624 0.555644
s 1
usemtl Material.004
f 2283/2881/1112 2271/2882/1112 2274/2883/1112 2294/2884/1112
f 2261/2885/1113 2257/2886/1113 2278/2887/1113 2290/2888/1113
f 2294/2884/1112 2291/2889/1112 2286/2890/1112 2283/2881/1112
f 2256/2891/1113 2260/2892/1113 2295/2893/1113 2275/2894/1113
f 2255/2895/1114 2270/2896/1114 2282/2897/1114 2259/2898/1114
f 2259/2899/1115 2282/2900/1115 2311/2901/1115 2265/2902/1115
f 2266/2903/1112 2286/2890/1112 2291/2889/1112 2279/2904/1112
f 2295/2905/1115 2260/2906/1115 2263/2907/1115 2302/2908/1115
f 2261/2909/1116 2290/2910/1116 2299/2911/1116 2262/2912/1116
f 2291/2889/1112 2294/2884/1112 2303/2913/1112 2298/2914/1112
f 2287/2915/1116 2258/2916/1116 2264/2917/1116 2306/2918/1116
f 2283/2881/1112 2286/2890/1112 2307/2919/1112 2310/2920/1112
f 2266/2921/1117 2268/2922/1117 2288/2923/1118 2286/2924/1119
f 2268/2922/1120 2269/2925/1121 2289/2926/1122 2288/2923/1123
f 2269/2925/1124 2267/2927/1124 2287/2928/1125 2289/2926/1126
f 2283/2929/1127 2285/2930/1128 2273/2931/1129 2271/2932/1129
f 2285/2930/1130 2284/2933/1131 2272/2934/1132 2273/2931/1133
f 2284/2933/1134 2282/2897/1135 2270/2896/1136 2272/2934/1136
f 2278/2887/1137 2280/2935/1137 2292/2936/1138 2290/2888/1139
f 2280/2935/1140 2281/2937/1141 2293/2938/1142 2292/2936/1143
f 2281/2937/1144 2279/2939/1144 2291/2940/1145 2293/2938/1146
f 2295/2893/1147 2297/2941/1148 2277/2942/1149 2275/2894/1149
f 2297/2941/1150 2296/2943/1151 2276/2944/1152 2277/2942/1153
f 2296/2943/1154 2294/2945/1155 2274/2946/1156 2276/2944/1156
f 2298/2947/1157 2300/2948/1157 2293/2949/1158 2291/2950/1159
f 2300/2948/1160 2301/2951/1160 2292/2952/1161 2293/2949/1162
f 2301/2951/1163 2299/2911/1163 2290/2910/1164 2292/2952/1165
f 2294/2953/1166 2296/2954/1167 2305/2955/1168 2303/2956/1168
f 2296/2954/1169 2297/2957/1170 2304/2958/1171 2305/2955/1171
f 2297/2957/1172 2295/2905/1173 2302/2908/1174 2304/2958/1174
f 2286/2959/1175 2288/2960/1176 2309/2961/1177 2307/2962/1177
f 2288/2960/1178 2289/2963/1179 2308/2964/1180 2309/2961/1180
f 2289/2963/1181 2287/2915/1182 2306/2918/1183 2308/2964/1183
f 2282/2900/1184 2284/2965/1185 2313/2966/1186 2311/2901/1186
f 2284/2965/1187 2285/2967/1188 2312/2968/1189 2313/2966/1189
f 2285/2967/1190 2283/2969/1191 2310/2970/1192 2312/2968/1192
f 2258/2971/1114 2287/2928/1114 2267/2927/1114 2254/2972/1114
f 2408/2973/1193 2317/2974/1194 2319/2975/1195 2318/2976/1196
f 2317/2977/1194 2321/2978/1197 2322/2979/1198 2319/2980/1195
f 2407/2981/1199 2320/2982/1200 2322/2979/1198 2321/2978/1197
f 2320/2982/1200 2324/2983/1201 2325/2984/1202 2322/2979/1198
f 2412/2985/1203 2323/2986/1204 2325/2987/1202 2324/2988/1201
f 2323/2986/1204 2318/2976/1196 2319/2975/1195 2325/2987/1202
f 2319/2980/1195 2322/2979/1198 2325/2984/1202
f 2411/2989/1203 2329/2990/1201 2331/2991/1205 2330/2992/1206
f 2329/2993/1201 2333/2994/1200 2334/2995/1207 2331/2996/1205
f 2410/2997/1199 2332/2998/1208 2334/2995/1207 2333/2994/1200
f 2332/2998/1208 2336/2999/1209 2337/3000/1210 2334/2995/1207
f 2415/3001/1112 2335/3002/1211 2337/3003/1210 2336/3004/1209
f 2335/3002/1211 2330/3005/1206 2331/3006/1205 2337/3003/1210
f 2331/2996/1205 2334/2995/1207 2337/3000/1210
f 2409/3007/1193 2341/3008/1212 2343/3009/1213 2342/3010/1194
f 2341/3008/1212 2345/3011/1214 2346/3012/1215 2343/3009/1213
f 2416/3013/1216 2344/3014/1217 2346/3012/1215 2345/3011/1214
f 2344/3015/1217 2348/3016/1218 2349/3017/1219 2346/3018/1215
f 2406/3019/1199 2347/3020/1197 2349/3017/1219 2348/3016/1218
f 2347/3020/1197 2342/3021/1194 2343/3022/1213 2349/3017/1219
f 2343/3022/1213 2346/3018/1215 2349/3017/1219
f 2414/3023/1112 2353/3024/1209 2355/3025/1220 2354/3026/1221
f 2353/3027/1209 2357/3028/1208 2358/3029/1222 2355/3030/1220
f 2413/3031/1199 2356/3032/1218 2358/3029/1222 2357/3028/1208
f 2356/3032/1218 2360/3033/1217 2361/3034/1223 2358/3029/1222
f 2417/3035/1216 2359/3036/1224 2361/3037/1223 2360/3038/1217
f 2359/3036/1224 2354/3026/1221 2355/3025/1220 2361/3037/1223
f 2355/3030/1220 2358/3029/1222 2361/3034/1223
f 2419/3039/1193 2364/3040/1196 2366/3041/1225 2365/3042/1226
f 2364/3040/1196 2368/3043/1204 2369/3044/1227 2366/3041/1225
f 2422/3045/1203 2367/3046/1228 2369/3044/1227 2368/3043/1204
f 2367/3047/1228 2371/3048/1229 2372/3049/1230 2369/3050/1227
f 2420/3051/1231 2370/3052/1232 2372/3049/1230 2371/3048/1229
f 2370/3052/1232 2365/3053/1226 2366/3054/1225 2372/3049/1230
f 2366/3054/1225 2369/3050/1227 2372/3049/1230
f 2423/3055/1233 2375/3056/1206 2377/3057/1234 2376/3058/1228
f 2375/3059/1206 2379/3060/1211 2380/3061/1235 2377/3062/1234
f 2425/3063/1112 2378/3064/1236 2380/3061/1235 2379/3060/1211
f 2378/3065/1236 2382/3066/1237 2383/3067/1238 2380/3068/1235
f 2424/3069/1231 2381/3070/1229 2383/3067/1238 2382/3066/1237
f 2381/3070/1229 2376/3071/1228 2377/3072/1234 2383/3067/1238
f 2377/3072/1234 2380/3068/1235 2383/3067/1238
f 2418/3073/1193 2386/3074/1226 2388/3075/1239 2387/3076/1212
f 2386/3077/1226 2390/3078/1232 2391/3079/1240 2388/3080/1239
f 2421/3081/1231 2389/3082/1241 2391/3079/1240 2390/3078/1232
f 2389/3082/1241 2393/3083/1242 2394/3084/1243 2391/3079/1240
f 2429/3085/1244 2392/3086/1214 2394/3087/1243 2393/3088/1242
f 2392/3086/1214 2387/3076/1212 2388/3075/1239 2394/3087/1243
f 2388/3080/1239 2391/3079/1240 2394/3084/1243
f 2426/3089/1112 2397/3090/1221 2399/3091/1245 2398/3092/1236
f 2397/3090/1221 2401/3093/1224 2402/3094/1246 2399/3091/1245
f 2428/3095/1216 2400/3096/1242 2402/3094/1246 2401/3093/1224
f 2400/3097/1242 2404/3098/1241 2405/3099/1247 2402/3100/1246
f 2427/3101/1231 2403/3102/1237 2405/3099/1247 2404/3098/1241
f 2403/3102/1237 2398/3103/1236 2399/3104/1245 2405/3099/1247
f 2399/3104/1245 2402/3100/1246 2405/3099/1247
f 2406/3019/1199 2407/2981/1199 2321/2978/1197 2347/3020/1197
f 2347/3020/1197 2321/2978/1197 2317/2977/1194 2342/3021/1194
f 2342/3010/1194 2317/2974/1194 2408/2973/1193 2409/3007/1193
f 2407/2981/1199 2410/2997/1199 2333/2994/1200 2320/2982/1200
f 2320/2982/1200 2333/2994/1200 2329/2993/1201 2324/2983/1201
f 2324/2988/1201 2329/2990/1201 2411/2989/1203 2412/2985/1203
f 2410/2997/1199 2413/3031/1199 2357/3028/1208 2332/2998/1208
f 2332/2998/1208 2357/3028/1208 2353/3027/1209 2336/2999/1209
f 2336/3004/1209 2353/3024/1209 2414/3023/1112 2415/3001/1112
f 2413/3031/1199 2406/3019/1199 2348/3016/1218 2356/3032/1218
f 2356/3032/1218 2348/3016/1218 2344/3015/1217 2360/3033/1217
f 2360/3038/1217 2344/3014/1217 2416/3013/1216 2417/3035/1216
f 2418/3073/1193 2419/3039/1193 2365/3042/1226 2386/3074/1226
f 2386/3077/1226 2365/3053/1226 2370/3052/1232 2390/3078/1232
f 2390/3078/1232 2370/3052/1232 2420/3051/1231 2421/3081/1231
f 2422/3045/1203 2423/3055/1233 2376/3058/1228 2367/3046/1228
f 2367/3047/1228 2376/3071/1228 2381/3070/1229 2371/3048/1229
f 2371/3048/1229 2381/3070/1229 2424/3069/1231 2420/3051/1231
f 2425/3063/1112 2426/3089/1112 2398/3092/1236 2378/3064/1236
f 2378/3065/1236 2398/3103/1236 2403/3102/1237 2382/3066/1237
f 2382/3066/1237 2403/3102/1237 2427/3101/1231 2424/3069/1231
f 2428/3095/1216 2429/3085/1244 2393/3088/1242 2400/3096/1242
f 2400/3097/1242 2393/3083/1242 2389/3082/1241 2404/3098/1241
f 2404/3098/1241 2389/3082/1241 2421/3081/1231 2427/3101/1231
f 2417/3035/1216 2428/3095/1216 2401/3093/1224 2359/3036/1224
f 2359/3036/1224 2401/3093/1224 2397/3090/1221 2354/3026/1221
f 2354/3026/1221 2397/3090/1221 2426/3089/1112 2414/3023/1112
f 2423/3055/1233 2411/2989/1203 2330/2992/1206 2375/3056/1206
f 2375/3059/1206 2330/3005/1206 2335/3002/1211 2379/3060/1211
f 2379/3060/1211 2335/3002/1211 2415/3001/1112 2425/3063/1112
f 2412/2985/1203 2422/3045/1203 2368/3043/1204 2323/2986/1204
f 2323/2986/1204 2368/3043/1204 2364/3040/1196 2318/2976/1196
f 2318/2976/1196 2364/3040/1196 2419/3039/1193 2408/2973/1193
f 2429/3085/1244 2416/3013/1216 2345/3011/1214 2392/3086/1214
f 2392/3086/1214 2345/3011/1214 2341/3008/1212 2387/3076/1212
f 2387/3076/1212 2341/3008/1212 2409/3007/1193 2418/3073/1193
f 2340/3105/1199 2315/3106/1199 2407/2981/1199 2406/3019/1199
f 2314/3107/1193 2338/3108/1193 2409/3007/1193 2408/2973/1193
f 2315/3106/1199 2327/3109/1199 2410/2997/1199 2407/2981/1199
f 2326/3110/1203 2316/3111/1203 2412/2985/1203 2411/2989/1203
f 2327/3109/1199 2351/3112/1199 2413/3031/1199 2410/2997/1199
f 2350/3113/1112 2328/3114/1112 2415/3001/1112 2414/3023/1112
f 2351/3112/1199 2340/3105/1199 2406/3019/1199 2413/3031/1199
f 2339/3115/1216 2352/3116/1216 2417/3035/1216 2416/3013/1216
f 2384/3117/1193 2362/3118/1193 2419/3039/1193 2418/3073/1193
f 2457/3119/1216 2443/3120/1216 2442/3121/1216 2455/3122/1216
f 2363/3123/1203 2373/3124/1203 2423/3055/1233 2422/3045/1203
f 2461/3125/1193 2444/3126/1193 2443/3120/1193 2457/3127/1193
f 2374/3128/1112 2395/3129/1112 2426/3089/1112 2425/3063/1112
f 2458/3130/1203 2445/3131/1203 2444/3126/1203 2461/3132/1203
f 2396/3133/1216 2385/3134/1216 2429/3085/1244 2428/3095/1216
f 2352/3116/1216 2396/3133/1216 2428/3095/1216 2417/3035/1216
f 2395/3129/1112 2350/3113/1112 2414/3023/1112 2426/3089/1112
f 2373/3124/1203 2326/3110/1203 2411/2989/1203 2423/3055/1233
f 2328/3114/1112 2374/3128/1112 2425/3063/1112 2415/3001/1112
f 2316/3111/1203 2363/3123/1203 2422/3045/1203 2412/2985/1203
f 2362/3118/1193 2314/3107/1193 2408/2973/1193 2419/3039/1193
f 2385/3134/1216 2339/3115/1216 2416/3013/1216 2429/3085/1244
f 2338/3108/1193 2384/3117/1193 2418/3073/1193 2409/3007/1193
f 2430/3135/1203 2431/3136/1203 2432/3137/1203 2433/3138/1203
f 2326/3139/1231 2431/3136/1231 2430/3135/1231 2316/3140/1231
f 2373/3141/1193 2432/3137/1193 2431/3136/1193 2326/3142/1193
f 2363/3143/1199 2433/3138/1199 2432/3137/1199 2373/3144/1199
f 2316/3145/1112 2430/3135/1112 2433/3138/1112 2363/3146/1112
f 2434/3147/1216 2435/3148/1216 2436/3149/1216 2437/3150/1216
f 2339/3142/1231 2435/3148/1231 2434/3147/1231 2352/3141/1231
f 2396/3151/1199 2437/3150/1199 2436/3149/1199 2385/3152/1199
f 2352/3153/1193 2434/3147/1193 2437/3150/1193 2396/3154/1193
f 2438/3155/1199 2439/3156/1199 2440/3157/1199 2441/3158/1199
f 2340/3159/1112 2439/3156/1112 2438/3155/1112 2315/3160/1112
f 2351/3161/1203 2440/3157/1203 2439/3156/1203 2340/3162/1203
f 2327/3163/1193 2441/3158/1193 2440/3157/1193 2351/3164/1193
f 2315/3165/1216 2438/3155/1216 2441/3158/1216 2327/3166/1216
f 2442/3121/1231 2443/3120/1231 2444/3126/1231 2445/3131/1231
f 2456/3167/1231 2454/3168/1231 2420/3051/1231 2424/3069/1231
f 2460/3169/1231 2456/3167/1231 2424/3069/1231 2427/3101/1231
f 2459/3170/1231 2460/3169/1231 2427/3101/1231 2421/3081/1231
f 2454/3168/1231 2459/3170/1231 2421/3081/1231 2420/3051/1231
f 2446/3171/1112 2447/3172/1112 2448/3173/1112 2449/3174/1112
f 2350/3175/1231 2447/3172/1231 2446/3171/1231 2328/3176/1231
f 2395/3177/1203 2448/3173/1203 2447/3172/1203 2350/3178/1203
f 2374/3179/1199 2449/3174/1199 2448/3173/1199 2395/3180/1199
f 2328/3181/1216 2446/3171/1216 2449/3174/1216 2374/3182/1216
f 2450/3183/1193 2451/3184/1193 2452/3185/1193 2453/3186/1193
f 2314/3187/1231 2451/3184/1231 2450/3183/1231 2338/3188/1231
f 2362/3189/1216 2452/3185/1216 2451/3184/1216 2314/3190/1216
f 2384/3191/1199 2453/3186/1199 2452/3185/1199 2362/3192/1199
f 2338/3193/1203 2450/3183/1203 2453/3186/1203 2384/3194/1203
f 2339/3179/1112 2385/3180/1112 2436/3149/1112 2435/3148/1112
f 2455/3195/1248 2458/3196/1248 2459/3197/1248 2454/3198/1248
f 2457/3119/1115 2455/3122/1115 2454/3199/1115 2456/3200/1115
f 2461/3125/1249 2457/3127/1249 2456/3201/1249 2460/3202/1249
f 2458/3130/1113 2461/3132/1113 2460/3203/1113 2459/3204/1113
f 2455/3195/1112 2442/3121/1112 2445/3131/1112 2458/3196/1112
f 2491/3205/1203 2479/3206/1203 2482/3207/1203 2502/3208/1203
f 2469/3209/1249 2465/3210/1249 2486/3211/1249 2498/3212/1249
f 2502/3208/1203 2499/3213/1203 2494/3214/1203 2491/3205/1203
f 2464/3215/1249 2468/3216/1249 2503/3217/1249 2483/3218/1249
f 2463/3219/1250 2478/3220/1250 2490/3221/1250 2467/3222/1250
f 2467/3223/1248 2490/3224/1248 2519/3225/1248 2473/3226/1248
f 2474/3227/1203 2494/3214/1203 2499/3213/1203 2487/3228/1203
f 2503/3229/1248 2468/3230/1248 2471/3231/1248 2510/3232/1248
f 2469/3233/1251 2498/3234/1251 2507/3235/1251 2470/3236/1251
f 2499/3213/1203 2502/3208/1203 2511/3237/1203 2506/3238/1203
f 2495/3239/1251 2466/3240/1251 2472/3241/1251 2514/3242/1251
f 2491/3205/1203 2494/3214/1203 2515/3243/1203 2518/3244/1203
f 2474/3245/1252 2476/3246/1252 2496/3247/1253 2494/3248/1254
f 2476/3246/1255 2477/3249/1256 2497/3250/1257 2496/3247/1258
f 2477/3249/1259 2475/3251/1259 2495/3252/1260 2497/3250/1261
f 2491/3253/1262 2493/3254/1263 2481/3255/1264 2479/3256/1264
f 2493/3254/1265 2492/3257/1266 2480/3258/1267 2481/3255/1268
f 2492/3257/1269 2490/3221/1270 2478/3220/1271 2480/3258/1271
f 2486/3211/1272 2488/3259/1272 2500/3260/1273 2498/3212/1274
f 2488/3259/1275 2489/3261/1276 2501/3262/1277 2500/3260/1278
f 2489/3261/1279 2487/3263/1279 2499/3264/1280 2501/3262/1281
f 2503/3217/1282 2505/3265/1283 2485/3266/1284 2483/3218/1284
f 2505/3265/1285 2504/3267/1286 2484/3268/1287 2485/3266/1288
f 2504/3267/1289 2502/3269/1290 2482/3270/1291 2484/3268/1291
f 2506/3271/1292 2508/3272/1292 2501/3273/1293 2499/3274/1294
f 2508/3272/1295 2509/3275/1295 2500/3276/1296 2501/3273/1297
f 2509/3275/1298 2507/3235/1298 2498/3234/1299 2500/3276/1300
f 2502/3277/1301 2504/3278/1302 2513/3279/1303 2511/3280/1303
f 2504/3278/1304 2505/3281/1305 2512/3282/1306 2513/3279/1306
f 2505/3281/1307 2503/3229/1308 2510/3232/1309 2512/3282/1309
f 2494/2950/1310 2496/3283/1311 2517/3284/1312 2515/3285/1312
f 2496/3283/1313 2497/3286/1314 2516/3287/1315 2517/3284/1315
f 2497/3286/1316 2495/3239/1317 2514/3242/1318 2516/3287/1318
f 2490/3224/1319 2492/3288/1320 2521/3289/1321 2519/3225/1321
f 2492/3288/1322 2493/3290/1323 2520/3291/1324 2521/3289/1324
f 2493/3290/1325 2491/3292/1326 2518/3293/1327 2520/3291/1327
f 2466/3294/1250 2495/3252/1250 2475/3251/1250 2462/3295/1250
f 2551/3296/1216 2539/3297/1216 2542/3298/1216 2562/3299/1216
f 2529/3300/1248 2525/3301/1248 2546/3302/1248 2558/3303/1248
f 2562/3299/1216 2559/3304/1216 2554/3305/1216 2551/3296/1216
f 2524/3306/1248 2528/3307/1248 2563/3308/1248 2543/3309/1248
f 2523/3310/1251 2538/3311/1251 2550/3312/1251 2527/3313/1251
f 2527/3314/1249 2550/3315/1249 2579/3316/1249 2533/2953/1249
f 2534/3317/1216 2554/3305/1216 2559/3304/1216 2547/3318/1216
f 2563/3319/1249 2528/3320/1249 2531/3321/1249 2570/3322/1249
f 2529/3323/1250 2558/3324/1250 2567/3325/1250 2530/3326/1250
f 2559/3304/1216 2562/3299/1216 2571/3327/1216 2566/3328/1216
f 2555/3329/1250 2526/3330/1250 2532/3331/1250 2574/3332/1250
f 2551/3296/1216 2554/3305/1216 2575/3333/1216 2578/3334/1216
f 2534/3335/1328 2536/3336/1328 2556/3337/1329 2554/3338/1330
f 2536/3336/1331 2537/3339/1331 2557/3340/1332 2556/3337/1333
f 2537/3339/1334 2535/3341/1334 2555/3342/1335 2557/3340/1336
f 2551/3343/1337 2553/3344/1338 2541/3345/1339 2539/3346/1339
f 2553/3344/1340 2552/3347/1341 2540/3348/1342 2541/3345/1343
f 2552/3347/1344 2550/3312/1345 2538/3311/1346 2540/3348/1346
f 2546/3302/1347 2548/3349/1347 2560/3350/1348 2558/3303/1349
f 2548/3349/1350 2549/3351/1351 2561/3352/1352 2560/3350/1353
f 2549/3351/1354 2547/3353/1354 2559/3354/1355 2561/3352/1356
f 2563/3308/1357 2565/3355/1358 2545/3356/1359 2543/3309/1359
f 2565/3355/1360 2564/3357/1361 2544/3358/1362 2545/3356/1362
f 2564/3357/1363 2562/3359/1364 2542/3360/1365 2544/3358/1365
f 2566/3361/1366 2568/3362/1366 2561/3363/1367 2559/3364/1368
f 2568/3362/1369 2569/3365/1369 2560/3366/1370 2561/3363/1371
f 2569/3365/1372 2567/3325/1372 2558/3324/1373 2560/3366/1374
f 2562/3367/1375 2564/3368/1376 2573/3369/1377 2571/3370/1377
f 2564/3368/1378 2565/3371/1379 2572/3372/1380 2573/3369/1380
f 2565/3371/1381 2563/3319/1382 2570/3322/1383 2572/3372/1383
f 2554/3373/1384 2556/3374/1385 2577/3375/1386 2575/3376/1386
f 2556/3374/1387 2557/3377/1388 2576/3378/1389 2577/3375/1389
f 2557/3377/1390 2555/3329/1391 2574/3332/1392 2576/3378/1392
f 2550/3315/1393 2552/3379/1394 2581/3380/1395 2579/3316/1395
f 2552/3379/1396 2553/3381/1397 2580/3382/1398 2581/3380/1398
f 2553/3381/1399 2551/3383/1400 2578/3384/1401 2580/3382/1401
f 2526/3385/1251 2555/3342/1251 2535/3341/1251 2522/3386/1251
f 2611/3387/1193 2599/3388/1193 2602/3389/1193 2622/3390/1193
f 2589/3391/1115 2585/3392/1115 2606/3393/1115 2618/3394/1115
f 2622/3390/1193 2619/3395/1193 2614/3396/1193 2611/3387/1193
f 2584/3397/1115 2588/3398/1115 2623/3399/1115 2603/3400/1115
f 2583/3401/1116 2598/3402/1116 2610/3403/1116 2587/3404/1116
f 2587/3405/1113 2610/3406/1113 2639/3407/1113 2593/3408/1113
f 2594/3409/1193 2614/3396/1193 2619/3395/1193 2607/3410/1193
f 2623/3411/1113 2588/3412/1113 2591/3413/1113 2630/3414/1113
f 2589/3415/1114 2618/3416/1114 2627/3417/1114 2590/3418/1114
f 2619/3395/1193 2622/3390/1193 2631/3419/1193 2626/3420/1193
f 2615/3421/1114 2586/3422/1114 2592/3423/1114 2634/3424/1114
f 2611/3387/1193 2614/3396/1193 2635/3425/1193 2638/3426/1193
f 2594/3427/1402 2596/3428/1402 2616/3429/1403 2614/3430/1404
f 2596/3428/1405 2597/3431/1405 2617/3432/1406 2616/3429/1407
f 2597/3431/1408 2595/3433/1408 2615/3434/1409 2617/3432/1410
f 2611/3435/1411 2613/3436/1412 2601/3437/1413 2599/3438/1413
f 2613/3436/1414 2612/3439/1415 2600/3440/1416 2601/3437/1417
f 2612/3439/1418 2610/3403/1419 2598/3402/1420 2600/3440/1420
f 2606/3393/1421 2608/3441/1421 2620/3442/1422 2618/3394/1423
f 2608/3441/1424 2609/3443/1425 2621/3444/1426 2620/3442/1427
f 2609/3443/1428 2607/3445/1428 2619/3446/1429 2621/3444/1430
f 2623/3399/1431 2625/3447/1432 2605/3448/1433 2603/3400/1433
f 2625/3447/1434 2624/3449/1435 2604/3450/1436 2605/3448/1436
f 2624/3449/1437 2622/3451/1438 2602/3452/1439 2604/3450/1439
f 2626/3453/1440 2628/3454/1441 2621/3455/1442 2619/3456/1443
f 2628/3454/1444 2629/3457/1444 2620/3458/1445 2621/3455/1446
f 2629/3457/1447 2627/3417/1447 2618/3416/1448 2620/3458/1449
f 2622/2902/1450 2624/3459/1451 2633/3460/1452 2631/3461/1453
f 2624/3459/1454 2625/3462/1455 2632/3463/1456 2633/3460/1456
f 2625/3462/1457 2623/3411/1458 2630/3414/1459 2632/3463/1459
f 2614/3464/1460 2616/3465/1461 2637/3466/1462 2635/3467/1463
f 2616/3465/1464 2617/3468/1465 2636/3469/1466 2637/3466/1467
f 2617/3468/1468 2615/3421/1469 2634/3424/1470 2636/3469/1470
f 2610/3406/1471 2612/3470/1472 2641/3471/1473 2639/3407/1473
f 2612/3470/1474 2613/3472/1475 2640/3473/1476 2641/3471/1477
f 2613/3472/1478 2611/3474/1479 2638/3475/1480 2640/3473/1481
f 2586/3476/1116 2615/3434/1116 2595/3433/1116 2582/3477/1116
o Crate_Plane.004
v 5.277253 3.979601 0.087464
v 5.277253 4.746866 0.854729
v 5.277253 4.689059 0.912536
v 5.277253 3.921794 0.145271
v 5.277253 4.330167 0.438030
v 5.277253 4.396300 0.504163
v 5.277253 4.338493 0.561970
v 5.277253 4.272360 0.495837
v 5.277252 3.919435 0.848763
v 5.277252 3.985567 0.914895
v 5.277253 4.683093 0.085105
v 5.277253 4.749226 0.151237
v 5.354082 3.969494 0.097571
v 5.346597 3.979601 0.087464
v 5.353079 3.974547 0.092518
v 5.350340 3.978247 0.088818
v 5.346597 4.746866 0.854729
v 5.354082 4.736759 0.864836
v 5.350340 4.745512 0.856083
v 5.353080 4.741812 0.859783
v 5.354082 4.699166 0.902429
v 5.346597 4.689059 0.912536
v 5.353080 4.694113 0.907482
v 5.350340 4.690413 0.911182
v 5.346597 3.921794 0.145271
v 5.354082 3.931901 0.135164
v 5.350340 3.923148 0.143917
v 5.353079 3.926848 0.140217
v 5.346597 4.396300 0.504163
v 5.354082 4.378586 0.506664
v 5.350340 4.393927 0.504498
v 5.353079 4.387443 0.505413
v 5.354082 4.327666 0.455744
v 5.346597 4.330167 0.438030
v 5.353079 4.328917 0.446887
v 5.350340 4.329832 0.440403
v 5.346597 4.272360 0.495837
v 5.354082 4.290074 0.493336
v 5.350340 4.274734 0.495502
v 5.353079 4.281217 0.494587
v 5.354082 4.340994 0.544256
v 5.346597 4.338493 0.561970
v 5.353079 4.339743 0.553113
v 5.350340 4.338828 0.559597
v 5.354082 3.927041 0.856369
v 5.346597 3.919435 0.848763
v 5.353079 3.923238 0.852566
v 5.350339 3.920454 0.849782
v 5.346597 3.985567 0.914895
v 5.354082 3.977961 0.907289
v 5.350339 3.984548 0.913876
v 5.353079 3.981764 0.911092
v 5.346597 4.683093 0.085105
v 5.354082 4.690699 0.092711
v 5.350340 4.684112 0.086124
v 5.353079 4.686896 0.088908
v 5.354082 4.741619 0.143631
v 5.346597 4.749226 0.151237
v 5.353079 4.745422 0.147434
v 5.350340 4.748206 0.150218
v 4.366787 3.956819 0.122489
v 4.489276 3.956819 0.000000
v 4.489276 3.834330 0.122489
v 4.370980 3.865716 0.015714
v 4.370980 3.850044 0.031386
v 4.375053 3.850707 0.016377
v 4.398173 3.850044 0.004193
v 4.382501 3.865716 0.004193
v 4.383164 3.850707 0.008266
v 4.382501 3.838523 0.031386
v 4.398173 3.838523 0.015714
v 4.383164 3.842596 0.016377
v 5.244298 3.834330 0.122489
v 5.244298 3.956819 0.000000
v 5.366787 3.956819 0.122489
v 5.335401 3.838523 0.015714
v 5.351073 3.838523 0.031386
v 5.350410 3.842596 0.016377
v 5.351073 3.865716 0.004193
v 5.335401 3.850044 0.004193
v 5.350410 3.850707 0.008266
v 5.362594 3.850044 0.031386
v 5.362594 3.865716 0.015714
v 5.358521 3.850707 0.016377
v 4.366787 4.711841 0.122489
v 4.489276 4.834330 0.122489
v 4.489276 4.711841 -0.000000
v 4.370980 4.818616 0.031386
v 4.370980 4.802944 0.015714
v 4.375053 4.817953 0.016377
v 4.398173 4.830137 0.015714
v 4.382501 4.830137 0.031386
v 4.383164 4.826064 0.016377
v 4.382501 4.802944 0.004193
v 4.398173 4.818616 0.004193
v 4.383164 4.817953 0.008266
v 5.366787 4.711841 0.122489
v 5.244298 4.711841 -0.000000
v 5.244298 4.834330 0.122489
v 5.362594 4.802944 0.015714
v 5.362594 4.818616 0.031386
v 5.358521 4.817953 0.016377
v 5.335401 4.818616 0.004193
v 5.351073 4.802944 0.004193
v 5.350410 4.817953 0.008266
v 5.351073 4.830137 0.031386
v 5.335401 4.830137 0.015714
v 5.350410 4.826064 0.016377
v 4.366787 3.956819 0.877511
v 4.489276 3.834330 0.877511
v 4.370980 3.850044 0.968614
v 4.370980 3.865716 0.984286
v 4.375053 3.850707 0.983623
v 4.398173 3.838523 0.984286
v 4.382501 3.838523 0.968614
v 4.383164 3.842596 0.983623
v 4.382501 3.865716 0.995807
v 4.398173 3.850044 0.995807
v 4.383164 3.850707 0.991734
v 5.244298 3.834330 0.877511
v 5.366787 3.956819 0.877511
v 5.351073 3.838523 0.968614
v 5.335401 3.838523 0.984286
v 5.350410 3.842596 0.983623
v 5.362594 3.865716 0.984286
v 5.362594 3.850044 0.968614
v 5.358521 3.850707 0.983623
v 5.335401 3.850044 0.995807
v 5.351073 3.865716 0.995807
v 5.350410 3.850707 0.991734
v 4.366787 4.711841 0.877511
v 4.489276 4.834330 0.877511
v 4.370980 4.802944 0.984286
v 4.370980 4.818616 0.968613
v 4.375053 4.817953 0.983623
v 4.398173 4.818616 0.995807
v 4.382501 4.802944 0.995807
v 4.383164 4.817953 0.991734
v 4.382501 4.830137 0.968613
v 4.398173 4.830137 0.984286
v 4.383164 4.826064 0.983623
v 5.366787 4.711841 0.877511
v 5.244298 4.834330 0.877511
v 5.362594 4.818616 0.968614
v 5.362594 4.802944 0.984286
v 5.358521 4.817953 0.983623
v 5.335401 4.830137 0.984286
v 5.351073 4.830137 0.968614
v 5.350410 4.826064 0.983623
v 5.351073 4.802944 0.995807
v 5.335401 4.818616 0.995807
v 5.350410 4.817953 0.991734
v 4.398173 4.802944 -0.000000
v 4.398173 3.865716 0.000000
v 4.366787 3.865716 0.031386
v 4.366787 4.802944 0.031386
v 5.335401 3.865716 0.000000
v 5.335401 3.834330 0.031386
v 4.398173 3.834330 0.031386
v 5.335401 4.802944 -0.000000
v 5.366787 4.802944 0.031386
v 5.366787 3.865716 0.031386
v 4.398173 4.834330 0.031386
v 5.335401 4.834330 0.031386
v 4.366787 4.802944 0.968614
v 4.366787 3.865716 0.968614
v 4.398173 3.865716 1.000000
v 4.398173 4.802944 1.000000
v 4.398173 3.834330 0.968614
v 5.335401 3.834330 0.968614
v 5.335401 3.865716 1.000000
v 5.366787 3.865716 0.968614
v 5.366787 4.802944 0.968614
v 5.335401 4.802944 1.000000
v 5.335401 4.834330 0.968614
v 4.398173 4.834330 0.968614
v 4.489276 3.911160 0.122489
v 5.244298 3.911160 0.122489
v 5.244298 3.911160 0.877511
v 4.489276 3.911160 0.877511
v 5.244298 4.757501 0.122489
v 4.489276 4.757501 0.122489
v 4.489276 4.757501 0.877511
v 5.244298 4.757501 0.877511
v 4.489276 3.956819 0.076830
v 4.489276 4.711841 0.076830
v 5.244298 4.711841 0.076830
v 5.244298 3.956819 0.076830
v 4.489276 3.956819 0.923170
v 5.244298 3.956819 0.923170
v 5.244298 4.711841 0.923170
v 4.489276 4.711841 0.923170
v 5.289958 3.956819 0.122489
v 5.289958 4.711841 0.122489
v 5.289958 4.711841 0.877511
v 5.289958 3.956819 0.877511
v 4.443617 4.711841 0.122489
v 4.443617 3.956819 0.122489
v 4.443617 3.956819 0.877511
v 4.443617 4.711841 0.877511
v 4.467710 3.935253 1.000000
v 4.489276 3.956819 0.978433
v 5.265864 3.935253 1.000000
v 5.244298 3.956819 0.978433
v 4.489276 4.711841 0.978433
v 4.467710 4.733408 1.000000
v 5.265864 4.733408 1.000000
v 5.244298 4.711841 0.978433
v 4.512058 3.922142 0.087464
v 5.279323 3.922142 0.854729
v 5.221516 3.922142 0.912536
v 4.454251 3.922142 0.145271
v 4.862624 3.922142 0.438030
v 4.928757 3.922142 0.504163
v 4.870950 3.922142 0.561970
v 4.804817 3.922142 0.495837
v 4.451891 3.922142 0.848763
v 4.518024 3.922142 0.914896
v 5.215550 3.922142 0.085105
v 5.281682 3.922142 0.151237
v 4.501951 3.845312 0.097571
v 4.512058 3.852797 0.087464
v 4.507004 3.846315 0.092518
v 4.510704 3.849055 0.088818
v 5.279323 3.852797 0.854729
v 5.269216 3.845312 0.864836
v 5.277969 3.849055 0.856083
v 5.274269 3.846315 0.859783
v 5.231623 3.845312 0.902429
v 5.221516 3.852797 0.912536
v 5.226570 3.846315 0.907483
v 5.222870 3.849055 0.911182
v 4.454251 3.852797 0.145271
v 4.464358 3.845312 0.135164
v 4.455605 3.849055 0.143917
v 4.459305 3.846315 0.140217
v 4.928757 3.852797 0.504163
v 4.911043 3.845312 0.506664
v 4.926384 3.849055 0.504498
v 4.919900 3.846315 0.505413
v 4.860123 3.845312 0.455744
v 4.862624 3.852797 0.438030
v 4.861374 3.846315 0.446887
v 4.862289 3.849055 0.440403
v 4.804817 3.852797 0.495837
v 4.822531 3.845312 0.493336
v 4.807190 3.849055 0.495502
v 4.813674 3.846315 0.494587
v 4.873451 3.845312 0.544256
v 4.870950 3.852797 0.561970
v 4.872200 3.846315 0.553113
v 4.871285 3.849055 0.559597
v 4.459498 3.845312 0.856369
v 4.451891 3.852797 0.848763
v 4.455695 3.846315 0.852566
v 4.452911 3.849055 0.849782
v 4.518024 3.852797 0.914896
v 4.510418 3.845312 0.907289
v 4.517005 3.849055 0.913877
v 4.514221 3.846315 0.911092
v 5.215550 3.852797 0.085105
v 5.223156 3.845312 0.092711
v 5.216569 3.849055 0.086124
v 5.219353 3.846315 0.088908
v 5.274076 3.845312 0.143631
v 5.281682 3.852797 0.151237
v 5.277879 3.846315 0.147434
v 5.280663 3.849055 0.150218
v 5.221516 4.739969 0.087464
v 4.454251 4.739969 0.854729
v 4.512058 4.739969 0.912536
v 5.279323 4.739969 0.145271
v 4.870950 4.739969 0.438030
v 4.804817 4.739969 0.504163
v 4.862624 4.739969 0.561970
v 4.928757 4.739969 0.495837
v 5.281682 4.739969 0.848763
v 5.215550 4.739969 0.914895
v 4.518024 4.739969 0.085105
v 4.451892 4.739969 0.151237
v 5.231623 4.816799 0.097571
v 5.221516 4.809314 0.087464
v 5.226570 4.815796 0.092518
v 5.222870 4.813056 0.088818
v 4.454251 4.809314 0.854729
v 4.464358 4.816799 0.864836
v 4.455605 4.813056 0.856083
v 4.459305 4.815796 0.859783
v 4.501951 4.816799 0.902429
v 4.512058 4.809314 0.912536
v 4.507005 4.815796 0.907482
v 4.510704 4.813056 0.911182
v 5.279323 4.809314 0.145271
v 5.269216 4.816799 0.135164
v 5.277969 4.813056 0.143917
v 5.274269 4.815796 0.140217
v 4.804817 4.809314 0.504163
v 4.822531 4.816799 0.506664
v 4.807190 4.813056 0.504498
v 4.813674 4.815796 0.505413
v 4.873451 4.816799 0.455744
v 4.870950 4.809314 0.438030
v 4.872200 4.815796 0.446887
v 4.871285 4.813056 0.440403
v 4.928757 4.809314 0.495837
v 4.911043 4.816799 0.493336
v 4.926384 4.813056 0.495502
v 4.919900 4.815796 0.494587
v 4.860123 4.816799 0.544256
v 4.862624 4.809314 0.561970
v 4.861374 4.815796 0.553113
v 4.862289 4.813056 0.559597
v 5.274076 4.816799 0.856369
v 5.281682 4.809314 0.848763
v 5.277879 4.815796 0.852566
v 5.280663 4.813056 0.849782
v 5.215550 4.809314 0.914895
v 5.223156 4.816799 0.907289
v 5.216569 4.813056 0.913876
v 5.219353 4.815796 0.911092
v 4.518024 4.809314 0.085105
v 4.510418 4.816799 0.092711
v 4.517005 4.813056 0.086124
v 4.514221 4.815796 0.088908
v 4.459498 4.816799 0.143631
v 4.451892 4.809314 0.151237
v 4.455695 4.815796 0.147434
v 4.452911 4.813056 0.150218
v 4.455430 4.689059 0.087464
v 4.455430 3.921794 0.854729
v 4.455430 3.979601 0.912536
v 4.455430 4.746866 0.145271
v 4.455430 4.338493 0.438030
v 4.455430 4.272360 0.504163
v 4.455430 4.330167 0.561970
v 4.455430 4.396300 0.495837
v 4.455430 4.749226 0.848763
v 4.455430 4.683093 0.914895
v 4.455430 3.985567 0.085105
v 4.455430 3.919435 0.151237
v 4.378600 4.699166 0.097571
v 4.386086 4.689059 0.087464
v 4.379603 4.694113 0.092518
v 4.382343 4.690413 0.088818
v 4.386086 3.921794 0.854729
v 4.378600 3.931902 0.864836
v 4.382343 3.923148 0.856083
v 4.379603 3.926848 0.859783
v 4.378600 3.969494 0.902429
v 4.386086 3.979601 0.912536
v 4.379603 3.974548 0.907482
v 4.382343 3.978247 0.911182
v 4.386086 4.746866 0.145271
v 4.378600 4.736758 0.135164
v 4.382343 4.745512 0.143917
v 4.379603 4.741812 0.140217
v 4.386086 4.272360 0.504163
v 4.378600 4.290074 0.506664
v 4.382343 4.274734 0.504498
v 4.379603 4.281217 0.505413
v 4.378600 4.340994 0.455744
v 4.386086 4.338493 0.438030
v 4.379603 4.339743 0.446887
v 4.382343 4.338828 0.440403
v 4.386086 4.396300 0.495837
v 4.378600 4.378586 0.493336
v 4.382343 4.393927 0.495502
v 4.379603 4.387443 0.494587
v 4.378600 4.327666 0.544256
v 4.386086 4.330167 0.561970
v 4.379603 4.328917 0.553113
v 4.382343 4.329833 0.559597
v 4.378600 4.741619 0.856369
v 4.386086 4.749226 0.848763
v 4.379603 4.745422 0.852566
v 4.382343 4.748206 0.849782
v 4.386086 4.683093 0.914895
v 4.378600 4.690700 0.907289
v 4.382343 4.684112 0.913876
v 4.379603 4.686896 0.911092
v 4.386086 3.985567 0.085105
v 4.378600 3.977961 0.092711
v 4.382343 3.984548 0.086124
v 4.379603 3.981764 0.088908
v 4.378600 3.927041 0.143631
v 4.386086 3.919435 0.151237
v 4.379603 3.923238 0.147434
v 4.382343 3.920454 0.150218
vn 1.0000 -0.0000 -0.0000
vn -0.0000 -0.7071 0.7071
vn -0.0000 0.7071 -0.7071
vn -0.0000 0.7071 0.7071
vn -0.0000 -0.7071 -0.7071
vn 0.9566 0.2779 0.0881
vn 0.9804 -0.1623 -0.1114
vn 0.9811 -0.1624 -0.1052
vn 0.8557 0.4998 -0.1338
vn 0.8557 0.4998 -0.1339
vn 0.9243 0.0740 -0.3745
vn 0.9247 0.0739 -0.3734
vn 0.4400 0.7910 -0.4251
vn 0.5001 0.4096 -0.7630
vn 0.4986 0.4098 -0.7638
vn 0.9811 0.1052 0.1624
vn 0.9804 0.1114 0.1623
vn 0.9566 -0.0881 -0.2779
vn 0.9247 0.3734 -0.0739
vn 0.9243 0.3745 -0.0740
vn 0.8557 0.1338 -0.4998
vn 0.8557 0.1338 -0.4999
vn 0.4986 0.7638 -0.4099
vn 0.5001 0.7629 -0.4096
vn 0.4400 0.4251 -0.7910
vn 0.4400 -0.4251 0.7910
vn 0.4986 -0.7638 0.4098
vn 0.5001 -0.7629 0.4097
vn 0.8557 -0.1338 0.4998
vn 0.8557 -0.1339 0.4998
vn 0.9247 -0.3734 0.0739
vn 0.9243 -0.3745 0.0741
vn 0.9566 0.0881 0.2779
vn 0.9811 -0.1052 -0.1624
vn 0.9804 -0.1114 -0.1623
vn 0.5001 -0.4096 0.7630
vn 0.4986 -0.4098 0.7638
vn 0.4400 -0.7910 0.4251
vn 0.9243 -0.0740 0.3745
vn 0.9247 -0.0739 0.3734
vn 0.8557 -0.4999 0.1338
vn 0.8557 -0.4998 0.1338
vn 0.9804 0.1623 0.1114
vn 0.9811 0.1625 0.1052
vn 0.9566 -0.2779 -0.0881
vn 0.9496 0.0578 -0.3082
vn 0.9842 -0.1192 0.1311
vn 0.9832 -0.1265 0.1314
vn 0.7929 -0.2071 -0.5731
vn 0.8853 -0.4390 -0.1534
vn 0.8812 -0.4472 -0.1537
vn 0.3471 -0.4544 -0.8204
vn 0.4138 -0.7951 -0.4433
vn 0.4099 -0.7970 -0.4436
vn 0.9832 -0.1314 0.1265
vn 0.9842 -0.1311 0.1192
vn 0.9496 0.3082 -0.0578
vn 0.8812 0.1537 0.4472
vn 0.8853 0.1535 0.4390
vn 0.7929 0.5731 0.2071
vn 0.4099 0.4437 0.7970
vn 0.4139 0.4433 0.7951
vn 0.3471 0.8204 0.4544
vn 0.9832 0.1314 -0.1265
vn 0.9842 0.1311 -0.1192
vn 0.9496 -0.3082 0.0578
vn 0.8811 -0.1536 -0.4472
vn 0.8853 -0.1534 -0.4390
vn 0.7929 -0.5731 -0.2071
vn 0.4099 -0.4436 -0.7970
vn 0.4139 -0.4433 -0.7951
vn 0.3471 -0.8204 -0.4544
vn 0.4139 0.7951 0.4433
vn 0.4099 0.7970 0.4436
vn 0.3471 0.4544 0.8204
vn 0.8853 0.4390 0.1534
vn 0.8812 0.4472 0.1536
vn 0.7929 0.2071 0.5731
vn 0.9842 0.1192 -0.1311
vn 0.9832 0.1265 -0.1314
vn 0.9496 -0.0578 0.3082
vn -1.0000 -0.0000 -0.0000
vn -0.8661 -0.0000 -0.4998
vn -0.7744 -0.4474 -0.4474
vn -0.8661 -0.4998 -0.0000
vn -0.4998 -0.0000 -0.8661
vn -0.4473 -0.4473 -0.7744
vn -0.0000 -0.0000 -1.0000
vn -0.0000 -0.4998 -0.8661
vn -0.0000 -0.8661 -0.4998
vn -0.4473 -0.7744 -0.4473
vn -0.0000 -1.0000 -0.0000
vn -0.4998 -0.8661 -0.0000
vn 0.4473 -0.7744 -0.4473
vn 0.4998 -0.8661 -0.0000
vn 0.4473 -0.4473 -0.7744
vn 0.4998 -0.0000 -0.8661
vn 0.8661 -0.0000 -0.4998
vn 0.7744 -0.4473 -0.4473
vn 0.8661 -0.4998 -0.0000
vn -0.8661 0.4998 -0.0000
vn -0.7744 0.4474 -0.4474
vn -0.4998 0.8661 -0.0000
vn -0.4473 0.7744 -0.4473
vn -0.0000 1.0000 -0.0000
vn -0.0000 0.8661 -0.4998
vn -0.0000 0.4998 -0.8661
vn -0.4473 0.4473 -0.7744
vn 0.7744 0.4473 -0.4473
vn 0.8661 0.4998 -0.0000
vn 0.4473 0.4473 -0.7744
vn 0.4473 0.7744 -0.4473
vn 0.4998 0.8661 -0.0000
vn -0.7744 -0.4473 0.4474
vn -0.8661 -0.0000 0.4998
vn -0.4473 -0.7744 0.4474
vn -0.0000 -0.8661 0.4998
vn -0.0000 -0.4998 0.8661
vn -0.4473 -0.4473 0.7744
vn -0.0000 -0.0000 1.0000
vn -0.4998 -0.0000 0.8661
vn 0.0001 -1.0000 -0.0000
vn 0.4473 -0.7744 0.4474
vn 0.7744 -0.4473 0.4474
vn 0.8661 -0.0000 0.4998
vn 0.4998 -0.0000 0.8661
vn 0.4473 -0.4473 0.7744
vn -0.7744 0.4473 0.4473
vn -0.4473 0.4473 0.7744
vn -0.0000 0.4998 0.8661
vn -0.0000 0.8661 0.4998
vn -0.4473 0.7744 0.4473
vn -0.0001 1.0000 -0.0000
vn 0.7744 0.4473 0.4474
vn 0.4473 0.7744 0.4474
vn 0.4473 0.4473 0.7744
vn 0.7071 -0.0000 0.7071
vn -0.7071 -0.0000 0.7071
vn 0.7071 -0.0000 -0.7071
vn -0.7071 -0.0000 -0.7071
vn 0.2779 -0.9566 0.0881
vn -0.1623 -0.9804 -0.1114
vn -0.1624 -0.9811 -0.1052
vn 0.4998 -0.8557 -0.1338
vn 0.4998 -0.8557 -0.1339
vn 0.0741 -0.9243 -0.3745
vn 0.0739 -0.9247 -0.3734
vn 0.7910 -0.4400 -0.4251
vn 0.4096 -0.5001 -0.7629
vn 0.4098 -0.4986 -0.7638
vn 0.1052 -0.9811 0.1624
vn 0.1114 -0.9804 0.1623
vn -0.0881 -0.9566 -0.2779
vn 0.3734 -0.9247 -0.0739
vn 0.3745 -0.9243 -0.0741
vn 0.1338 -0.8557 -0.4998
vn 0.1339 -0.8557 -0.4998
vn 0.7638 -0.4986 -0.4098
vn 0.7629 -0.5001 -0.4097
vn 0.4251 -0.4400 -0.7910
vn -0.4251 -0.4400 0.7910
vn -0.7638 -0.4986 0.4098
vn -0.7630 -0.5001 0.4096
vn -0.1338 -0.8557 0.4998
vn -0.1339 -0.8557 0.4998
vn -0.3734 -0.9247 0.0739
vn -0.3745 -0.9243 0.0741
vn 0.0881 -0.9566 0.2779
vn -0.1052 -0.9811 -0.1624
vn -0.1114 -0.9804 -0.1623
vn -0.4096 -0.5001 0.7630
vn -0.4098 -0.4986 0.7638
vn -0.7910 -0.4400 0.4251
vn -0.0741 -0.9243 0.3745
vn -0.0739 -0.9247 0.3734
vn -0.4998 -0.8557 0.1338
vn -0.4998 -0.8557 0.1339
vn 0.1623 -0.9804 0.1114
vn 0.1624 -0.9811 0.1052
vn -0.2779 -0.9566 -0.0881
vn 0.0578 -0.9496 -0.3082
vn -0.1192 -0.9842 0.1311
vn -0.1265 -0.9832 0.1314
vn -0.2071 -0.7929 -0.5731
vn -0.4390 -0.8853 -0.1534
vn -0.4472 -0.8812 -0.1536
vn -0.4544 -0.3471 -0.8204
vn -0.7951 -0.4139 -0.4433
vn -0.7970 -0.4099 -0.4436
vn -0.1314 -0.9832 0.1265
vn -0.1311 -0.9842 0.1192
vn 0.3082 -0.9496 -0.0578
vn 0.1536 -0.8812 0.4472
vn 0.1534 -0.8853 0.4390
vn 0.5731 -0.7929 0.2071
vn 0.4436 -0.4099 0.7970
vn 0.4433 -0.4139 0.7951
vn 0.8204 -0.3471 0.4544
vn 0.1314 -0.9832 -0.1265
vn 0.1312 -0.9842 -0.1192
vn -0.3082 -0.9496 0.0578
vn -0.1536 -0.8811 -0.4472
vn -0.1534 -0.8853 -0.4390
vn -0.5731 -0.7929 -0.2071
vn -0.4437 -0.4099 -0.7970
vn -0.4433 -0.4139 -0.7951
vn -0.8204 -0.3471 -0.4544
vn 0.7951 -0.4139 0.4433
vn 0.7970 -0.4099 0.4436
vn 0.4544 -0.3471 0.8204
vn 0.4390 -0.8853 0.1534
vn 0.4472 -0.8812 0.1536
vn 0.2071 -0.7929 0.5731
vn 0.1192 -0.9842 -0.1311
vn 0.1265 -0.9832 -0.1314
vn -0.0578 -0.9496 0.3082
vn -0.2779 0.9566 0.0881
vn 0.1623 0.9804 -0.1114
vn 0.1624 0.9811 -0.1052
vn -0.4998 0.8557 -0.1339
vn -0.0740 0.9243 -0.3745
vn -0.0739 0.9247 -0.3734
vn -0.7910 0.4400 -0.4251
vn -0.4097 0.5001 -0.7629
vn -0.4098 0.4986 -0.7638
vn -0.1052 0.9811 0.1624
vn -0.1114 0.9804 0.1623
vn 0.0881 0.9566 -0.2779
vn -0.3734 0.9247 -0.0740
vn -0.3745 0.9243 -0.0740
vn -0.1338 0.8557 -0.4998
vn -0.1339 0.8557 -0.4998
vn -0.7638 0.4986 -0.4098
vn -0.7629 0.5001 -0.4097
vn -0.4251 0.4400 -0.7910
vn 0.4251 0.4400 0.7910
vn 0.7638 0.4986 0.4098
vn 0.7630 0.5001 0.4096
vn 0.1338 0.8557 0.4998
vn 0.1339 0.8557 0.4998
vn 0.3734 0.9247 0.0740
vn 0.3745 0.9243 0.0740
vn -0.0881 0.9566 0.2779
vn 0.1052 0.9811 -0.1624
vn 0.1114 0.9804 -0.1623
vn 0.4096 0.5001 0.7630
vn 0.4098 0.4986 0.7638
vn 0.7910 0.4400 0.4251
vn 0.0740 0.9243 0.3745
vn 0.0739 0.9247 0.3734
vn 0.4999 0.8557 0.1338
vn -0.1623 0.9804 0.1114
vn -0.1624 0.9811 0.1052
vn 0.2779 0.9566 -0.0881
vn -0.0578 0.9496 -0.3082
vn 0.1193 0.9842 0.1311
vn 0.1265 0.9832 0.1314
vn 0.2071 0.7929 -0.5731
vn 0.4390 0.8853 -0.1535
vn 0.4472 0.8812 -0.1537
vn 0.4544 0.3471 -0.8204
vn 0.7951 0.4139 -0.4433
vn 0.7970 0.4099 -0.4436
vn 0.1314 0.9832 0.1265
vn 0.1311 0.9842 0.1192
vn -0.3082 0.9496 -0.0578
vn -0.1537 0.8812 0.4472
vn -0.1535 0.8853 0.4390
vn -0.5731 0.7929 0.2071
vn -0.4437 0.4099 0.7970
vn -0.4434 0.4138 0.7951
vn -0.8204 0.3471 0.4544
vn -0.1314 0.9832 -0.1265
vn -0.1311 0.9842 -0.1192
vn 0.3082 0.9496 0.0578
vn 0.1536 0.8812 -0.4472
vn 0.1535 0.8853 -0.4390
vn 0.5731 0.7929 -0.2071
vn 0.4436 0.4099 -0.7970
vn 0.4433 0.4139 -0.7951
vn 0.8204 0.3471 -0.4544
vn -0.7951 0.4138 0.4433
vn -0.7970 0.4099 0.4436
vn -0.4544 0.3471 0.8204
vn -0.4390 0.8853 0.1535
vn -0.4472 0.8812 0.1537
vn -0.2071 0.7929 0.5731
vn -0.1193 0.9842 -0.1311
vn -0.1265 0.9832 -0.1314
vn 0.0578 0.9496 0.3082
vn -0.9566 -0.2779 0.0881
vn -0.9804 0.1622 -0.1114
vn -0.9811 0.1625 -0.1052
vn -0.8557 -0.4999 -0.1338
vn -0.9243 -0.0740 -0.3745
vn -0.9247 -0.0740 -0.3734
vn -0.4400 -0.7910 -0.4251
vn -0.5001 -0.4097 -0.7629
vn -0.4986 -0.4098 -0.7638
vn -0.9811 -0.1052 0.1625
vn -0.9804 -0.1114 0.1622
vn -0.9566 0.0881 -0.2779
vn -0.9247 -0.3734 -0.0740
vn -0.9243 -0.3745 -0.0740
vn -0.8557 -0.1338 -0.4998
vn -0.8557 -0.1339 -0.4998
vn -0.4986 -0.7638 -0.4098
vn -0.5001 -0.7629 -0.4097
vn -0.4400 -0.4251 -0.7910
vn -0.4400 0.4251 0.7910
vn -0.4986 0.7638 0.4098
vn -0.5001 0.7629 0.4097
vn -0.8557 0.1338 0.4998
vn -0.8557 0.1339 0.4998
vn -0.9247 0.3734 0.0740
vn -0.9243 0.3745 0.0740
vn -0.9566 -0.0881 0.2779
vn -0.9811 0.1052 -0.1625
vn -0.9804 0.1114 -0.1622
vn -0.5001 0.4097 0.7629
vn -0.4986 0.4098 0.7638
vn -0.4400 0.7910 0.4251
vn -0.9243 0.0740 0.3745
vn -0.9247 0.0740 0.3734
vn -0.8557 0.4999 0.1338
vn -0.9804 -0.1622 0.1114
vn -0.9811 -0.1625 0.1052
vn -0.9566 0.2779 -0.0881
vn -0.9496 -0.0578 -0.3082
vn -0.9496 -0.0578 -0.3081
vn -0.9842 0.1192 0.1312
vn -0.9832 0.1265 0.1314
vn -0.7929 0.2071 -0.5731
vn -0.8853 0.4390 -0.1535
vn -0.8812 0.4472 -0.1536
vn -0.3471 0.4544 -0.8204
vn -0.4138 0.7951 -0.4433
vn -0.4099 0.7970 -0.4436
vn -0.9832 0.1314 0.1265
vn -0.9842 0.1312 0.1192
vn -0.9496 -0.3082 -0.0578
vn -0.9496 -0.3081 -0.0578
vn -0.8812 -0.1536 0.4472
vn -0.8853 -0.1535 0.4390
vn -0.7929 -0.5731 0.2071
vn -0.4099 -0.4436 0.7970
vn -0.4139 -0.4433 0.7951
vn -0.3471 -0.8204 0.4544
vn -0.9832 -0.1314 -0.1265
vn -0.9842 -0.1312 -0.1192
vn -0.9496 0.3082 0.0578
vn -0.9496 0.3081 0.0578
vn -0.8812 0.1536 -0.4472
vn -0.8853 0.1535 -0.4390
vn -0.7929 0.5731 -0.2071
vn -0.7929 0.5731 -0.2072
vn -0.4099 0.4436 -0.7970
vn -0.4139 0.4433 -0.7951
vn -0.3471 0.8204 -0.4544
vn -0.4139 -0.7951 0.4433
vn -0.4099 -0.7970 0.4436
vn -0.3471 -0.4544 0.8204
vn -0.8853 -0.4390 0.1535
vn -0.8812 -0.4472 0.1536
vn -0.7929 -0.2071 0.5731
vn -0.7929 -0.2072 0.5731
vn -0.9842 -0.1192 -0.1312
vn -0.9832 -0.1265 -0.1314
vn -0.9496 0.0578 0.3082
vn -0.9496 0.0578 0.3081
vt 0.846577 0.822206
vt 0.756189 0.911385
vt 0.765549 0.920872
vt 0.855937 0.831693
vt 0.362941 0.314024
vt 0.362941 0.438303
vt 0.380324 0.438303
vt 0.380324 0.314024
vt 0.868787 0.819015
vt 0.859428 0.809528
vt 0.365818 0.061986
vt 0.365819 0.186269
vt 0.383202 0.186269
vt 0.383201 0.061986
vt 0.168576 0.430799
vt 0.185959 0.430799
vt 0.185959 0.306519
vt 0.168576 0.306519
vt 0.197030 0.190016
vt 0.214413 0.190016
vt 0.214413 0.064904
vt 0.197030 0.064904
vt 0.949816 0.720349
vt 0.959176 0.729836
vt 0.402053 0.314910
vt 0.384670 0.314910
vt 0.384668 0.440029
vt 0.402051 0.440029
vt 0.232227 0.307406
vt 0.214844 0.307406
vt 0.214844 0.432526
vt 0.232227 0.432526
vt 0.946326 0.923308
vt 0.959176 0.910630
vt 0.203061 0.805517
vt 0.185678 0.805517
vt 0.185677 0.930635
vt 0.203060 0.930635
vt 0.769038 0.717912
vt 0.756188 0.730591
vt 0.146525 0.065542
vt 0.144715 0.065542
vt 0.144716 0.191167
vt 0.146525 0.192516
vt 0.143235 0.065542
vt 0.143235 0.190180
vt 0.142180 0.065542
vt 0.142181 0.189819
vt 0.190302 0.303823
vt 0.188494 0.305171
vt 0.188493 0.430799
vt 0.190302 0.430799
vt 0.187014 0.306158
vt 0.187013 0.430799
vt 0.381376 0.438303
vt 0.381378 0.313663
vt 0.382857 0.438303
vt 0.382859 0.312676
vt 0.384668 0.438303
vt 0.384668 0.311328
vt 0.384255 0.186630
vt 0.384256 0.061986
vt 0.385736 0.187617
vt 0.385736 0.061986
vt 0.387544 0.188965
vt 0.387544 0.061986
vt 0.211266 0.432526
vt 0.212637 0.432526
vt 0.212637 0.305615
vt 0.211265 0.303823
vt 0.213839 0.432526
vt 0.213839 0.306926
vt 0.405631 0.311328
vt 0.404259 0.313120
vt 0.404259 0.440029
vt 0.405631 0.440029
vt 0.403057 0.314431
vt 0.403057 0.440029
vt 0.206640 0.801935
vt 0.205269 0.803726
vt 0.205268 0.930635
vt 0.206640 0.930635
vt 0.204067 0.805037
vt 0.204066 0.930635
vt 0.215418 0.190496
vt 0.215418 0.064904
vt 0.216622 0.191808
vt 0.216622 0.064904
vt 0.217993 0.193600
vt 0.217993 0.064904
vt 0.124798 0.189819
vt 0.124797 0.065542
vt 0.037991 0.257594
vt 0.033868 0.257402
vt 0.034077 0.253190
vt 0.038043 0.253587
vt 0.520746 0.509184
vt 0.520429 0.505058
vt 0.524270 0.505051
vt 0.524884 0.507999
vt 0.520310 0.501078
vt 0.524286 0.501191
vt 0.528402 0.501506
vt 0.527195 0.505714
vt 0.038002 0.245570
vt 0.038056 0.249573
vt 0.034094 0.249986
vt 0.033879 0.245766
vt 0.038010 0.010578
vt 0.033942 0.010506
vt 0.033970 0.006536
vt 0.037940 0.006510
vt 0.528402 0.265541
vt 0.524279 0.265855
vt 0.524275 0.262015
vt 0.527222 0.261405
vt 0.520304 0.265971
vt 0.520417 0.261997
vt 0.520734 0.257882
vt 0.524940 0.259092
vt 0.038027 0.986672
vt 0.038024 0.990690
vt 0.034100 0.990920
vt 0.033938 0.986822
vt 0.037880 0.994781
vt 0.033915 0.993906
vt 0.037980 0.492609
vt 0.038036 0.496616
vt 0.034071 0.497032
vt 0.033854 0.492807
vt 0.038025 0.500634
vt 0.034055 0.500239
vt 0.037975 0.504645
vt 0.033850 0.504453
vt 0.277104 0.501504
vt 0.281227 0.501191
vt 0.281231 0.505030
vt 0.278284 0.505640
vt 0.285202 0.501074
vt 0.285089 0.505048
vt 0.284772 0.509163
vt 0.280566 0.507953
vt 0.037995 0.751693
vt 0.033871 0.751502
vt 0.034074 0.747289
vt 0.038043 0.747682
vt 0.284760 0.257861
vt 0.285078 0.261987
vt 0.281236 0.261995
vt 0.280623 0.259046
vt 0.285197 0.265967
vt 0.281220 0.265854
vt 0.277104 0.265539
vt 0.278311 0.261331
vt 0.037994 0.739657
vt 0.038052 0.743663
vt 0.034087 0.744081
vt 0.033868 0.739857
vt 0.272980 0.257611
vt 0.272923 0.253608
vt 0.276886 0.253191
vt 0.277104 0.257412
vt 0.272934 0.249593
vt 0.276900 0.249987
vt 0.272983 0.245586
vt 0.277104 0.245777
vt 0.520780 0.257841
vt 0.520466 0.253718
vt 0.524306 0.253713
vt 0.524917 0.256661
vt 0.520350 0.249742
vt 0.524324 0.249855
vt 0.528440 0.250171
vt 0.527230 0.254378
vt 0.273007 0.010594
vt 0.273078 0.006526
vt 0.277048 0.006553
vt 0.277075 0.010523
vt 0.273146 0.994751
vt 0.273011 0.990661
vt 0.276939 0.990873
vt 0.277104 0.993893
vt 0.273003 0.986639
vt 0.277090 0.986783
vt 0.277104 0.250206
vt 0.281231 0.249887
vt 0.281239 0.253730
vt 0.278290 0.254343
vt 0.285211 0.249768
vt 0.285099 0.253745
vt 0.284784 0.257861
vt 0.280576 0.256655
vt 0.272973 0.492612
vt 0.277095 0.492804
vt 0.276889 0.497014
vt 0.272922 0.496619
vt 0.528440 0.014166
vt 0.524313 0.014484
vt 0.524305 0.010642
vt 0.527254 0.010028
vt 0.520333 0.014603
vt 0.520445 0.010627
vt 0.520760 0.006510
vt 0.524968 0.007717
vt 0.272966 0.504637
vt 0.272911 0.500634
vt 0.276873 0.500218
vt 0.277090 0.504439
vt 0.272968 0.751660
vt 0.272914 0.747656
vt 0.276876 0.747242
vt 0.277091 0.751462
vt 0.272927 0.743642
vt 0.276893 0.744038
vt 0.272978 0.739635
vt 0.277101 0.739827
vt 0.284764 0.006531
vt 0.285078 0.010654
vt 0.281238 0.010659
vt 0.280627 0.007711
vt 0.285195 0.014630
vt 0.281220 0.014517
vt 0.277104 0.014200
vt 0.278314 0.009994
vt 0.308055 0.478222
vt 0.497455 0.478223
vt 0.060831 0.280443
vt 0.060822 0.469762
vt 0.497452 0.288823
vt 0.060853 0.033422
vt 0.060843 0.222729
vt 0.308052 0.288822
vt 0.060838 0.774531
vt 0.060864 0.963827
vt 0.060818 0.527491
vt 0.060832 0.716808
vt 0.250132 0.469767
vt 0.250139 0.280453
vt 0.739168 0.265507
vt 0.739168 0.279360
vt 0.549901 0.279360
vt 0.549901 0.265507
vt 0.250145 0.222742
vt 0.250161 0.033435
vt 0.753021 0.468627
vt 0.739168 0.468627
vt 0.753021 0.279360
vt 0.250159 0.963800
vt 0.250131 0.774504
vt 0.549901 0.482480
vt 0.549901 0.468627
vt 0.739168 0.482480
vt 0.250137 0.716793
vt 0.250126 0.527481
vt 0.964715 0.698653
vt 0.775448 0.698653
vt 0.775448 0.509386
vt 0.964715 0.509386
vt 0.775448 0.717912
vt 0.964715 0.717912
vt 0.756188 0.509386
vt 0.756188 0.698653
vt 0.964715 0.490126
vt 0.775448 0.490126
vt 0.983974 0.698653
vt 0.983974 0.509386
vt 0.736929 0.509386
vt 0.736929 0.698653
vt 0.547661 0.698653
vt 0.547661 0.509386
vt 0.528402 0.509386
vt 0.528402 0.698653
vt 0.736929 0.490126
vt 0.547661 0.490126
vt 0.485631 0.717711
vt 0.296364 0.717711
vt 0.296364 0.528443
vt 0.485631 0.528443
vt 0.296364 0.736970
vt 0.485631 0.736970
vt 0.277104 0.528443
vt 0.277104 0.717711
vt 0.485631 0.509184
vt 0.296364 0.509184
vt 0.504890 0.717711
vt 0.504890 0.528443
vt 0.302656 0.232320
vt 0.502904 0.232299
vt 0.302640 0.032073
vt 0.502888 0.032052
vt 0.736929 0.926439
vt 0.547661 0.926439
vt 0.547661 0.737172
vt 0.736929 0.737172
vt 0.547661 0.945698
vt 0.736929 0.945698
vt 0.528402 0.737172
vt 0.528402 0.926439
vt 0.736929 0.717912
vt 0.547661 0.717912
vt 0.756188 0.926439
vt 0.756188 0.737172
vt 0.547699 0.025770
vt 0.736966 0.025770
vt 0.736966 0.215037
vt 0.547699 0.215037
vt 0.736966 0.006510
vt 0.547699 0.006510
vt 0.756226 0.215037
vt 0.756226 0.025770
vt 0.547699 0.234296
vt 0.736966 0.234296
vt 0.528440 0.025770
vt 0.528440 0.215037
vt 0.536048 0.279360
vt 0.536048 0.468627
vt 0.528402 0.474033
vt 0.528402 0.273954
vt 0.544495 0.257861
vt 0.744574 0.257861
vt 0.760667 0.273954
vt 0.760667 0.474034
vt 0.744574 0.490126
vt 0.544494 0.490126
vt 0.380343 0.850750
vt 0.470732 0.939929
vt 0.480092 0.930442
vt 0.389703 0.841263
vt 0.109704 0.429126
vt 0.109705 0.304848
vt 0.092322 0.304848
vt 0.092321 0.429125
vt 0.376853 0.828585
vt 0.367493 0.838072
vt 0.168576 0.430797
vt 0.168576 0.306521
vt 0.151193 0.306521
vt 0.151193 0.430797
vt 0.177879 0.800371
vt 0.160495 0.800371
vt 0.160495 0.924653
vt 0.177879 0.924653
vt 0.205348 0.555978
vt 0.187965 0.555978
vt 0.187965 0.681093
vt 0.205348 0.681093
vt 0.277105 0.748893
vt 0.286465 0.739406
vt 0.222732 0.557702
vt 0.205349 0.557702
vt 0.205348 0.682819
vt 0.222731 0.682819
vt 0.218562 0.929627
vt 0.235946 0.929628
vt 0.235947 0.804509
vt 0.218563 0.804509
vt 0.480092 0.749648
vt 0.467242 0.736970
vt 0.207687 0.307406
vt 0.190304 0.307406
vt 0.190302 0.432524
vt 0.207686 0.432524
vt 0.277104 0.929687
vt 0.289954 0.942365
vt 0.142012 0.304613
vt 0.140201 0.304613
vt 0.140203 0.430236
vt 0.142013 0.431586
vt 0.138720 0.304613
vt 0.138722 0.429249
vt 0.137667 0.304613
vt 0.137667 0.428888
vt 0.156153 0.927349
vt 0.157962 0.926001
vt 0.157961 0.800371
vt 0.156151 0.800371
vt 0.159441 0.925014
vt 0.159441 0.800371
vt 0.091268 0.304848
vt 0.091267 0.429487
vt 0.089787 0.304848
vt 0.089786 0.430474
vt 0.087977 0.304848
vt 0.087977 0.431822
vt 0.150139 0.306159
vt 0.150138 0.430797
vt 0.148658 0.305172
vt 0.148659 0.430797
vt 0.146848 0.303823
vt 0.146848 0.430797
vt 0.239525 0.804509
vt 0.238155 0.804509
vt 0.238153 0.931419
vt 0.239525 0.933211
vt 0.236953 0.804509
vt 0.236951 0.930108
vt 0.226311 0.554119
vt 0.224939 0.555911
vt 0.224939 0.682819
vt 0.226311 0.682819
vt 0.223737 0.557222
vt 0.223737 0.682819
vt 0.209893 0.305615
vt 0.209894 0.432524
vt 0.211265 0.432524
vt 0.208691 0.306927
vt 0.208691 0.432524
vt 0.186959 0.555498
vt 0.186959 0.681093
vt 0.185757 0.554186
vt 0.185757 0.681093
vt 0.184385 0.552394
vt 0.184386 0.681093
vt 0.120285 0.428888
vt 0.120285 0.304613
vt 0.859465 0.120290
vt 0.949854 0.209469
vt 0.959214 0.199983
vt 0.868825 0.110804
vt 0.114808 0.188521
vt 0.114808 0.064240
vt 0.097425 0.064240
vt 0.097425 0.188521
vt 0.855975 0.098125
vt 0.846615 0.107612
vt 0.122436 0.923611
vt 0.122436 0.799340
vt 0.105054 0.799340
vt 0.105054 0.923611
vt 0.387544 0.188963
vt 0.404928 0.188963
vt 0.404928 0.064683
vt 0.387545 0.064683
vt 0.405631 0.436444
vt 0.423014 0.436444
vt 0.423014 0.311328
vt 0.756226 0.018433
vt 0.765586 0.008947
vt 0.235377 0.068487
vt 0.217993 0.068487
vt 0.217993 0.193604
vt 0.235376 0.193604
vt 0.409271 0.187106
vt 0.426655 0.187106
vt 0.426656 0.061986
vt 0.409272 0.061986
vt 0.959214 0.019188
vt 0.946364 0.006510
vt 0.443977 0.314911
vt 0.426593 0.314911
vt 0.426593 0.440027
vt 0.443977 0.440027
vt 0.756226 0.199227
vt 0.769076 0.211906
vt 0.328767 0.438802
vt 0.330577 0.438802
vt 0.330575 0.313178
vt 0.328765 0.311829
vt 0.332058 0.438802
vt 0.332056 0.314165
vt 0.333111 0.438802
vt 0.333111 0.314527
vt 0.409271 0.061986
vt 0.407462 0.063335
vt 0.407462 0.188963
vt 0.409271 0.188963
vt 0.405981 0.064322
vt 0.405982 0.188963
vt 0.096372 0.064240
vt 0.096371 0.188883
vt 0.094891 0.064240
vt 0.094891 0.189870
vt 0.093082 0.064240
vt 0.093081 0.191218
vt 0.103999 0.798978
vt 0.103999 0.923611
vt 0.102518 0.797991
vt 0.102519 0.923611
vt 0.100708 0.796641
vt 0.100708 0.923612
vt 0.430234 0.061987
vt 0.428862 0.061987
vt 0.428863 0.188898
vt 0.430234 0.190688
vt 0.427661 0.061987
vt 0.427661 0.187586
vt 0.238956 0.064904
vt 0.237584 0.066696
vt 0.237584 0.193604
vt 0.238956 0.193604
vt 0.236382 0.068007
vt 0.236382 0.193604
vt 0.447556 0.311328
vt 0.446184 0.313120
vt 0.446184 0.440027
vt 0.447556 0.440027
vt 0.444982 0.314431
vt 0.444982 0.440027
vt 0.424019 0.436924
vt 0.424020 0.311328
vt 0.425222 0.438236
vt 0.425222 0.311328
vt 0.426593 0.440028
vt 0.426593 0.311328
vt 0.350493 0.314527
vt 0.350493 0.438802
vt 0.860416 0.349476
vt 0.770027 0.260297
vt 0.760667 0.269784
vt 0.851056 0.358963
vt 0.161894 0.555088
vt 0.161893 0.679367
vt 0.179276 0.679367
vt 0.179277 0.555088
vt 0.863906 0.371641
vt 0.873266 0.362154
vt 0.151842 0.066854
vt 0.151842 0.191136
vt 0.169225 0.191136
vt 0.169225 0.066854
vt 0.149182 0.798790
vt 0.131799 0.798790
vt 0.131799 0.923069
vt 0.149182 0.923069
vt 0.091395 0.795991
vt 0.074012 0.795991
vt 0.074012 0.921102
vt 0.091394 0.921102
vt 0.963655 0.451334
vt 0.954295 0.460820
vt 0.193452 0.068486
vt 0.176069 0.068486
vt 0.176067 0.193605
vt 0.193451 0.193606
vt 0.116351 0.679035
vt 0.133735 0.679035
vt 0.133735 0.553914
vt 0.116351 0.553914
vt 0.760667 0.450578
vt 0.773517 0.463256
vt 0.447618 0.065568
vt 0.430234 0.065568
vt 0.430234 0.190686
vt 0.447617 0.190686
vt 0.963655 0.270539
vt 0.950805 0.257861
vt 0.116351 0.555644
vt 0.114542 0.555644
vt 0.114542 0.681269
vt 0.116351 0.682617
vt 0.113061 0.555644
vt 0.113062 0.680282
vt 0.112007 0.555644
vt 0.112007 0.679920
vt 0.127455 0.925766
vt 0.129264 0.924417
vt 0.129265 0.798790
vt 0.127456 0.798790
vt 0.130745 0.923431
vt 0.130745 0.798790
vt 0.180329 0.679367
vt 0.180331 0.554727
vt 0.181810 0.679367
vt 0.181812 0.553740
vt 0.183621 0.679367
vt 0.183621 0.552392
vt 0.170278 0.191497
vt 0.170280 0.066854
vt 0.171759 0.192484
vt 0.171759 0.066854
vt 0.173568 0.193832
vt 0.173568 0.066854
vt 0.137313 0.553914
vt 0.135941 0.553914
vt 0.135941 0.680825
vt 0.137313 0.682617
vt 0.134740 0.553914
vt 0.134740 0.679515
vt 0.195658 0.066696
vt 0.195658 0.193606
vt 0.197030 0.193606
vt 0.194456 0.068007
vt 0.194456 0.193606
vt 0.451196 0.061986
vt 0.449825 0.063777
vt 0.449825 0.190686
vt 0.451196 0.190686
vt 0.448623 0.065088
vt 0.448622 0.190686
vt 0.073006 0.795511
vt 0.073006 0.921102
vt 0.071803 0.794198
vt 0.071803 0.921102
vt 0.070431 0.792406
vt 0.070431 0.921102
vt 0.094624 0.679920
vt 0.094624 0.555644
s 1
usemtl Material.005
f 2671/3478/1482 2659/3479/1482 2662/3480/1482 2682/3481/1482
f 2649/3482/1483 2645/3483/1483 2666/3484/1483 2678/3485/1483
f 2682/3481/1482 2679/3486/1482 2674/3487/1482 2671/3478/1482
f 2644/3488/1483 2648/3489/1483 2683/3490/1483 2663/3491/1483
f 2643/3492/1484 2658/3493/1484 2670/3494/1484 2647/3495/1484
f 2647/3496/1485 2670/3497/1485 2699/3498/1485 2653/3499/1485
f 2654/3500/1482 2674/3487/1482 2679/3486/1482 2667/3501/1482
f 2683/3502/1485 2648/3503/1485 2651/3504/1485 2690/3505/1485
f 2649/3506/1486 2678/3507/1486 2687/3508/1486 2650/3509/1486
f 2679/3486/1482 2682/3481/1482 2691/3510/1482 2686/3511/1482
f 2675/3512/1486 2646/3513/1486 2652/3514/1486 2694/3515/1486
f 2671/3478/1482 2674/3487/1482 2695/3516/1482 2698/3517/1482
f 2654/3518/1487 2656/3519/1487 2676/3520/1488 2674/3521/1489
f 2656/3519/1490 2657/3522/1491 2677/3523/1492 2676/3520/1493
f 2657/3522/1494 2655/3524/1494 2675/3525/1495 2677/3523/1496
f 2671/3526/1497 2673/3527/1498 2661/3528/1499 2659/3529/1499
f 2673/3527/1500 2672/3530/1501 2660/3531/1502 2661/3528/1503
f 2672/3530/1504 2670/3494/1505 2658/3493/1506 2660/3531/1506
f 2666/3484/1507 2668/3532/1507 2680/3533/1508 2678/3485/1509
f 2668/3532/1510 2669/3534/1511 2681/3535/1512 2680/3533/1513
f 2669/3534/1514 2667/3536/1514 2679/3537/1515 2681/3535/1516
f 2683/3490/1517 2685/3538/1518 2665/3539/1519 2663/3491/1519
f 2685/3538/1520 2684/3540/1521 2664/3541/1522 2665/3539/1523
f 2684/3540/1524 2682/3542/1525 2662/3543/1526 2664/3541/1526
f 2686/3544/1527 2688/3545/1527 2681/3546/1528 2679/3547/1529
f 2688/3545/1530 2689/3548/1530 2680/3549/1531 2681/3546/1532
f 2689/3548/1533 2687/3508/1533 2678/3507/1534 2680/3549/1535
f 2682/3550/1536 2684/3551/1537 2693/3552/1538 2691/3553/1538
f 2684/3551/1539 2685/3554/1540 2692/3555/1541 2693/3552/1541
f 2685/3554/1542 2683/3502/1543 2690/3505/1544 2692/3555/1544
f 2674/3556/1545 2676/3557/1546 2697/3558/1547 2695/3559/1547
f 2676/3557/1548 2677/3560/1549 2696/3561/1550 2697/3558/1550
f 2677/3560/1551 2675/3512/1552 2694/3515/1553 2696/3561/1553
f 2670/3497/1554 2672/3562/1555 2701/3563/1556 2699/3498/1556
f 2672/3562/1557 2673/3564/1558 2700/3565/1559 2701/3563/1559
f 2673/3564/1560 2671/3566/1561 2698/3567/1562 2700/3565/1562
f 2646/3568/1484 2675/3525/1484 2655/3524/1484 2642/3569/1484
f 2796/3570/1563 2705/3571/1564 2707/3572/1565 2706/3573/1566
f 2705/3574/1564 2709/3575/1567 2710/3576/1568 2707/3577/1565
f 2795/3578/1569 2708/3579/1570 2710/3576/1568 2709/3575/1567
f 2708/3579/1570 2712/3580/1571 2713/3581/1572 2710/3576/1568
f 2800/3582/1573 2711/3583/1574 2713/3584/1572 2712/3585/1571
f 2711/3583/1574 2706/3573/1566 2707/3572/1565 2713/3584/1572
f 2707/3577/1565 2710/3576/1568 2713/3581/1572
f 2799/3586/1573 2717/3587/1571 2719/3588/1575 2718/3589/1576
f 2717/3590/1571 2721/3591/1570 2722/3592/1577 2719/3593/1575
f 2798/3594/1569 2720/3595/1578 2722/3592/1577 2721/3591/1570
f 2720/3595/1578 2724/3596/1579 2725/3597/1580 2722/3592/1577
f 2803/3598/1482 2723/3599/1581 2725/3600/1580 2724/3601/1579
f 2723/3599/1581 2718/3602/1576 2719/3603/1575 2725/3600/1580
f 2719/3593/1575 2722/3592/1577 2725/3597/1580
f 2797/3604/1563 2729/3605/1582 2731/3606/1583 2730/3607/1564
f 2729/3605/1582 2733/3608/1584 2734/3609/1585 2731/3606/1583
f 2804/3610/1586 2732/3611/1587 2734/3609/1585 2733/3608/1584
f 2732/3612/1587 2736/3613/1588 2737/3614/1589 2734/3615/1585
f 2794/3616/1569 2735/3617/1567 2737/3614/1589 2736/3613/1588
f 2735/3617/1567 2730/3618/1564 2731/3619/1583 2737/3614/1589
f 2731/3619/1583 2734/3615/1585 2737/3614/1589
f 2802/3620/1482 2741/3621/1579 2743/3622/1590 2742/3623/1591
f 2741/3624/1579 2745/3625/1578 2746/3626/1592 2743/3627/1590
f 2801/3628/1569 2744/3629/1588 2746/3626/1592 2745/3625/1578
f 2744/3629/1588 2748/3630/1587 2749/3631/1593 2746/3626/1592
f 2805/3632/1586 2747/3633/1594 2749/3634/1593 2748/3635/1587
f 2747/3633/1594 2742/3623/1591 2743/3622/1590 2749/3634/1593
f 2743/3627/1590 2746/3626/1592 2749/3631/1593
f 2807/3636/1563 2752/3637/1566 2754/3638/1595 2753/3639/1596
f 2752/3637/1566 2756/3640/1574 2757/3641/1597 2754/3638/1595
f 2810/3642/1573 2755/3643/1598 2757/3641/1597 2756/3640/1574
f 2755/3644/1598 2759/3645/1599 2760/3646/1600 2757/3647/1597
f 2808/3648/1601 2758/3649/1602 2760/3646/1600 2759/3645/1599
f 2758/3649/1602 2753/3650/1596 2754/3651/1595 2760/3646/1600
f 2754/3651/1595 2757/3647/1597 2760/3646/1600
f 2811/3652/1603 2763/3653/1576 2765/3654/1604 2764/3655/1598
f 2763/3656/1576 2767/3657/1581 2768/3658/1605 2765/3659/1604
f 2813/3660/1482 2766/3661/1606 2768/3658/1605 2767/3657/1581
f 2766/3662/1606 2770/3663/1607 2771/3664/1608 2768/3665/1605
f 2812/3666/1601 2769/3667/1599 2771/3664/1608 2770/3663/1607
f 2769/3667/1599 2764/3668/1598 2765/3669/1604 2771/3664/1608
f 2765/3669/1604 2768/3665/1605 2771/3664/1608
f 2806/3670/1563 2774/3671/1596 2776/3672/1609 2775/3673/1582
f 2774/3674/1596 2778/3675/1602 2779/3676/1610 2776/3677/1609
f 2809/3678/1601 2777/3679/1611 2779/3676/1610 2778/3675/1602
f 2777/3679/1611 2781/3680/1612 2782/3681/1613 2779/3676/1610
f 2817/3682/1614 2780/3683/1584 2782/3684/1613 2781/3685/1612
f 2780/3683/1584 2775/3673/1582 2776/3672/1609 2782/3684/1613
f 2776/3677/1609 2779/3676/1610 2782/3681/1613
f 2814/3686/1482 2785/3687/1591 2787/3688/1615 2786/3689/1606
f 2785/3687/1591 2789/3690/1594 2790/3691/1616 2787/3688/1615
f 2816/3692/1586 2788/3693/1612 2790/3691/1616 2789/3690/1594
f 2788/3694/1612 2792/3695/1611 2793/3696/1617 2790/3697/1616
f 2815/3698/1601 2791/3699/1607 2793/3696/1617 2792/3695/1611
f 2791/3699/1607 2786/3700/1606 2787/3701/1615 2793/3696/1617
f 2787/3701/1615 2790/3697/1616 2793/3696/1617
f 2794/3616/1569 2795/3578/1569 2709/3575/1567 2735/3617/1567
f 2735/3617/1567 2709/3575/1567 2705/3574/1564 2730/3618/1564
f 2730/3607/1564 2705/3571/1564 2796/3570/1563 2797/3604/1563
f 2795/3578/1569 2798/3594/1569 2721/3591/1570 2708/3579/1570
f 2708/3579/1570 2721/3591/1570 2717/3590/1571 2712/3580/1571
f 2712/3585/1571 2717/3587/1571 2799/3586/1573 2800/3582/1573
f 2798/3594/1569 2801/3628/1569 2745/3625/1578 2720/3595/1578
f 2720/3595/1578 2745/3625/1578 2741/3624/1579 2724/3596/1579
f 2724/3601/1579 2741/3621/1579 2802/3620/1482 2803/3598/1482
f 2801/3628/1569 2794/3616/1569 2736/3613/1588 2744/3629/1588
f 2744/3629/1588 2736/3613/1588 2732/3612/1587 2748/3630/1587
f 2748/3635/1587 2732/3611/1587 2804/3610/1586 2805/3632/1586
f 2806/3670/1563 2807/3636/1563 2753/3639/1596 2774/3671/1596
f 2774/3674/1596 2753/3650/1596 2758/3649/1602 2778/3675/1602
f 2778/3675/1602 2758/3649/1602 2808/3648/1601 2809/3678/1601
f 2810/3642/1573 2811/3652/1603 2764/3655/1598 2755/3643/1598
f 2755/3644/1598 2764/3668/1598 2769/3667/1599 2759/3645/1599
f 2759/3645/1599 2769/3667/1599 2812/3666/1601 2808/3648/1601
f 2813/3660/1482 2814/3686/1482 2786/3689/1606 2766/3661/1606
f 2766/3662/1606 2786/3700/1606 2791/3699/1607 2770/3663/1607
f 2770/3663/1607 2791/3699/1607 2815/3698/1601 2812/3666/1601
f 2816/3692/1586 2817/3682/1614 2781/3685/1612 2788/3693/1612
f 2788/3694/1612 2781/3680/1612 2777/3679/1611 2792/3695/1611
f 2792/3695/1611 2777/3679/1611 2809/3678/1601 2815/3698/1601
f 2805/3632/1586 2816/3692/1586 2789/3690/1594 2747/3633/1594
f 2747/3633/1594 2789/3690/1594 2785/3687/1591 2742/3623/1591
f 2742/3623/1591 2785/3687/1591 2814/3686/1482 2802/3620/1482
f 2811/3652/1603 2799/3586/1573 2718/3589/1576 2763/3653/1576
f 2763/3656/1576 2718/3602/1576 2723/3599/1581 2767/3657/1581
f 2767/3657/1581 2723/3599/1581 2803/3598/1482 2813/3660/1482
f 2800/3582/1573 2810/3642/1573 2756/3640/1574 2711/3583/1574
f 2711/3583/1574 2756/3640/1574 2752/3637/1566 2706/3573/1566
f 2706/3573/1566 2752/3637/1566 2807/3636/1563 2796/3570/1563
f 2817/3682/1614 2804/3610/1586 2733/3608/1584 2780/3683/1584
f 2780/3683/1584 2733/3608/1584 2729/3605/1582 2775/3673/1582
f 2775/3673/1582 2729/3605/1582 2797/3604/1563 2806/3670/1563
f 2728/3702/1569 2703/3703/1569 2795/3578/1569 2794/3616/1569
f 2702/3704/1563 2726/3705/1563 2797/3604/1563 2796/3570/1563
f 2703/3703/1569 2715/3706/1569 2798/3594/1569 2795/3578/1569
f 2714/3707/1573 2704/3708/1573 2800/3582/1573 2799/3586/1573
f 2715/3706/1569 2739/3709/1569 2801/3628/1569 2798/3594/1569
f 2738/3710/1482 2716/3711/1482 2803/3598/1482 2802/3620/1482
f 2739/3709/1569 2728/3702/1569 2794/3616/1569 2801/3628/1569
f 2727/3712/1586 2740/3713/1586 2805/3632/1586 2804/3610/1586
f 2772/3714/1563 2750/3715/1563 2807/3636/1563 2806/3670/1563
f 2845/3716/1586 2831/3717/1586 2830/3718/1586 2843/3719/1586
f 2751/3720/1573 2761/3721/1573 2811/3652/1603 2810/3642/1573
f 2849/3722/1563 2832/3723/1563 2831/3717/1563 2845/3724/1563
f 2762/3725/1482 2783/3726/1482 2814/3686/1482 2813/3660/1482
f 2846/3727/1573 2833/3728/1573 2832/3723/1573 2849/3729/1573
f 2784/3730/1586 2773/3731/1586 2817/3682/1614 2816/3692/1586
f 2740/3713/1586 2784/3730/1586 2816/3692/1586 2805/3632/1586
f 2783/3726/1482 2738/3710/1482 2802/3620/1482 2814/3686/1482
f 2761/3721/1573 2714/3707/1573 2799/3586/1573 2811/3652/1603
f 2716/3711/1482 2762/3725/1482 2813/3660/1482 2803/3598/1482
f 2704/3708/1573 2751/3720/1573 2810/3642/1573 2800/3582/1573
f 2750/3715/1563 2702/3704/1563 2796/3570/1563 2807/3636/1563
f 2773/3731/1586 2727/3712/1586 2804/3610/1586 2817/3682/1614
f 2726/3705/1563 2772/3714/1563 2806/3670/1563 2797/3604/1563
f 2818/3732/1573 2819/3733/1573 2820/3734/1573 2821/3735/1573
f 2714/3736/1601 2819/3733/1601 2818/3732/1601 2704/3737/1601
f 2761/3738/1563 2820/3734/1563 2819/3733/1563 2714/3739/1563
f 2751/3740/1569 2821/3735/1569 2820/3734/1569 2761/3741/1569
f 2704/3742/1482 2818/3732/1482 2821/3735/1482 2751/3743/1482
f 2822/3744/1586 2823/3745/1586 2824/3746/1586 2825/3747/1586
f 2727/3739/1601 2823/3745/1601 2822/3744/1601 2740/3738/1601
f 2784/3748/1569 2825/3747/1569 2824/3746/1569 2773/3749/1569
f 2740/3750/1563 2822/3744/1563 2825/3747/1563 2784/3751/1563
f 2826/3752/1569 2827/3753/1569 2828/3754/1569 2829/3755/1569
f 2728/3756/1482 2827/3753/1482 2826/3752/1482 2703/3757/1482
f 2739/3758/1573 2828/3754/1573 2827/3753/1573 2728/3759/1573
f 2715/3760/1563 2829/3755/1563 2828/3754/1563 2739/3761/1563
f 2703/3762/1586 2826/3752/1586 2829/3755/1586 2715/3763/1586
f 2830/3718/1601 2831/3717/1601 2832/3723/1601 2833/3728/1601
f 2844/3764/1601 2842/3765/1601 2808/3648/1601 2812/3666/1601
f 2848/3766/1601 2844/3764/1601 2812/3666/1601 2815/3698/1601
f 2847/3767/1601 2848/3766/1601 2815/3698/1601 2809/3678/1601
f 2842/3765/1601 2847/3767/1601 2809/3678/1601 2808/3648/1601
f 2834/3768/1482 2835/3769/1482 2836/3770/1482 2837/3771/1482
f 2738/3772/1601 2835/3769/1601 2834/3768/1601 2716/3773/1601
f 2783/3774/1573 2836/3770/1573 2835/3769/1573 2738/3775/1573
f 2762/3776/1569 2837/3771/1569 2836/3770/1569 2783/3777/1569
f 2716/3778/1586 2834/3768/1586 2837/3771/1586 2762/3779/1586
f 2838/3780/1563 2839/3781/1563 2840/3782/1563 2841/3783/1563
f 2702/3784/1601 2839/3781/1601 2838/3780/1601 2726/3785/1601
f 2750/3786/1586 2840/3782/1586 2839/3781/1586 2702/3787/1586
f 2772/3788/1569 2841/3783/1569 2840/3782/1569 2750/3789/1569
f 2726/3790/1573 2838/3780/1573 2841/3783/1573 2772/3791/1573
f 2727/3776/1482 2773/3777/1482 2824/3746/1482 2823/3745/1482
f 2843/3792/1618 2846/3793/1618 2847/3794/1618 2842/3795/1618
f 2845/3716/1485 2843/3719/1485 2842/3796/1485 2844/3797/1485
f 2849/3722/1619 2845/3724/1619 2844/3798/1619 2848/3799/1619
f 2846/3727/1483 2849/3729/1483 2848/3800/1483 2847/3801/1483
f 2843/3792/1482 2830/3718/1482 2833/3728/1482 2846/3793/1482
f 2879/3802/1573 2867/3803/1573 2870/3804/1573 2890/3805/1573
f 2857/3806/1619 2853/3807/1619 2874/3808/1619 2886/3809/1619
f 2890/3805/1573 2887/3810/1573 2882/3811/1573 2879/3802/1573
f 2852/3812/1619 2856/3813/1619 2891/3814/1619 2871/3815/1619
f 2851/3816/1620 2866/3817/1620 2878/3818/1620 2855/3819/1620
f 2855/3820/1618 2878/3821/1618 2907/3822/1618 2861/3823/1618
f 2862/3824/1573 2882/3811/1573 2887/3810/1573 2875/3825/1573
f 2891/3826/1618 2856/3827/1618 2859/3828/1618 2898/3829/1618
f 2857/3830/1621 2886/3831/1621 2895/3832/1621 2858/3833/1621
f 2887/3810/1573 2890/3805/1573 2899/3834/1573 2894/3835/1573
f 2883/3836/1621 2854/3837/1621 2860/3838/1621 2902/3839/1621
f 2879/3802/1573 2882/3811/1573 2903/3840/1573 2906/3841/1573
f 2862/3842/1622 2864/3843/1622 2884/3844/1623 2882/3845/1624
f 2864/3843/1625 2865/3846/1626 2885/3847/1627 2884/3844/1628
f 2865/3846/1629 2863/3848/1629 2883/3849/1630 2885/3847/1631
f 2879/3850/1632 2881/3851/1633 2869/3852/1634 2867/3853/1634
f 2881/3851/1635 2880/3854/1636 2868/3855/1637 2869/3852/1638
f 2880/3854/1639 2878/3818/1640 2866/3817/1641 2868/3855/1641
f 2874/3808/1642 2876/3856/1642 2888/3857/1643 2886/3809/1644
f 2876/3856/1645 2877/3858/1646 2889/3859/1647 2888/3857/1648
f 2877/3858/1649 2875/3860/1649 2887/3861/1650 2889/3859/1651
f 2891/3814/1652 2893/3862/1653 2873/3863/1654 2871/3815/1654
f 2893/3862/1655 2892/3864/1656 2872/3865/1657 2873/3863/1658
f 2892/3864/1659 2890/3866/1660 2870/3867/1661 2872/3865/1661
f 2894/3868/1662 2896/3869/1662 2889/3870/1663 2887/3871/1664
f 2896/3869/1665 2897/3872/1665 2888/3873/1666 2889/3870/1667
f 2897/3872/1668 2895/3832/1668 2886/3831/1669 2888/3873/1670
f 2890/3874/1671 2892/3875/1672 2901/3876/1673 2899/3877/1673
f 2892/3875/1674 2893/3878/1675 2900/3879/1676 2901/3876/1676
f 2893/3878/1677 2891/3826/1678 2898/3829/1679 2900/3879/1679
f 2882/3547/1680 2884/3880/1681 2905/3881/1682 2903/3882/1682
f 2884/3880/1683 2885/3883/1684 2904/3884/1685 2905/3881/1685
f 2885/3883/1686 2883/3836/1687 2902/3839/1688 2904/3884/1688
f 2878/3821/1689 2880/3885/1690 2909/3886/1691 2907/3822/1691
f 2880/3885/1692 2881/3887/1693 2908/3888/1694 2909/3886/1694
f 2881/3887/1695 2879/3889/1696 2906/3890/1697 2908/3888/1697
f 2854/3891/1620 2883/3849/1620 2863/3848/1620 2850/3892/1620
f 2939/3893/1586 2927/3894/1586 2930/3895/1586 2950/3896/1586
f 2917/3897/1618 2913/3898/1618 2934/3899/1618 2946/3900/1618
f 2950/3896/1586 2947/3901/1586 2942/3902/1586 2939/3893/1586
f 2912/3903/1618 2916/3904/1618 2951/3905/1618 2931/3906/1618
f 2911/3907/1621 2926/3908/1621 2938/3909/1621 2915/3910/1621
f 2915/3911/1619 2938/3912/1619 2967/3913/1619 2921/3550/1619
f 2922/3914/1586 2942/3902/1586 2947/3901/1586 2935/3915/1586
f 2951/3916/1619 2916/3917/1619 2919/3918/1619 2958/3919/1619
f 2917/3920/1620 2946/3921/1620 2955/3922/1620 2918/3923/1620
f 2947/3901/1586 2950/3896/1586 2959/3924/1586 2954/3925/1586
f 2943/3926/1620 2914/3927/1620 2920/3928/1620 2962/3929/1620
f 2939/3893/1586 2942/3902/1586 2963/3930/1586 2966/3931/1586
f 2922/3932/1698 2924/3933/1698 2944/3934/1699 2942/3935/1700
f 2924/3933/1701 2925/3936/1701 2945/3937/1702 2944/3934/1703
f 2925/3936/1704 2923/3938/1704 2943/3939/1705 2945/3937/1706
f 2939/3940/1707 2941/3941/1708 2929/3942/1709 2927/3943/1709
f 2941/3941/1710 2940/3944/1711 2928/3945/1712 2929/3942/1713
f 2940/3944/1714 2938/3909/1715 2926/3908/1716 2928/3945/1716
f 2934/3899/1717 2936/3946/1717 2948/3947/1718 2946/3900/1719
f 2936/3946/1720 2937/3948/1721 2949/3949/1722 2948/3947/1723
f 2937/3948/1724 2935/3950/1724 2947/3951/1725 2949/3949/1726
f 2951/3905/1727 2953/3952/1728 2933/3953/1729 2931/3906/1729
f 2953/3952/1730 2952/3954/1731 2932/3955/1732 2933/3953/1732
f 2952/3954/1733 2950/3956/1734 2930/3957/1735 2932/3955/1735
f 2954/3958/1736 2956/3959/1736 2949/3960/1737 2947/3961/1738
f 2956/3959/1739 2957/3962/1739 2948/3963/1740 2949/3960/1741
f 2957/3962/1742 2955/3922/1742 2946/3921/1743 2948/3963/1744
f 2950/3964/1745 2952/3965/1746 2961/3966/1747 2959/3967/1747
f 2952/3965/1748 2953/3968/1749 2960/3969/1750 2961/3966/1750
f 2953/3968/1751 2951/3916/1752 2958/3919/1753 2960/3969/1753
f 2942/3970/1754 2944/3971/1755 2965/3972/1756 2963/3973/1756
f 2944/3971/1757 2945/3974/1758 2964/3975/1759 2965/3972/1759
f 2945/3974/1760 2943/3926/1761 2962/3929/1762 2964/3975/1762
f 2938/3912/1763 2940/3976/1764 2969/3977/1765 2967/3913/1765
f 2940/3976/1766 2941/3978/1767 2968/3979/1768 2969/3977/1768
f 2941/3978/1769 2939/3980/1770 2966/3981/1771 2968/3979/1771
f 2914/3982/1621 2943/3939/1621 2923/3938/1621 2910/3983/1621
f 2999/3984/1563 2987/3985/1563 2990/3986/1563 3010/3987/1563
f 2977/3988/1485 2973/3989/1485 2994/3990/1485 3006/3991/1485
f 3010/3987/1563 3007/3992/1563 3002/3993/1563 2999/3984/1563
f 2972/3994/1485 2976/3995/1485 3011/3996/1485 2991/3997/1485
f 2971/3998/1486 2986/3999/1486 2998/4000/1486 2975/4001/1486
f 2975/4002/1483 2998/4003/1483 3027/4004/1483 2981/4005/1483
f 2982/4006/1563 3002/3993/1563 3007/3992/1563 2995/4007/1563
f 3011/4008/1483 2976/4009/1483 2979/4010/1483 3018/4011/1483
f 2977/4012/1484 3006/4013/1484 3015/4014/1484 2978/4015/1484
f 3007/3992/1563 3010/3987/1563 3019/4016/1563 3014/4017/1563
f 3003/4018/1484 2974/4019/1484 2980/4020/1484 3022/4021/1484
f 2999/3984/1563 3002/3993/1563 3023/4022/1563 3026/4023/1563
f 2982/4024/1772 2984/4025/1772 3004/4026/1773 3002/4027/1774
f 2984/4025/1775 2985/4028/1775 3005/4029/1776 3004/4026/1777
f 2985/4028/1778 2983/4030/1778 3003/4031/1779 3005/4029/1780
f 2999/4032/1781 3001/4033/1782 2989/4034/1783 2987/4035/1783
f 3001/4033/1784 3000/4036/1785 2988/4037/1786 2989/4034/1787
f 3000/4036/1788 2998/4000/1789 2986/3999/1790 2988/4037/1790
f 2994/3990/1791 2996/4038/1791 3008/4039/1792 3006/3991/1793
f 2996/4038/1794 2997/4040/1795 3009/4041/1796 3008/4039/1797
f 2997/4040/1798 2995/4042/1798 3007/4043/1799 3009/4041/1800
f 3011/3996/1801 3013/4044/1802 2993/4045/1803 2991/3997/1803
f 3013/4044/1804 3012/4046/1805 2992/4047/1806 2993/4045/1806
f 3012/4046/1807 3010/4048/1808 2990/4049/1809 2992/4047/1809
f 3014/4050/1810 3016/4051/1811 3009/4052/1812 3007/4053/1813
f 3016/4051/1814 3017/4054/1814 3008/4055/1815 3009/4052/1816
f 3017/4054/1817 3015/4014/1817 3006/4013/1818 3008/4055/1819
f 3010/3499/1820 3012/4056/1821 3021/4057/1822 3019/4058/1823
f 3012/4056/1824 3013/4059/1825 3020/4060/1826 3021/4057/1826
f 3013/4059/1827 3011/4008/1828 3018/4011/1829 3020/4060/1829
f 3002/4061/1830 3004/4062/1831 3025/4063/1832 3023/4064/1833
f 3004/4062/1834 3005/4065/1835 3024/4066/1836 3025/4063/1837
f 3005/4065/1838 3003/4018/1839 3022/4021/1840 3024/4066/1840
f 2998/4003/1841 3000/4067/1842 3029/4068/1843 3027/4004/1843
f 3000/4067/1844 3001/4069/1845 3028/4070/1846 3029/4068/1847
f 3001/4069/1848 2999/4071/1849 3026/4072/1850 3028/4070/1851
f 2974/4073/1486 3003/4031/1486 2983/4030/1486 2970/4074/1486
o Crate_Plane.006
v 5.277253 5.018018 0.087464
v 5.277253 5.785283 0.854729
v 5.277253 5.727475 0.912536
v 5.277253 4.960210 0.145271
v 5.277253 5.368584 0.438030
v 5.277253 5.434717 0.504163
v 5.277253 5.376909 0.561970
v 5.277253 5.310777 0.495837
v 5.277252 4.957851 0.848763
v 5.277252 5.023984 0.914895
v 5.277253 5.721509 0.085105
v 5.277253 5.787642 0.151237
v 5.354082 5.007910 0.097571
v 5.346597 5.018018 0.087464
v 5.353079 5.012964 0.092518
v 5.350340 5.016664 0.088818
v 5.346597 5.785283 0.854729
v 5.354082 5.775175 0.864836
v 5.350340 5.783928 0.856083
v 5.353080 5.780229 0.859783
v 5.354082 5.737583 0.902429
v 5.346597 5.727475 0.912536
v 5.353080 5.732529 0.907482
v 5.350340 5.728829 0.911182
v 5.346597 4.960210 0.145271
v 5.354082 4.970318 0.135164
v 5.350340 4.961565 0.143917
v 5.353079 4.965264 0.140217
v 5.346597 5.434717 0.504163
v 5.354082 5.417003 0.506664
v 5.350340 5.432343 0.504498
v 5.353079 5.425859 0.505413
v 5.354082 5.366083 0.455744
v 5.346597 5.368584 0.438030
v 5.353079 5.367333 0.446887
v 5.350340 5.368248 0.440403
v 5.346597 5.310777 0.495837
v 5.354082 5.328491 0.493336
v 5.350340 5.313150 0.495502
v 5.353079 5.319633 0.494587
v 5.354082 5.379410 0.544256
v 5.346597 5.376909 0.561970
v 5.353079 5.378160 0.553113
v 5.350340 5.377244 0.559597
v 5.354082 4.965457 0.856369
v 5.346597 4.957851 0.848763
v 5.353079 4.961654 0.852566
v 5.350339 4.958870 0.849782
v 5.346597 5.023984 0.914895
v 5.354082 5.016377 0.907289
v 5.350339 5.022964 0.913876
v 5.353079 5.020181 0.911092
v 5.346597 5.721509 0.085105
v 5.354082 5.729115 0.092711
v 5.350340 5.722528 0.086124
v 5.353079 5.725312 0.088908
v 5.354082 5.780035 0.143631
v 5.346597 5.787642 0.151237
v 5.353079 5.783838 0.147434
v 5.350340 5.786623 0.150218
v 4.366787 4.995235 0.122489
v 4.489276 4.995235 0.000000
v 4.489276 4.872746 0.122489
v 4.370980 4.904133 0.015714
v 4.370980 4.888460 0.031386
v 4.375053 4.889124 0.016377
v 4.398173 4.888460 0.004193
v 4.382501 4.904133 0.004193
v 4.383164 4.889124 0.008266
v 4.382501 4.876940 0.031386
v 4.398173 4.876940 0.015714
v 4.383164 4.881013 0.016377
v 5.244298 4.872746 0.122489
v 5.244298 4.995235 0.000000
v 5.366787 4.995235 0.122489
v 5.335401 4.876940 0.015714
v 5.351073 4.876940 0.031386
v 5.350410 4.881013 0.016377
v 5.351073 4.904133 0.004193
v 5.335401 4.888460 0.004193
v 5.350410 4.889124 0.008266
v 5.362594 4.888460 0.031386
v 5.362594 4.904133 0.015714
v 5.358521 4.889124 0.016377
v 4.366787 5.750257 0.122489
v 4.489276 5.872746 0.122489
v 4.489276 5.750257 -0.000000
v 4.370980 5.857033 0.031386
v 4.370980 5.841360 0.015714
v 4.375053 5.856369 0.016377
v 4.398173 5.868553 0.015714
v 4.382501 5.868553 0.031386
v 4.383164 5.864480 0.016377
v 4.382501 5.841360 0.004193
v 4.398173 5.857033 0.004193
v 4.383164 5.856369 0.008266
v 5.366787 5.750257 0.122489
v 5.244298 5.750257 -0.000000
v 5.244298 5.872746 0.122489
v 5.362594 5.841360 0.015714
v 5.362594 5.857033 0.031386
v 5.358521 5.856369 0.016377
v 5.335401 5.857033 0.004193
v 5.351073 5.841360 0.004193
v 5.350410 5.856369 0.008266
v 5.351073 5.868553 0.031386
v 5.335401 5.868553 0.015714
v 5.350410 5.864480 0.016377
v 4.366787 4.995236 0.877511
v 4.489276 4.872746 0.877511
v 4.370980 4.888460 0.968614
v 4.370980 4.904133 0.984286
v 4.375053 4.889124 0.983623
v 4.398173 4.876940 0.984286
v 4.382501 4.876940 0.968614
v 4.383164 4.881013 0.983623
v 4.382501 4.904133 0.995807
v 4.398173 4.888460 0.995807
v 4.383164 4.889124 0.991734
v 5.244298 4.872746 0.877511
v 5.366787 4.995236 0.877511
v 5.351073 4.876940 0.968614
v 5.335401 4.876940 0.984286
v 5.350410 4.881013 0.983623
v 5.362594 4.904133 0.984286
v 5.362594 4.888460 0.968614
v 5.358521 4.889124 0.983623
v 5.335401 4.888460 0.995807
v 5.351073 4.904133 0.995807
v 5.350410 4.889124 0.991734
v 4.366787 5.750257 0.877511
v 4.489276 5.872746 0.877511
v 4.370980 5.841360 0.984286
v 4.370980 5.857033 0.968613
v 4.375053 5.856369 0.983623
v 4.398173 5.857033 0.995807
v 4.382501 5.841360 0.995807
v 4.383164 5.856369 0.991734
v 4.382501 5.868553 0.968613
v 4.398173 5.868553 0.984286
v 4.383164 5.864480 0.983623
v 5.366787 5.750257 0.877511
v 5.244298 5.872746 0.877511
v 5.362594 5.857033 0.968614
v 5.362594 5.841360 0.984286
v 5.358521 5.856369 0.983623
v 5.335401 5.868553 0.984286
v 5.351073 5.868553 0.968614
v 5.350410 5.864480 0.983623
v 5.351073 5.841360 0.995807
v 5.335401 5.857033 0.995807
v 5.350410 5.856369 0.991734
v 4.398173 5.841360 -0.000000
v 4.398173 4.904133 0.000000
v 4.366787 4.904133 0.031386
v 4.366787 5.841360 0.031386
v 5.335401 4.904133 0.000000
v 5.335401 4.872746 0.031386
v 4.398173 4.872746 0.031386
v 5.335401 5.841360 -0.000000
v 5.366787 5.841360 0.031386
v 5.366787 4.904133 0.031386
v 4.398173 5.872746 0.031386
v 5.335401 5.872746 0.031386
v 4.366787 5.841360 0.968614
v 4.366787 4.904133 0.968614
v 4.398173 4.904133 1.000000
v 4.398173 5.841360 1.000000
v 4.398173 4.872746 0.968614
v 5.335401 4.872746 0.968614
v 5.335401 4.904133 1.000000
v 5.366787 4.904133 0.968614
v 5.366787 5.841360 0.968614
v 5.335401 5.841360 1.000000
v 5.335401 5.872746 0.968614
v 4.398173 5.872746 0.968614
v 4.489276 4.949576 0.122489
v 5.244298 4.949576 0.122489
v 5.244298 4.949576 0.877511
v 4.489276 4.949576 0.877511
v 5.244298 5.795917 0.122489
v 4.489276 5.795917 0.122489
v 4.489276 5.795917 0.877511
v 5.244298 5.795917 0.877511
v 4.489276 4.995235 0.076830
v 4.489276 5.750257 0.076830
v 5.244298 5.750257 0.076830
v 5.244298 4.995235 0.076830
v 4.489276 4.995236 0.923170
v 5.244298 4.995236 0.923170
v 5.244298 5.750257 0.923170
v 4.489276 5.750257 0.923170
v 5.289958 4.995235 0.122489
v 5.289958 5.750257 0.122489
v 5.289958 5.750257 0.877511
v 5.289958 4.995236 0.877511
v 4.443617 5.750257 0.122489
v 4.443617 4.995235 0.122489
v 4.443617 4.995236 0.877511
v 4.443617 5.750257 0.877511
v 4.467710 4.973669 1.000000
v 4.489276 4.995236 0.978433
v 5.265864 4.973669 1.000000
v 5.244298 4.995236 0.978433
v 4.489276 5.750257 0.978433
v 4.467710 5.771824 1.000000
v 5.265864 5.771824 1.000000
v 5.244298 5.750257 0.978433
v 4.512058 4.960558 0.087464
v 5.279323 4.960558 0.854729
v 5.221516 4.960558 0.912536
v 4.454251 4.960558 0.145271
v 4.862624 4.960558 0.438030
v 4.928757 4.960558 0.504163
v 4.870950 4.960558 0.561970
v 4.804817 4.960558 0.495837
v 4.451891 4.960558 0.848763
v 4.518024 4.960558 0.914896
v 5.215550 4.960558 0.085105
v 5.281682 4.960558 0.151237
v 4.501951 4.883729 0.097571
v 4.512058 4.891213 0.087464
v 4.507004 4.884731 0.092518
v 4.510704 4.887471 0.088818
v 5.279323 4.891214 0.854729
v 5.269216 4.883729 0.864836
v 5.277969 4.887471 0.856083
v 5.274269 4.884731 0.859783
v 5.231623 4.883729 0.902429
v 5.221516 4.891214 0.912536
v 5.226570 4.884731 0.907483
v 5.222870 4.887471 0.911182
v 4.454251 4.891213 0.145271
v 4.464358 4.883729 0.135164
v 4.455605 4.887471 0.143917
v 4.459305 4.884731 0.140217
v 4.928757 4.891214 0.504163
v 4.911043 4.883729 0.506664
v 4.926384 4.887471 0.504498
v 4.919900 4.884731 0.505413
v 4.860123 4.883729 0.455744
v 4.862624 4.891214 0.438030
v 4.861374 4.884731 0.446887
v 4.862289 4.887471 0.440403
v 4.804817 4.891214 0.495837
v 4.822531 4.883729 0.493336
v 4.807190 4.887471 0.495502
v 4.813674 4.884731 0.494587
v 4.873451 4.883729 0.544256
v 4.870950 4.891214 0.561970
v 4.872200 4.884731 0.553113
v 4.871285 4.887471 0.559597
v 4.459498 4.883729 0.856369
v 4.451891 4.891214 0.848763
v 4.455695 4.884731 0.852566
v 4.452911 4.887471 0.849782
v 4.518024 4.891214 0.914896
v 4.510418 4.883729 0.907289
v 4.517005 4.887471 0.913877
v 4.514221 4.884731 0.911092
v 5.215550 4.891213 0.085105
v 5.223156 4.883729 0.092711
v 5.216569 4.887471 0.086124
v 5.219353 4.884731 0.088908
v 5.274076 4.883729 0.143631
v 5.281682 4.891213 0.151237
v 5.277879 4.884731 0.147434
v 5.280663 4.887471 0.150218
v 5.221516 5.778386 0.087464
v 4.454251 5.778386 0.854729
v 4.512058 5.778386 0.912536
v 5.279323 5.778386 0.145271
v 4.870950 5.778386 0.438030
v 4.804817 5.778386 0.504163
v 4.862624 5.778386 0.561970
v 4.928757 5.778386 0.495837
v 5.281682 5.778386 0.848763
v 5.215550 5.778386 0.914895
v 4.518024 5.778386 0.085105
v 4.451892 5.778386 0.151237
v 5.231623 5.855215 0.097571
v 5.221516 5.847730 0.087464
v 5.226570 5.854212 0.092518
v 5.222870 5.851473 0.088818
v 4.454251 5.847730 0.854729
v 4.464358 5.855216 0.864836
v 4.455605 5.851473 0.856083
v 4.459305 5.854213 0.859783
v 4.501951 5.855216 0.902429
v 4.512058 5.847730 0.912536
v 4.507005 5.854213 0.907482
v 4.510704 5.851473 0.911182
v 5.279323 5.847730 0.145271
v 5.269216 5.855215 0.135164
v 5.277969 5.851473 0.143917
v 5.274269 5.854212 0.140217
v 4.804817 5.847730 0.504163
v 4.822531 5.855215 0.506664
v 4.807190 5.851473 0.504498
v 4.813674 5.854213 0.505413
v 4.873451 5.855215 0.455744
v 4.870950 5.847730 0.438030
v 4.872200 5.854213 0.446887
v 4.871285 5.851473 0.440403
v 4.928757 5.847730 0.495837
v 4.911043 5.855215 0.493336
v 4.926384 5.851473 0.495502
v 4.919900 5.854213 0.494587
v 4.860123 5.855215 0.544256
v 4.862624 5.847730 0.561970
v 4.861374 5.854213 0.553113
v 4.862289 5.851473 0.559597
v 5.274076 5.855215 0.856369
v 5.281682 5.847730 0.848763
v 5.277879 5.854212 0.852566
v 5.280663 5.851473 0.849782
v 5.215550 5.847730 0.914895
v 5.223156 5.855215 0.907289
v 5.216569 5.851473 0.913876
v 5.219353 5.854212 0.911092
v 4.518024 5.847730 0.085105
v 4.510418 5.855215 0.092711
v 4.517005 5.851473 0.086124
v 4.514221 5.854212 0.088908
v 4.459498 5.855215 0.143631
v 4.451892 5.847730 0.151237
v 4.455695 5.854212 0.147434
v 4.452911 5.851473 0.150218
v 4.455430 5.727475 0.087464
v 4.455430 4.960210 0.854729
v 4.455430 5.018018 0.912536
v 4.455430 5.785283 0.145271
v 4.455430 5.376909 0.438030
v 4.455430 5.310777 0.504163
v 4.455430 5.368584 0.561970
v 4.455430 5.434717 0.495837
v 4.455430 5.787642 0.848763
v 4.455430 5.721509 0.914895
v 4.455430 5.023983 0.085105
v 4.455430 4.957851 0.151237
v 4.378600 5.737583 0.097571
v 4.386086 5.727475 0.087464
v 4.379603 5.732529 0.092518
v 4.382343 5.728829 0.088818
v 4.386086 4.960210 0.854729
v 4.378600 4.970318 0.864836
v 4.382343 4.961565 0.856083
v 4.379603 4.965264 0.859783
v 4.378600 5.007910 0.902429
v 4.386086 5.018018 0.912536
v 4.379603 5.012964 0.907482
v 4.382343 5.016664 0.911182
v 4.386086 5.785283 0.145271
v 4.378600 5.775175 0.135164
v 4.382343 5.783928 0.143917
v 4.379603 5.780229 0.140217
v 4.386086 5.310777 0.504163
v 4.378600 5.328491 0.506664
v 4.382343 5.313150 0.504498
v 4.379603 5.319633 0.505413
v 4.378600 5.379410 0.455744
v 4.386086 5.376909 0.438030
v 4.379603 5.378160 0.446887
v 4.382343 5.377244 0.440403
v 4.386086 5.434717 0.495837
v 4.378600 5.417003 0.493336
v 4.382343 5.432343 0.495502
v 4.379603 5.425859 0.494587
v 4.378600 5.366083 0.544256
v 4.386086 5.368584 0.561970
v 4.379603 5.367333 0.553113
v 4.382343 5.368249 0.559597
v 4.378600 5.780035 0.856369
v 4.386086 5.787642 0.848763
v 4.379603 5.783839 0.852566
v 4.382343 5.786623 0.849782
v 4.386086 5.721509 0.914895
v 4.378600 5.729116 0.907289
v 4.382343 5.722528 0.913876
v 4.379603 5.725313 0.911092
v 4.386086 5.023983 0.085105
v 4.378600 5.016377 0.092711
v 4.382343 5.022964 0.086124
v 4.379603 5.020181 0.088908
v 4.378600 4.965457 0.143631
v 4.386086 4.957851 0.151237
v 4.379603 4.961654 0.147434
v 4.382343 4.958870 0.150218
vn 1.0000 -0.0000 -0.0000
vn -0.0000 -0.7071 0.7071
vn -0.0000 0.7071 -0.7071
vn -0.0000 0.7071 0.7071
vn -0.0000 -0.7071 -0.7071
vn 0.9566 0.2779 0.0881
vn 0.9804 -0.1623 -0.1114
vn 0.9811 -0.1624 -0.1052
vn 0.8557 0.4998 -0.1338
vn 0.8557 0.4998 -0.1339
vn 0.9243 0.0740 -0.3745
vn 0.9247 0.0739 -0.3734
vn 0.4400 0.7910 -0.4251
vn 0.5001 0.4096 -0.7630
vn 0.4986 0.4098 -0.7638
vn 0.9811 0.1052 0.1624
vn 0.9804 0.1114 0.1623
vn 0.9566 -0.0881 -0.2779
vn 0.9247 0.3734 -0.0739
vn 0.9243 0.3745 -0.0740
vn 0.8557 0.1338 -0.4998
vn 0.8557 0.1338 -0.4999
vn 0.4986 0.7638 -0.4099
vn 0.5001 0.7629 -0.4096
vn 0.4400 0.4251 -0.7910
vn 0.4400 -0.4251 0.7910
vn 0.4986 -0.7638 0.4098
vn 0.5001 -0.7629 0.4097
vn 0.8557 -0.1338 0.4998
vn 0.8557 -0.1339 0.4998
vn 0.9247 -0.3734 0.0739
vn 0.9243 -0.3745 0.0741
vn 0.9566 0.0881 0.2779
vn 0.9811 -0.1052 -0.1624
vn 0.9804 -0.1114 -0.1623
vn 0.5001 -0.4096 0.7630
vn 0.4986 -0.4098 0.7638
vn 0.4400 -0.7910 0.4251
vn 0.9243 -0.0740 0.3745
vn 0.9247 -0.0739 0.3734
vn 0.8557 -0.4999 0.1338
vn 0.8557 -0.4998 0.1338
vn 0.9804 0.1623 0.1114
vn 0.9811 0.1625 0.1052
vn 0.9566 -0.2779 -0.0881
vn 0.9496 0.0578 -0.3082
vn 0.9842 -0.1192 0.1311
vn 0.9832 -0.1265 0.1314
vn 0.7929 -0.2071 -0.5731
vn 0.8853 -0.4390 -0.1534
vn 0.8812 -0.4472 -0.1537
vn 0.3471 -0.4544 -0.8204
vn 0.4138 -0.7951 -0.4433
vn 0.4099 -0.7970 -0.4436
vn 0.9832 -0.1314 0.1265
vn 0.9842 -0.1311 0.1192
vn 0.9496 0.3082 -0.0578
vn 0.8812 0.1537 0.4472
vn 0.8853 0.1535 0.4390
vn 0.7929 0.5731 0.2071
vn 0.4099 0.4437 0.7970
vn 0.4139 0.4433 0.7951
vn 0.3471 0.8204 0.4544
vn 0.9832 0.1314 -0.1265
vn 0.9842 0.1311 -0.1192
vn 0.9496 -0.3082 0.0578
vn 0.8811 -0.1536 -0.4472
vn 0.8853 -0.1534 -0.4390
vn 0.7929 -0.5731 -0.2071
vn 0.4099 -0.4436 -0.7970
vn 0.4139 -0.4433 -0.7951
vn 0.3471 -0.8204 -0.4544
vn 0.4139 0.7951 0.4433
vn 0.4099 0.7970 0.4436
vn 0.3471 0.4544 0.8204
vn 0.8853 0.4390 0.1534
vn 0.8812 0.4472 0.1536
vn 0.7929 0.2071 0.5731
vn 0.9842 0.1192 -0.1311
vn 0.9832 0.1265 -0.1314
vn 0.9496 -0.0578 0.3082
vn -1.0000 -0.0000 -0.0000
vn -0.8661 -0.0000 -0.4998
vn -0.7744 -0.4474 -0.4474
vn -0.8661 -0.4998 -0.0000
vn -0.4998 -0.0000 -0.8661
vn -0.4473 -0.4473 -0.7744
vn -0.0000 -0.0000 -1.0000
vn -0.0000 -0.4998 -0.8661
vn -0.0000 -0.8661 -0.4998
vn -0.4473 -0.7744 -0.4473
vn -0.0000 -1.0000 -0.0000
vn -0.4998 -0.8661 -0.0000
vn 0.4473 -0.7744 -0.4473
vn 0.4998 -0.8661 -0.0000
vn 0.4473 -0.4473 -0.7744
vn 0.4998 -0.0000 -0.8661
vn 0.8661 -0.0000 -0.4998
vn 0.7744 -0.4473 -0.4473
vn 0.8661 -0.4998 -0.0000
vn -0.8661 0.4998 -0.0000
vn -0.7744 0.4474 -0.4474
vn -0.4998 0.8661 -0.0000
vn -0.4473 0.7744 -0.4473
vn -0.0000 1.0000 -0.0000
vn -0.0000 0.8661 -0.4998
vn -0.0000 0.4998 -0.8661
vn -0.4473 0.4473 -0.7744
vn 0.7744 0.4473 -0.4473
vn 0.8661 0.4998 -0.0000
vn 0.4473 0.4473 -0.7744
vn 0.4473 0.7744 -0.4473
vn 0.4998 0.8661 -0.0000
vn -0.7744 -0.4473 0.4474
vn -0.8661 -0.0000 0.4998
vn -0.4473 -0.7744 0.4474
vn -0.0000 -0.8661 0.4998
vn -0.0000 -0.4998 0.8661
vn -0.4473 -0.4473 0.7744
vn -0.0000 -0.0000 1.0000
vn -0.4998 -0.0000 0.8661
vn 0.0001 -1.0000 -0.0000
vn 0.4473 -0.7744 0.4474
vn 0.7744 -0.4473 0.4474
vn 0.8661 -0.0000 0.4998
vn 0.4998 -0.0000 0.8661
vn 0.4473 -0.4473 0.7744
vn -0.7744 0.4473 0.4473
vn -0.4473 0.4473 0.7744
vn -0.0000 0.4998 0.8661
vn -0.0000 0.8661 0.4998
vn -0.4473 0.7744 0.4473
vn -0.0001 1.0000 -0.0000
vn 0.7744 0.4473 0.4474
vn 0.4473 0.7744 0.4474
vn 0.4473 0.4473 0.7744
vn 0.7071 -0.0000 0.7071
vn -0.7071 -0.0000 0.7071
vn 0.7071 -0.0000 -0.7071
vn -0.7071 -0.0000 -0.7071
vn 0.2779 -0.9566 0.0881
vn -0.1623 -0.9804 -0.1114
vn -0.1624 -0.9811 -0.1052
vn 0.4998 -0.8557 -0.1338
vn 0.4998 -0.8557 -0.1339
vn 0.0741 -0.9243 -0.3745
vn 0.0739 -0.9247 -0.3734
vn 0.7910 -0.4400 -0.4251
vn 0.4096 -0.5001 -0.7629
vn 0.4098 -0.4986 -0.7638
vn 0.1052 -0.9811 0.1624
vn 0.1114 -0.9804 0.1623
vn -0.0881 -0.9566 -0.2779
vn 0.3734 -0.9247 -0.0739
vn 0.3745 -0.9243 -0.0741
vn 0.1338 -0.8557 -0.4998
vn 0.1339 -0.8557 -0.4998
vn 0.7638 -0.4986 -0.4098
vn 0.7629 -0.5001 -0.4097
vn 0.4251 -0.4400 -0.7910
vn -0.4251 -0.4400 0.7910
vn -0.7638 -0.4986 0.4098
vn -0.7630 -0.5001 0.4096
vn -0.1338 -0.8557 0.4998
vn -0.1339 -0.8557 0.4998
vn -0.3734 -0.9247 0.0739
vn -0.3745 -0.9243 0.0741
vn 0.0881 -0.9566 0.2779
vn -0.1052 -0.9811 -0.1624
vn -0.1114 -0.9804 -0.1623
vn -0.4096 -0.5001 0.7630
vn -0.4098 -0.4986 0.7638
vn -0.7910 -0.4400 0.4251
vn -0.0741 -0.9243 0.3745
vn -0.0739 -0.9247 0.3734
vn -0.4998 -0.8557 0.1338
vn -0.4998 -0.8557 0.1339
vn 0.1623 -0.9804 0.1114
vn 0.1624 -0.9811 0.1052
vn -0.2779 -0.9566 -0.0881
vn 0.0578 -0.9496 -0.3082
vn -0.1192 -0.9842 0.1311
vn -0.1265 -0.9832 0.1314
vn -0.2071 -0.7929 -0.5731
vn -0.4390 -0.8853 -0.1534
vn -0.4472 -0.8812 -0.1536
vn -0.4544 -0.3471 -0.8204
vn -0.7951 -0.4139 -0.4433
vn -0.7970 -0.4099 -0.4436
vn -0.1314 -0.9832 0.1265
vn -0.1311 -0.9842 0.1192
vn 0.3082 -0.9496 -0.0578
vn 0.1536 -0.8812 0.4472
vn 0.1534 -0.8853 0.4390
vn 0.5731 -0.7929 0.2071
vn 0.4436 -0.4099 0.7970
vn 0.4433 -0.4139 0.7951
vn 0.8204 -0.3471 0.4544
vn 0.1314 -0.9832 -0.1265
vn 0.1312 -0.9842 -0.1192
vn -0.3082 -0.9496 0.0578
vn -0.1536 -0.8811 -0.4472
vn -0.1534 -0.8853 -0.4390
vn -0.5731 -0.7929 -0.2071
vn -0.4437 -0.4099 -0.7970
vn -0.4433 -0.4139 -0.7951
vn -0.8204 -0.3471 -0.4544
vn 0.7951 -0.4139 0.4433
vn 0.7970 -0.4099 0.4436
vn 0.4544 -0.3471 0.8204
vn 0.4390 -0.8853 0.1534
vn 0.4472 -0.8812 0.1536
vn 0.2071 -0.7929 0.5731
vn 0.1192 -0.9842 -0.1311
vn 0.1265 -0.9832 -0.1314
vn -0.0578 -0.9496 0.3082
vn -0.2779 0.9566 0.0881
vn 0.1623 0.9804 -0.1114
vn 0.1624 0.9811 -0.1052
vn -0.4998 0.8557 -0.1339
vn -0.0740 0.9243 -0.3745
vn -0.0739 0.9247 -0.3734
vn -0.7910 0.4400 -0.4251
vn -0.4097 0.5001 -0.7629
vn -0.4098 0.4986 -0.7638
vn -0.1052 0.9811 0.1624
vn -0.1114 0.9804 0.1623
vn 0.0881 0.9566 -0.2779
vn -0.3734 0.9247 -0.0740
vn -0.3745 0.9243 -0.0740
vn -0.1338 0.8557 -0.4998
vn -0.1339 0.8557 -0.4998
vn -0.7638 0.4986 -0.4098
vn -0.7629 0.5001 -0.4097
vn -0.4251 0.4400 -0.7910
vn 0.4251 0.4400 0.7910
vn 0.7638 0.4986 0.4098
vn 0.7630 0.5001 0.4096
vn 0.1338 0.8557 0.4998
vn 0.1339 0.8557 0.4998
vn 0.3734 0.9247 0.0740
vn 0.3745 0.9243 0.0740
vn -0.0881 0.9566 0.2779
vn 0.1052 0.9811 -0.1624
vn 0.1114 0.9804 -0.1623
vn 0.4096 0.5001 0.7630
vn 0.4098 0.4986 0.7638
vn 0.7910 0.4400 0.4251
vn 0.0740 0.9243 0.3745
vn 0.0739 0.9247 0.3734
vn 0.4999 0.8557 0.1338
vn -0.1623 0.9804 0.1114
vn -0.1624 0.9811 0.1052
vn 0.2779 0.9566 -0.0881
vn -0.0578 0.9496 -0.3082
vn 0.1193 0.9842 0.1311
vn 0.1265 0.9832 0.1314
vn 0.2071 0.7929 -0.5731
vn 0.4390 0.8853 -0.1535
vn 0.4472 0.8812 -0.1537
vn 0.4544 0.3471 -0.8204
vn 0.7951 0.4139 -0.4433
vn 0.7970 0.4099 -0.4436
vn 0.1314 0.9832 0.1265
vn 0.1311 0.9842 0.1192
vn -0.3082 0.9496 -0.0578
vn -0.1537 0.8812 0.4472
vn -0.1535 0.8853 0.4390
vn -0.5731 0.7929 0.2071
vn -0.4437 0.4099 0.7970
vn -0.4434 0.4138 0.7951
vn -0.8204 0.3471 0.4544
vn -0.1314 0.9832 -0.1265
vn -0.1311 0.9842 -0.1192
vn 0.3082 0.9496 0.0578
vn 0.1536 0.8812 -0.4472
vn 0.1535 0.8853 -0.4390
vn 0.5731 0.7929 -0.2071
vn 0.4436 0.4099 -0.7970
vn 0.4433 0.4139 -0.7951
vn 0.8204 0.3471 -0.4544
vn -0.7951 0.4138 0.4433
vn -0.7970 0.4099 0.4436
vn -0.4544 0.3471 0.8204
vn -0.4390 0.8853 0.1535
vn -0.4472 0.8812 0.1537
vn -0.2071 0.7929 0.5731
vn -0.1193 0.9842 -0.1311
vn -0.1265 0.9832 -0.1314
vn 0.0578 0.9496 0.3082
vn -0.9566 -0.2779 0.0881
vn -0.9804 0.1622 -0.1114
vn -0.9811 0.1625 -0.1052
vn -0.8557 -0.4999 -0.1338
vn -0.9243 -0.0740 -0.3745
vn -0.9247 -0.0740 -0.3734
vn -0.4400 -0.7910 -0.4251
vn -0.5001 -0.4097 -0.7629
vn -0.4986 -0.4098 -0.7638
vn -0.9811 -0.1052 0.1625
vn -0.9804 -0.1114 0.1622
vn -0.9566 0.0881 -0.2779
vn -0.9247 -0.3734 -0.0740
vn -0.9243 -0.3745 -0.0740
vn -0.8557 -0.1338 -0.4998
vn -0.8557 -0.1339 -0.4998
vn -0.4986 -0.7638 -0.4098
vn -0.5001 -0.7629 -0.4097
vn -0.4400 -0.4251 -0.7910
vn -0.4400 0.4251 0.7910
vn -0.4986 0.7638 0.4098
vn -0.5001 0.7629 0.4097
vn -0.8557 0.1338 0.4998
vn -0.8557 0.1339 0.4998
vn -0.9247 0.3734 0.0740
vn -0.9243 0.3745 0.0740
vn -0.9566 -0.0881 0.2779
vn -0.9811 0.1052 -0.1625
vn -0.9804 0.1114 -0.1622
vn -0.5001 0.4097 0.7629
vn -0.4986 0.4098 0.7638
vn -0.4400 0.7910 0.4251
vn -0.9243 0.0740 0.3745
vn -0.9247 0.0740 0.3734
vn -0.8557 0.4999 0.1338
vn -0.9804 -0.1622 0.1114
vn -0.9811 -0.1625 0.1052
vn -0.9566 0.2779 -0.0881
vn -0.9496 -0.0578 -0.3082
vn -0.9496 -0.0578 -0.3081
vn -0.9842 0.1192 0.1312
vn -0.9832 0.1265 0.1314
vn -0.7929 0.2071 -0.5731
vn -0.8853 0.4390 -0.1535
vn -0.8812 0.4472 -0.1536
vn -0.3471 0.4544 -0.8204
vn -0.4138 0.7951 -0.4433
vn -0.4099 0.7970 -0.4436
vn -0.9832 0.1314 0.1265
vn -0.9842 0.1312 0.1192
vn -0.9496 -0.3082 -0.0578
vn -0.9496 -0.3081 -0.0578
vn -0.8812 -0.1536 0.4472
vn -0.8853 -0.1535 0.4390
vn -0.7929 -0.5731 0.2071
vn -0.4099 -0.4436 0.7970
vn -0.4139 -0.4433 0.7951
vn -0.3471 -0.8204 0.4544
vn -0.9832 -0.1314 -0.1265
vn -0.9842 -0.1312 -0.1192
vn -0.9496 0.3082 0.0578
vn -0.9496 0.3081 0.0578
vn -0.8812 0.1536 -0.4472
vn -0.8853 0.1535 -0.4390
vn -0.7929 0.5731 -0.2071
vn -0.7929 0.5731 -0.2072
vn -0.4099 0.4436 -0.7970
vn -0.4139 0.4433 -0.7951
vn -0.3471 0.8204 -0.4544
vn -0.4139 -0.7951 0.4433
vn -0.4099 -0.7970 0.4436
vn -0.3471 -0.4544 0.8204
vn -0.8853 -0.4390 0.1535
vn -0.8812 -0.4472 0.1536
vn -0.7929 -0.2071 0.5731
vn -0.7929 -0.2072 0.5731
vn -0.9842 -0.1192 -0.1312
vn -0.9832 -0.1265 -0.1314
vn -0.9496 0.0578 0.3082
vn -0.9496 0.0578 0.3081
vt 0.846577 0.822206
vt 0.756189 0.911385
vt 0.765549 0.920872
vt 0.855937 0.831693
vt 0.362941 0.314024
vt 0.362941 0.438303
vt 0.380324 0.438303
vt 0.380324 0.314024
vt 0.868787 0.819015
vt 0.859428 0.809528
vt 0.365818 0.061986
vt 0.365819 0.186269
vt 0.383202 0.186269
vt 0.383201 0.061986
vt 0.168576 0.430799
vt 0.185959 0.430799
vt 0.185959 0.306519
vt 0.168576 0.306519
vt 0.197030 0.190016
vt 0.214413 0.190016
vt 0.214413 0.064904
vt 0.197030 0.064904
vt 0.949816 0.720349
vt 0.959176 0.729836
vt 0.402053 0.314910
vt 0.384670 0.314910
vt 0.384668 0.440029
vt 0.402051 0.440029
vt 0.232227 0.307406
vt 0.214844 0.307406
vt 0.214844 0.432526
vt 0.232227 0.432526
vt 0.946326 0.923308
vt 0.959176 0.910630
vt 0.203061 0.805517
vt 0.185678 0.805517
vt 0.185677 0.930635
vt 0.203060 0.930635
vt 0.769038 0.717912
vt 0.756188 0.730591
vt 0.146525 0.065542
vt 0.144715 0.065542
vt 0.144716 0.191167
vt 0.146525 0.192516
vt 0.143235 0.065542
vt 0.143235 0.190180
vt 0.142180 0.065542
vt 0.142181 0.189819
vt 0.190302 0.303823
vt 0.188494 0.305171
vt 0.188493 0.430799
vt 0.190302 0.430799
vt 0.187014 0.306158
vt 0.187013 0.430799
vt 0.381376 0.438303
vt 0.381378 0.313663
vt 0.382857 0.438303
vt 0.382859 0.312676
vt 0.384668 0.438303
vt 0.384668 0.311328
vt 0.384255 0.186630
vt 0.384256 0.061986
vt 0.385736 0.187617
vt 0.385736 0.061986
vt 0.387544 0.188965
vt 0.387544 0.061986
vt 0.211266 0.432526
vt 0.212637 0.432526
vt 0.212637 0.305615
vt 0.211265 0.303823
vt 0.213839 0.432526
vt 0.213839 0.306926
vt 0.405631 0.311328
vt 0.404259 0.313120
vt 0.404259 0.440029
vt 0.405631 0.440029
vt 0.403057 0.314431
vt 0.403057 0.440029
vt 0.206640 0.801935
vt 0.205269 0.803726
vt 0.205268 0.930635
vt 0.206640 0.930635
vt 0.204067 0.805037
vt 0.204066 0.930635
vt 0.215418 0.190496
vt 0.215418 0.064904
vt 0.216622 0.191808
vt 0.216622 0.064904
vt 0.217993 0.193600
vt 0.217993 0.064904
vt 0.124798 0.189819
vt 0.124797 0.065542
vt 0.037991 0.257594
vt 0.033868 0.257402
vt 0.034077 0.253190
vt 0.038043 0.253587
vt 0.520746 0.509184
vt 0.520429 0.505058
vt 0.524270 0.505051
vt 0.524884 0.507999
vt 0.520310 0.501078
vt 0.524286 0.501191
vt 0.528402 0.501506
vt 0.527195 0.505714
vt 0.038002 0.245570
vt 0.038056 0.249573
vt 0.034094 0.249986
vt 0.033879 0.245766
vt 0.038010 0.010578
vt 0.033942 0.010506
vt 0.033970 0.006536
vt 0.037940 0.006510
vt 0.528402 0.265541
vt 0.524279 0.265855
vt 0.524275 0.262015
vt 0.527222 0.261405
vt 0.520304 0.265971
vt 0.520417 0.261997
vt 0.520734 0.257882
vt 0.524940 0.259092
vt 0.038027 0.986672
vt 0.038024 0.990690
vt 0.034100 0.990920
vt 0.033938 0.986822
vt 0.037880 0.994781
vt 0.033915 0.993906
vt 0.037980 0.492609
vt 0.038036 0.496616
vt 0.034071 0.497032
vt 0.033854 0.492807
vt 0.038025 0.500634
vt 0.034055 0.500239
vt 0.037975 0.504645
vt 0.033850 0.504453
vt 0.277104 0.501504
vt 0.281227 0.501191
vt 0.281231 0.505030
vt 0.278284 0.505640
vt 0.285202 0.501074
vt 0.285089 0.505048
vt 0.284772 0.509163
vt 0.280566 0.507953
vt 0.037995 0.751693
vt 0.033871 0.751502
vt 0.034074 0.747289
vt 0.038043 0.747682
vt 0.284760 0.257861
vt 0.285078 0.261987
vt 0.281236 0.261995
vt 0.280623 0.259046
vt 0.285197 0.265967
vt 0.281220 0.265854
vt 0.277104 0.265539
vt 0.278311 0.261331
vt 0.037994 0.739657
vt 0.038052 0.743663
vt 0.034087 0.744081
vt 0.033868 0.739857
vt 0.272980 0.257611
vt 0.272923 0.253608
vt 0.276886 0.253191
vt 0.277104 0.257412
vt 0.272934 0.249593
vt 0.276900 0.249987
vt 0.272983 0.245586
vt 0.277104 0.245777
vt 0.520780 0.257841
vt 0.520466 0.253718
vt 0.524306 0.253713
vt 0.524917 0.256661
vt 0.520350 0.249742
vt 0.524324 0.249855
vt 0.528440 0.250171
vt 0.527230 0.254378
vt 0.273007 0.010594
vt 0.273078 0.006526
vt 0.277048 0.006553
vt 0.277075 0.010523
vt 0.273146 0.994751
vt 0.273011 0.990661
vt 0.276939 0.990873
vt 0.277104 0.993893
vt 0.273003 0.986639
vt 0.277090 0.986783
vt 0.277104 0.250206
vt 0.281231 0.249887
vt 0.281239 0.253730
vt 0.278290 0.254343
vt 0.285211 0.249768
vt 0.285099 0.253745
vt 0.284784 0.257861
vt 0.280576 0.256655
vt 0.272973 0.492612
vt 0.277095 0.492804
vt 0.276889 0.497014
vt 0.272922 0.496619
vt 0.528440 0.014166
vt 0.524313 0.014484
vt 0.524305 0.010642
vt 0.527254 0.010028
vt 0.520333 0.014603
vt 0.520445 0.010627
vt 0.520760 0.006510
vt 0.524968 0.007717
vt 0.272966 0.504637
vt 0.272911 0.500634
vt 0.276873 0.500218
vt 0.277090 0.504439
vt 0.272968 0.751660
vt 0.272914 0.747656
vt 0.276876 0.747242
vt 0.277091 0.751462
vt 0.272927 0.743642
vt 0.276893 0.744038
vt 0.272978 0.739635
vt 0.277101 0.739827
vt 0.284764 0.006531
vt 0.285078 0.010654
vt 0.281238 0.010659
vt 0.280627 0.007711
vt 0.285195 0.014630
vt 0.281220 0.014517
vt 0.277104 0.014200
vt 0.278314 0.009994
vt 0.308055 0.478222
vt 0.497455 0.478223
vt 0.060831 0.280443
vt 0.060822 0.469762
vt 0.497452 0.288823
vt 0.060853 0.033422
vt 0.060843 0.222729
vt 0.308052 0.288822
vt 0.060838 0.774531
vt 0.060864 0.963827
vt 0.060818 0.527491
vt 0.060832 0.716808
vt 0.250132 0.469767
vt 0.250139 0.280453
vt 0.739168 0.265507
vt 0.739168 0.279360
vt 0.549901 0.279360
vt 0.549901 0.265507
vt 0.250145 0.222742
vt 0.250161 0.033435
vt 0.753021 0.468627
vt 0.739168 0.468627
vt 0.753021 0.279360
vt 0.250159 0.963800
vt 0.250131 0.774504
vt 0.549901 0.482480
vt 0.549901 0.468627
vt 0.739168 0.482480
vt 0.250137 0.716793
vt 0.250126 0.527481
vt 0.964715 0.698653
vt 0.775448 0.698653
vt 0.775448 0.509386
vt 0.964715 0.509386
vt 0.775448 0.717912
vt 0.964715 0.717912
vt 0.756188 0.509386
vt 0.756188 0.698653
vt 0.964715 0.490126
vt 0.775448 0.490126
vt 0.983974 0.698653
vt 0.983974 0.509386
vt 0.736929 0.509386
vt 0.736929 0.698653
vt 0.547661 0.698653
vt 0.547661 0.509386
vt 0.528402 0.509386
vt 0.528402 0.698653
vt 0.736929 0.490126
vt 0.547661 0.490126
vt 0.485631 0.717711
vt 0.296364 0.717711
vt 0.296364 0.528443
vt 0.485631 0.528443
vt 0.296364 0.736970
vt 0.485631 0.736970
vt 0.277104 0.528443
vt 0.277104 0.717711
vt 0.485631 0.509184
vt 0.296364 0.509184
vt 0.504890 0.717711
vt 0.504890 0.528443
vt 0.302656 0.232320
vt 0.502904 0.232299
vt 0.302640 0.032073
vt 0.502888 0.032052
vt 0.736929 0.926439
vt 0.547661 0.926439
vt 0.547661 0.737172
vt 0.736929 0.737172
vt 0.547661 0.945698
vt 0.736929 0.945698
vt 0.528402 0.737172
vt 0.528402 0.926439
vt 0.736929 0.717912
vt 0.547661 0.717912
vt 0.756188 0.926439
vt 0.756188 0.737172
vt 0.547699 0.025770
vt 0.736966 0.025770
vt 0.736966 0.215037
vt 0.547699 0.215037
vt 0.736966 0.006510
vt 0.547699 0.006510
vt 0.756226 0.215037
vt 0.756226 0.025770
vt 0.547699 0.234296
vt 0.736966 0.234296
vt 0.528440 0.025770
vt 0.528440 0.215037
vt 0.536048 0.279360
vt 0.536048 0.468627
vt 0.528402 0.474033
vt 0.528402 0.273954
vt 0.544495 0.257861
vt 0.744574 0.257861
vt 0.760667 0.273954
vt 0.760667 0.474034
vt 0.744574 0.490126
vt 0.544494 0.490126
vt 0.380343 0.850750
vt 0.470732 0.939929
vt 0.480092 0.930442
vt 0.389703 0.841263
vt 0.109704 0.429126
vt 0.109705 0.304848
vt 0.092322 0.304848
vt 0.092321 0.429125
vt 0.376853 0.828585
vt 0.367493 0.838072
vt 0.168576 0.430797
vt 0.168576 0.306521
vt 0.151193 0.306521
vt 0.151193 0.430797
vt 0.177879 0.800371
vt 0.160495 0.800371
vt 0.160495 0.924653
vt 0.177879 0.924653
vt 0.205348 0.555978
vt 0.187965 0.555978
vt 0.187965 0.681093
vt 0.205348 0.681093
vt 0.277105 0.748893
vt 0.286465 0.739406
vt 0.222732 0.557702
vt 0.205349 0.557702
vt 0.205348 0.682819
vt 0.222731 0.682819
vt 0.218562 0.929627
vt 0.235946 0.929628
vt 0.235947 0.804509
vt 0.218563 0.804509
vt 0.480092 0.749648
vt 0.467242 0.736970
vt 0.207687 0.307406
vt 0.190304 0.307406
vt 0.190302 0.432524
vt 0.207686 0.432524
vt 0.277104 0.929687
vt 0.289954 0.942365
vt 0.142012 0.304613
vt 0.140201 0.304613
vt 0.140203 0.430236
vt 0.142013 0.431586
vt 0.138720 0.304613
vt 0.138722 0.429249
vt 0.137667 0.304613
vt 0.137667 0.428888
vt 0.156153 0.927349
vt 0.157962 0.926001
vt 0.157961 0.800371
vt 0.156151 0.800371
vt 0.159441 0.925014
vt 0.159441 0.800371
vt 0.091268 0.304848
vt 0.091267 0.429487
vt 0.089787 0.304848
vt 0.089786 0.430474
vt 0.087977 0.304848
vt 0.087977 0.431822
vt 0.150139 0.306159
vt 0.150138 0.430797
vt 0.148658 0.305172
vt 0.148659 0.430797
vt 0.146848 0.303823
vt 0.146848 0.430797
vt 0.239525 0.804509
vt 0.238155 0.804509
vt 0.238153 0.931419
vt 0.239525 0.933211
vt 0.236953 0.804509
vt 0.236951 0.930108
vt 0.226311 0.554119
vt 0.224939 0.555911
vt 0.224939 0.682819
vt 0.226311 0.682819
vt 0.223737 0.557222
vt 0.223737 0.682819
vt 0.209893 0.305615
vt 0.209894 0.432524
vt 0.211265 0.432524
vt 0.208691 0.306927
vt 0.208691 0.432524
vt 0.186959 0.555498
vt 0.186959 0.681093
vt 0.185757 0.554186
vt 0.185757 0.681093
vt 0.184385 0.552394
vt 0.184386 0.681093
vt 0.120285 0.428888
vt 0.120285 0.304613
vt 0.859465 0.120290
vt 0.949854 0.209469
vt 0.959214 0.199983
vt 0.868825 0.110804
vt 0.114808 0.188521
vt 0.114808 0.064240
vt 0.097425 0.064240
vt 0.097425 0.188521
vt 0.855975 0.098125
vt 0.846615 0.107612
vt 0.122436 0.923611
vt 0.122436 0.799340
vt 0.105054 0.799340
vt 0.105054 0.923611
vt 0.387544 0.188963
vt 0.404928 0.188963
vt 0.404928 0.064683
vt 0.387545 0.064683
vt 0.405631 0.436444
vt 0.423014 0.436444
vt 0.423014 0.311328
vt 0.756226 0.018433
vt 0.765586 0.008947
vt 0.235377 0.068487
vt 0.217993 0.068487
vt 0.217993 0.193604
vt 0.235376 0.193604
vt 0.409271 0.187106
vt 0.426655 0.187106
vt 0.426656 0.061986
vt 0.409272 0.061986
vt 0.959214 0.019188
vt 0.946364 0.006510
vt 0.443977 0.314911
vt 0.426593 0.314911
vt 0.426593 0.440027
vt 0.443977 0.440027
vt 0.756226 0.199227
vt 0.769076 0.211906
vt 0.328767 0.438802
vt 0.330577 0.438802
vt 0.330575 0.313178
vt 0.328765 0.311829
vt 0.332058 0.438802
vt 0.332056 0.314165
vt 0.333111 0.438802
vt 0.333111 0.314527
vt 0.409271 0.061986
vt 0.407462 0.063335
vt 0.407462 0.188963
vt 0.409271 0.188963
vt 0.405981 0.064322
vt 0.405982 0.188963
vt 0.096372 0.064240
vt 0.096371 0.188883
vt 0.094891 0.064240
vt 0.094891 0.189870
vt 0.093082 0.064240
vt 0.093081 0.191218
vt 0.103999 0.798978
vt 0.103999 0.923611
vt 0.102518 0.797991
vt 0.102519 0.923611
vt 0.100708 0.796641
vt 0.100708 0.923612
vt 0.430234 0.061987
vt 0.428862 0.061987
vt 0.428863 0.188898
vt 0.430234 0.190688
vt 0.427661 0.061987
vt 0.427661 0.187586
vt 0.238956 0.064904
vt 0.237584 0.066696
vt 0.237584 0.193604
vt 0.238956 0.193604
vt 0.236382 0.068007
vt 0.236382 0.193604
vt 0.447556 0.311328
vt 0.446184 0.313120
vt 0.446184 0.440027
vt 0.447556 0.440027
vt 0.444982 0.314431
vt 0.444982 0.440027
vt 0.424019 0.436924
vt 0.424020 0.311328
vt 0.425222 0.438236
vt 0.425222 0.311328
vt 0.426593 0.440028
vt 0.426593 0.311328
vt 0.350493 0.314527
vt 0.350493 0.438802
vt 0.860416 0.349476
vt 0.770027 0.260297
vt 0.760667 0.269784
vt 0.851056 0.358963
vt 0.161894 0.555088
vt 0.161893 0.679367
vt 0.179276 0.679367
vt 0.179277 0.555088
vt 0.863906 0.371641
vt 0.873266 0.362154
vt 0.151842 0.066854
vt 0.151842 0.191136
vt 0.169225 0.191136
vt 0.169225 0.066854
vt 0.149182 0.798790
vt 0.131799 0.798790
vt 0.131799 0.923069
vt 0.149182 0.923069
vt 0.091395 0.795991
vt 0.074012 0.795991
vt 0.074012 0.921102
vt 0.091394 0.921102
vt 0.963655 0.451334
vt 0.954295 0.460820
vt 0.193452 0.068486
vt 0.176069 0.068486
vt 0.176067 0.193605
vt 0.193451 0.193606
vt 0.116351 0.679035
vt 0.133735 0.679035
vt 0.133735 0.553914
vt 0.116351 0.553914
vt 0.760667 0.450578
vt 0.773517 0.463256
vt 0.447618 0.065568
vt 0.430234 0.065568
vt 0.430234 0.190686
vt 0.447617 0.190686
vt 0.963655 0.270539
vt 0.950805 0.257861
vt 0.116351 0.555644
vt 0.114542 0.555644
vt 0.114542 0.681269
vt 0.116351 0.682617
vt 0.113061 0.555644
vt 0.113062 0.680282
vt 0.112007 0.555644
vt 0.112007 0.679920
vt 0.127455 0.925766
vt 0.129264 0.924417
vt 0.129265 0.798790
vt 0.127456 0.798790
vt 0.130745 0.923431
vt 0.130745 0.798790
vt 0.180329 0.679367
vt 0.180331 0.554727
vt 0.181810 0.679367
vt 0.181812 0.553740
vt 0.183621 0.679367
vt 0.183621 0.552392
vt 0.170278 0.191497
vt 0.170280 0.066854
vt 0.171759 0.192484
vt 0.171759 0.066854
vt 0.173568 0.193832
vt 0.173568 0.066854
vt 0.137313 0.553914
vt 0.135941 0.553914
vt 0.135941 0.680825
vt 0.137313 0.682617
vt 0.134740 0.553914
vt 0.134740 0.679515
vt 0.195658 0.066696
vt 0.195658 0.193606
vt 0.197030 0.193606
vt 0.194456 0.068007
vt 0.194456 0.193606
vt 0.451196 0.061986
vt 0.449825 0.063777
vt 0.449825 0.190686
vt 0.451196 0.190686
vt 0.448623 0.065088
vt 0.448622 0.190686
vt 0.073006 0.795511
vt 0.073006 0.921102
vt 0.071803 0.794198
vt 0.071803 0.921102
vt 0.070431 0.792406
vt 0.070431 0.921102
vt 0.094624 0.679920
vt 0.094624 0.555644
s 1
usemtl Material.006
f 3059/4075/1852 3047/4076/1852 3050/4077/1852 3070/4078/1852
f 3037/4079/1853 3033/4080/1853 3054/4081/1853 3066/4082/1853
f 3070/4078/1852 3067/4083/1852 3062/4084/1852 3059/4075/1852
f 3032/4085/1853 3036/4086/1853 3071/4087/1853 3051/4088/1853
f 3031/4089/1854 3046/4090/1854 3058/4091/1854 3035/4092/1854
f 3035/4093/1855 3058/4094/1855 3087/4095/1855 3041/4096/1855
f 3042/4097/1852 3062/4084/1852 3067/4083/1852 3055/4098/1852
f 3071/4099/1855 3036/4100/1855 3039/4101/1855 3078/4102/1855
f 3037/4103/1856 3066/4104/1856 3075/4105/1856 3038/4106/1856
f 3067/4083/1852 3070/4078/1852 3079/4107/1852 3074/4108/1852
f 3063/4109/1856 3034/4110/1856 3040/4111/1856 3082/4112/1856
f 3059/4075/1852 3062/4084/1852 3083/4113/1852 3086/4114/1852
f 3042/4115/1857 3044/4116/1857 3064/4117/1858 3062/4118/1859
f 3044/4116/1860 3045/4119/1861 3065/4120/1862 3064/4117/1863
f 3045/4119/1864 3043/4121/1864 3063/4122/1865 3065/4120/1866
f 3059/4123/1867 3061/4124/1868 3049/4125/1869 3047/4126/1869
f 3061/4124/1870 3060/4127/1871 3048/4128/1872 3049/4125/1873
f 3060/4127/1874 3058/4091/1875 3046/4090/1876 3048/4128/1876
f 3054/4081/1877 3056/4129/1877 3068/4130/1878 3066/4082/1879
f 3056/4129/1880 3057/4131/1881 3069/4132/1882 3068/4130/1883
f 3057/4131/1884 3055/4133/1884 3067/4134/1885 3069/4132/1886
f 3071/4087/1887 3073/4135/1888 3053/4136/1889 3051/4088/1889
f 3073/4135/1890 3072/4137/1891 3052/4138/1892 3053/4136/1893
f 3072/4137/1894 3070/4139/1895 3050/4140/1896 3052/4138/1896
f 3074/4141/1897 3076/4142/1897 3069/4143/1898 3067/4144/1899
f 3076/4142/1900 3077/4145/1900 3068/4146/1901 3069/4143/1902
f 3077/4145/1903 3075/4105/1903 3066/4104/1904 3068/4146/1905
f 3070/4147/1906 3072/4148/1907 3081/4149/1908 3079/4150/1908
f 3072/4148/1909 3073/4151/1910 3080/4152/1911 3081/4149/1911
f 3073/4151/1912 3071/4099/1913 3078/4102/1914 3080/4152/1914
f 3062/4153/1915 3064/4154/1916 3085/4155/1917 3083/4156/1917
f 3064/4154/1918 3065/4157/1919 3084/4158/1920 3085/4155/1920
f 3065/4157/1921 3063/4109/1922 3082/4112/1923 3084/4158/1923
f 3058/4094/1924 3060/4159/1925 3089/4160/1926 3087/4095/1926
f 3060/4159/1927 3061/4161/1928 3088/4162/1929 3089/4160/1929
f 3061/4161/1930 3059/4163/1931 3086/4164/1932 3088/4162/1932
f 3034/4165/1854 3063/4122/1854 3043/4121/1854 3030/4166/1854
f 3184/4167/1933 3093/4168/1934 3095/4169/1935 3094/4170/1936
f 3093/4171/1934 3097/4172/1937 3098/4173/1938 3095/4174/1935
f 3183/4175/1939 3096/4176/1940 3098/4173/1938 3097/4172/1937
f 3096/4176/1940 3100/4177/1941 3101/4178/1942 3098/4173/1938
f 3188/4179/1943 3099/4180/1944 3101/4181/1942 3100/4182/1941
f 3099/4180/1944 3094/4170/1936 3095/4169/1935 3101/4181/1942
f 3095/4174/1935 3098/4173/1938 3101/4178/1942
f 3187/4183/1943 3105/4184/1941 3107/4185/1945 3106/4186/1946
f 3105/4187/1941 3109/4188/1940 3110/4189/1947 3107/4190/1945
f 3186/4191/1939 3108/4192/1948 3110/4189/1947 3109/4188/1940
f 3108/4192/1948 3112/4193/1949 3113/4194/1950 3110/4189/1947
f 3191/4195/1852 3111/4196/1951 3113/4197/1950 3112/4198/1949
f 3111/4196/1951 3106/4199/1946 3107/4200/1945 3113/4197/1950
f 3107/4190/1945 3110/4189/1947 3113/4194/1950
f 3185/4201/1933 3117/4202/1952 3119/4203/1953 3118/4204/1934
f 3117/4202/1952 3121/4205/1954 3122/4206/1955 3119/4203/1953
f 3192/4207/1956 3120/4208/1957 3122/4206/1955 3121/4205/1954
f 3120/4209/1957 3124/4210/1958 3125/4211/1959 3122/4212/1955
f 3182/4213/1939 3123/4214/1937 3125/4211/1959 3124/4210/1958
f 3123/4214/1937 3118/4215/1934 3119/4216/1953 3125/4211/1959
f 3119/4216/1953 3122/4212/1955 3125/4211/1959
f 3190/4217/1852 3129/4218/1949 3131/4219/1960 3130/4220/1961
f 3129/4221/1949 3133/4222/1948 3134/4223/1962 3131/4224/1960
f 3189/4225/1939 3132/4226/1958 3134/4223/1962 3133/4222/1948
f 3132/4226/1958 3136/4227/1957 3137/4228/1963 3134/4223/1962
f 3193/4229/1956 3135/4230/1964 3137/4231/1963 3136/4232/1957
f 3135/4230/1964 3130/4220/1961 3131/4219/1960 3137/4231/1963
f 3131/4224/1960 3134/4223/1962 3137/4228/1963
f 3195/4233/1933 3140/4234/1936 3142/4235/1965 3141/4236/1966
f 3140/4234/1936 3144/4237/1944 3145/4238/1967 3142/4235/1965
f 3198/4239/1943 3143/4240/1968 3145/4238/1967 3144/4237/1944
f 3143/4241/1968 3147/4242/1969 3148/4243/1970 3145/4244/1967
f 3196/4245/1971 3146/4246/1972 3148/4243/1970 3147/4242/1969
f 3146/4246/1972 3141/4247/1966 3142/4248/1965 3148/4243/1970
f 3142/4248/1965 3145/4244/1967 3148/4243/1970
f 3199/4249/1973 3151/4250/1946 3153/4251/1974 3152/4252/1968
f 3151/4253/1946 3155/4254/1951 3156/4255/1975 3153/4256/1974
f 3201/4257/1852 3154/4258/1976 3156/4255/1975 3155/4254/1951
f 3154/4259/1976 3158/4260/1977 3159/4261/1978 3156/4262/1975
f 3200/4263/1971 3157/4264/1969 3159/4261/1978 3158/4260/1977
f 3157/4264/1969 3152/4265/1968 3153/4266/1974 3159/4261/1978
f 3153/4266/1974 3156/4262/1975 3159/4261/1978
f 3194/4267/1933 3162/4268/1966 3164/4269/1979 3163/4270/1952
f 3162/4271/1966 3166/4272/1972 3167/4273/1980 3164/4274/1979
f 3197/4275/1971 3165/4276/1981 3167/4273/1980 3166/4272/1972
f 3165/4276/1981 3169/4277/1982 3170/4278/1983 3167/4273/1980
f 3205/4279/1984 3168/4280/1954 3170/4281/1983 3169/4282/1982
f 3168/4280/1954 3163/4270/1952 3164/4269/1979 3170/4281/1983
f 3164/4274/1979 3167/4273/1980 3170/4278/1983
f 3202/4283/1852 3173/4284/1961 3175/4285/1985 3174/4286/1976
f 3173/4284/1961 3177/4287/1964 3178/4288/1986 3175/4285/1985
f 3204/4289/1956 3176/4290/1982 3178/4288/1986 3177/4287/1964
f 3176/4291/1982 3180/4292/1981 3181/4293/1987 3178/4294/1986
f 3203/4295/1971 3179/4296/1977 3181/4293/1987 3180/4292/1981
f 3179/4296/1977 3174/4297/1976 3175/4298/1985 3181/4293/1987
f 3175/4298/1985 3178/4294/1986 3181/4293/1987
f 3182/4213/1939 3183/4175/1939 3097/4172/1937 3123/4214/1937
f 3123/4214/1937 3097/4172/1937 3093/4171/1934 3118/4215/1934
f 3118/4204/1934 3093/4168/1934 3184/4167/1933 3185/4201/1933
f 3183/4175/1939 3186/4191/1939 3109/4188/1940 3096/4176/1940
f 3096/4176/1940 3109/4188/1940 3105/4187/1941 3100/4177/1941
f 3100/4182/1941 3105/4184/1941 3187/4183/1943 3188/4179/1943
f 3186/4191/1939 3189/4225/1939 3133/4222/1948 3108/4192/1948
f 3108/4192/1948 3133/4222/1948 3129/4221/1949 3112/4193/1949
f 3112/4198/1949 3129/4218/1949 3190/4217/1852 3191/4195/1852
f 3189/4225/1939 3182/4213/1939 3124/4210/1958 3132/4226/1958
f 3132/4226/1958 3124/4210/1958 3120/4209/1957 3136/4227/1957
f 3136/4232/1957 3120/4208/1957 3192/4207/1956 3193/4229/1956
f 3194/4267/1933 3195/4233/1933 3141/4236/1966 3162/4268/1966
f 3162/4271/1966 3141/4247/1966 3146/4246/1972 3166/4272/1972
f 3166/4272/1972 3146/4246/1972 3196/4245/1971 3197/4275/1971
f 3198/4239/1943 3199/4249/1973 3152/4252/1968 3143/4240/1968
f 3143/4241/1968 3152/4265/1968 3157/4264/1969 3147/4242/1969
f 3147/4242/1969 3157/4264/1969 3200/4263/1971 3196/4245/1971
f 3201/4257/1852 3202/4283/1852 3174/4286/1976 3154/4258/1976
f 3154/4259/1976 3174/4297/1976 3179/4296/1977 3158/4260/1977
f 3158/4260/1977 3179/4296/1977 3203/4295/1971 3200/4263/1971
f 3204/4289/1956 3205/4279/1984 3169/4282/1982 3176/4290/1982
f 3176/4291/1982 3169/4277/1982 3165/4276/1981 3180/4292/1981
f 3180/4292/1981 3165/4276/1981 3197/4275/1971 3203/4295/1971
f 3193/4229/1956 3204/4289/1956 3177/4287/1964 3135/4230/1964
f 3135/4230/1964 3177/4287/1964 3173/4284/1961 3130/4220/1961
f 3130/4220/1961 3173/4284/1961 3202/4283/1852 3190/4217/1852
f 3199/4249/1973 3187/4183/1943 3106/4186/1946 3151/4250/1946
f 3151/4253/1946 3106/4199/1946 3111/4196/1951 3155/4254/1951
f 3155/4254/1951 3111/4196/1951 3191/4195/1852 3201/4257/1852
f 3188/4179/1943 3198/4239/1943 3144/4237/1944 3099/4180/1944
f 3099/4180/1944 3144/4237/1944 3140/4234/1936 3094/4170/1936
f 3094/4170/1936 3140/4234/1936 3195/4233/1933 3184/4167/1933
f 3205/4279/1984 3192/4207/1956 3121/4205/1954 3168/4280/1954
f 3168/4280/1954 3121/4205/1954 3117/4202/1952 3163/4270/1952
f 3163/4270/1952 3117/4202/1952 3185/4201/1933 3194/4267/1933
f 3116/4299/1939 3091/4300/1939 3183/4175/1939 3182/4213/1939
f 3090/4301/1933 3114/4302/1933 3185/4201/1933 3184/4167/1933
f 3091/4300/1939 3103/4303/1939 3186/4191/1939 3183/4175/1939
f 3102/4304/1943 3092/4305/1943 3188/4179/1943 3187/4183/1943
f 3103/4303/1939 3127/4306/1939 3189/4225/1939 3186/4191/1939
f 3126/4307/1852 3104/4308/1852 3191/4195/1852 3190/4217/1852
f 3127/4306/1939 3116/4299/1939 3182/4213/1939 3189/4225/1939
f 3115/4309/1956 3128/4310/1956 3193/4229/1956 3192/4207/1956
f 3160/4311/1933 3138/4312/1933 3195/4233/1933 3194/4267/1933
f 3233/4313/1956 3219/4314/1956 3218/4315/1956 3231/4316/1956
f 3139/4317/1943 3149/4318/1943 3199/4249/1973 3198/4239/1943
f 3237/4319/1933 3220/4320/1933 3219/4314/1933 3233/4321/1933
f 3150/4322/1852 3171/4323/1852 3202/4283/1852 3201/4257/1852
f 3234/4324/1943 3221/4325/1943 3220/4320/1943 3237/4326/1943
f 3172/4327/1956 3161/4328/1956 3205/4279/1984 3204/4289/1956
f 3128/4310/1956 3172/4327/1956 3204/4289/1956 3193/4229/1956
f 3171/4323/1852 3126/4307/1852 3190/4217/1852 3202/4283/1852
f 3149/4318/1943 3102/4304/1943 3187/4183/1943 3199/4249/1973
f 3104/4308/1852 3150/4322/1852 3201/4257/1852 3191/4195/1852
f 3092/4305/1943 3139/4317/1943 3198/4239/1943 3188/4179/1943
f 3138/4312/1933 3090/4301/1933 3184/4167/1933 3195/4233/1933
f 3161/4328/1956 3115/4309/1956 3192/4207/1956 3205/4279/1984
f 3114/4302/1933 3160/4311/1933 3194/4267/1933 3185/4201/1933
f 3206/4329/1943 3207/4330/1943 3208/4331/1943 3209/4332/1943
f 3102/4333/1971 3207/4330/1971 3206/4329/1971 3092/4334/1971
f 3149/4335/1933 3208/4331/1933 3207/4330/1933 3102/4336/1933
f 3139/4337/1939 3209/4332/1939 3208/4331/1939 3149/4338/1939
f 3092/4339/1852 3206/4329/1852 3209/4332/1852 3139/4340/1852
f 3210/4341/1956 3211/4342/1956 3212/4343/1956 3213/4344/1956
f 3115/4336/1971 3211/4342/1971 3210/4341/1971 3128/4335/1971
f 3172/4345/1939 3213/4344/1939 3212/4343/1939 3161/4346/1939
f 3128/4347/1933 3210/4341/1933 3213/4344/1933 3172/4348/1933
f 3214/4349/1939 3215/4350/1939 3216/4351/1939 3217/4352/1939
f 3116/4353/1852 3215/4350/1852 3214/4349/1852 3091/4354/1852
f 3127/4355/1943 3216/4351/1943 3215/4350/1943 3116/4356/1943
f 3103/4357/1933 3217/4352/1933 3216/4351/1933 3127/4358/1933
f 3091/4359/1956 3214/4349/1956 3217/4352/1956 3103/4360/1956
f 3218/4315/1971 3219/4314/1971 3220/4320/1971 3221/4325/1971
f 3232/4361/1971 3230/4362/1971 3196/4245/1971 3200/4263/1971
f 3236/4363/1971 3232/4361/1971 3200/4263/1971 3203/4295/1971
f 3235/4364/1971 3236/4363/1971 3203/4295/1971 3197/4275/1971
f 3230/4362/1971 3235/4364/1971 3197/4275/1971 3196/4245/1971
f 3222/4365/1852 3223/4366/1852 3224/4367/1852 3225/4368/1852
f 3126/4369/1971 3223/4366/1971 3222/4365/1971 3104/4370/1971
f 3171/4371/1943 3224/4367/1943 3223/4366/1943 3126/4372/1943
f 3150/4373/1939 3225/4368/1939 3224/4367/1939 3171/4374/1939
f 3104/4375/1956 3222/4365/1956 3225/4368/1956 3150/4376/1956
f 3226/4377/1933 3227/4378/1933 3228/4379/1933 3229/4380/1933
f 3090/4381/1971 3227/4378/1971 3226/4377/1971 3114/4382/1971
f 3138/4383/1956 3228/4379/1956 3227/4378/1956 3090/4384/1956
f 3160/4385/1939 3229/4380/1939 3228/4379/1939 3138/4386/1939
f 3114/4387/1943 3226/4377/1943 3229/4380/1943 3160/4388/1943
f 3115/4373/1852 3161/4374/1852 3212/4343/1852 3211/4342/1852
f 3231/4389/1988 3234/4390/1988 3235/4391/1988 3230/4392/1988
f 3233/4313/1855 3231/4316/1855 3230/4393/1855 3232/4394/1855
f 3237/4319/1989 3233/4321/1989 3232/4395/1989 3236/4396/1989
f 3234/4324/1853 3237/4326/1853 3236/4397/1853 3235/4398/1853
f 3231/4389/1852 3218/4315/1852 3221/4325/1852 3234/4390/1852
f 3267/4399/1943 3255/4400/1943 3258/4401/1943 3278/4402/1943
f 3245/4403/1989 3241/4404/1989 3262/4405/1989 3274/4406/1989
f 3278/4402/1943 3275/4407/1943 3270/4408/1943 3267/4399/1943
f 3240/4409/1989 3244/4410/1989 3279/4411/1989 3259/4412/1989
f 3239/4413/1990 3254/4414/1990 3266/4415/1990 3243/4416/1990
f 3243/4417/1988 3266/4418/1988 3295/4419/1988 3249/4420/1988
f 3250/4421/1943 3270/4408/1943 3275/4407/1943 3263/4422/1943
f 3279/4423/1988 3244/4424/1988 3247/4425/1988 3286/4426/1988
f 3245/4427/1991 3274/4428/1991 3283/4429/1991 3246/4430/1991
f 3275/4407/1943 3278/4402/1943 3287/4431/1943 3282/4432/1943
f 3271/4433/1991 3242/4434/1991 3248/4435/1991 3290/4436/1991
f 3267/4399/1943 3270/4408/1943 3291/4437/1943 3294/4438/1943
f 3250/4439/1992 3252/4440/1992 3272/4441/1993 3270/4442/1994
f 3252/4440/1995 3253/4443/1996 3273/4444/1997 3272/4441/1998
f 3253/4443/1999 3251/4445/1999 3271/4446/2000 3273/4444/2001
f 3267/4447/2002 3269/4448/2003 3257/4449/2004 3255/4450/2004
f 3269/4448/2005 3268/4451/2006 3256/4452/2007 3257/4449/2008
f 3268/4451/2009 3266/4415/2010 3254/4414/2011 3256/4452/2011
f 3262/4405/2012 3264/4453/2012 3276/4454/2013 3274/4406/2014
f 3264/4453/2015 3265/4455/2016 3277/4456/2017 3276/4454/2018
f 3265/4455/2019 3263/4457/2019 3275/4458/2020 3277/4456/2021
f 3279/4411/2022 3281/4459/2023 3261/4460/2024 3259/4412/2024
f 3281/4459/2025 3280/4461/2026 3260/4462/2027 3261/4460/2028
f 3280/4461/2029 3278/4463/2030 3258/4464/2031 3260/4462/2031
f 3282/4465/2032 3284/4466/2032 3277/4467/2033 3275/4468/2034
f 3284/4466/2035 3285/4469/2035 3276/4470/2036 3277/4467/2037
f 3285/4469/2038 3283/4429/2038 3274/4428/2039 3276/4470/2040
f 3278/4471/2041 3280/4472/2042 3289/4473/2043 3287/4474/2043
f 3280/4472/2044 3281/4475/2045 3288/4476/2046 3289/4473/2046
f 3281/4475/2047 3279/4423/2048 3286/4426/2049 3288/4476/2049
f 3270/4144/2050 3272/4477/2051 3293/4478/2052 3291/4479/2052
f 3272/4477/2053 3273/4480/2054 3292/4481/2055 3293/4478/2055
f 3273/4480/2056 3271/4433/2057 3290/4436/2058 3292/4481/2058
f 3266/4418/2059 3268/4482/2060 3297/4483/2061 3295/4419/2061
f 3268/4482/2062 3269/4484/2063 3296/4485/2064 3297/4483/2064
f 3269/4484/2065 3267/4486/2066 3294/4487/2067 3296/4485/2067
f 3242/4488/1990 3271/4446/1990 3251/4445/1990 3238/4489/1990
f 3327/4490/1956 3315/4491/1956 3318/4492/1956 3338/4493/1956
f 3305/4494/1988 3301/4495/1988 3322/4496/1988 3334/4497/1988
f 3338/4493/1956 3335/4498/1956 3330/4499/1956 3327/4490/1956
f 3300/4500/1988 3304/4501/1988 3339/4502/1988 3319/4503/1988
f 3299/4504/1991 3314/4505/1991 3326/4506/1991 3303/4507/1991
f 3303/4508/1989 3326/4509/1989 3355/4510/1989 3309/4147/1989
f 3310/4511/1956 3330/4499/1956 3335/4498/1956 3323/4512/1956
f 3339/4513/1989 3304/4514/1989 3307/4515/1989 3346/4516/1989
f 3305/4517/1990 3334/4518/1990 3343/4519/1990 3306/4520/1990
f 3335/4498/1956 3338/4493/1956 3347/4521/1956 3342/4522/1956
f 3331/4523/1990 3302/4524/1990 3308/4525/1990 3350/4526/1990
f 3327/4490/1956 3330/4499/1956 3351/4527/1956 3354/4528/1956
f 3310/4529/2068 3312/4530/2068 3332/4531/2069 3330/4532/2070
f 3312/4530/2071 3313/4533/2071 3333/4534/2072 3332/4531/2073
f 3313/4533/2074 3311/4535/2074 3331/4536/2075 3333/4534/2076
f 3327/4537/2077 3329/4538/2078 3317/4539/2079 3315/4540/2079
f 3329/4538/2080 3328/4541/2081 3316/4542/2082 3317/4539/2083
f 3328/4541/2084 3326/4506/2085 3314/4505/2086 3316/4542/2086
f 3322/4496/2087 3324/4543/2087 3336/4544/2088 3334/4497/2089
f 3324/4543/2090 3325/4545/2091 3337/4546/2092 3336/4544/2093
f 3325/4545/2094 3323/4547/2094 3335/4548/2095 3337/4546/2096
f 3339/4502/2097 3341/4549/2098 3321/4550/2099 3319/4503/2099
f 3341/4549/2100 3340/4551/2101 3320/4552/2102 3321/4550/2102
f 3340/4551/2103 3338/4553/2104 3318/4554/2105 3320/4552/2105
f 3342/4555/2106 3344/4556/2106 3337/4557/2107 3335/4558/2108
f 3344/4556/2109 3345/4559/2109 3336/4560/2110 3337/4557/2111
f 3345/4559/2112 3343/4519/2112 3334/4518/2113 3336/4560/2114
f 3338/4561/2115 3340/4562/2116 3349/4563/2117 3347/4564/2117
f 3340/4562/2118 3341/4565/2119 3348/4566/2120 3349/4563/2120
f 3341/4565/2121 3339/4513/2122 3346/4516/2123 3348/4566/2123
f 3330/4567/2124 3332/4568/2125 3353/4569/2126 3351/4570/2126
f 3332/4568/2127 3333/4571/2128 3352/4572/2129 3353/4569/2129
f 3333/4571/2130 3331/4523/2131 3350/4526/2132 3352/4572/2132
f 3326/4509/2133 3328/4573/2134 3357/4574/2135 3355/4510/2135
f 3328/4573/2136 3329/4575/2137 3356/4576/2138 3357/4574/2138
f 3329/4575/2139 3327/4577/2140 3354/4578/2141 3356/4576/2141
f 3302/4579/1991 3331/4536/1991 3311/4535/1991 3298/4580/1991
f 3387/4581/1933 3375/4582/1933 3378/4583/1933 3398/4584/1933
f 3365/4585/1855 3361/4586/1855 3382/4587/1855 3394/4588/1855
f 3398/4584/1933 3395/4589/1933 3390/4590/1933 3387/4581/1933
f 3360/4591/1855 3364/4592/1855 3399/4593/1855 3379/4594/1855
f 3359/4595/1856 3374/4596/1856 3386/4597/1856 3363/4598/1856
f 3363/4599/1853 3386/4600/1853 3415/4601/1853 3369/4602/1853
f 3370/4603/1933 3390/4590/1933 3395/4589/1933 3383/4604/1933
f 3399/4605/1853 3364/4606/1853 3367/4607/1853 3406/4608/1853
f 3365/4609/1854 3394/4610/1854 3403/4611/1854 3366/4612/1854
f 3395/4589/1933 3398/4584/1933 3407/4613/1933 3402/4614/1933
f 3391/4615/1854 3362/4616/1854 3368/4617/1854 3410/4618/1854
f 3387/4581/1933 3390/4590/1933 3411/4619/1933 3414/4620/1933
f 3370/4621/2142 3372/4622/2142 3392/4623/2143 3390/4624/2144
f 3372/4622/2145 3373/4625/2145 3393/4626/2146 3392/4623/2147
f 3373/4625/2148 3371/4627/2148 3391/4628/2149 3393/4626/2150
f 3387/4629/2151 3389/4630/2152 3377/4631/2153 3375/4632/2153
f 3389/4630/2154 3388/4633/2155 3376/4634/2156 3377/4631/2157
f 3388/4633/2158 3386/4597/2159 3374/4596/2160 3376/4634/2160
f 3382/4587/2161 3384/4635/2161 3396/4636/2162 3394/4588/2163
f 3384/4635/2164 3385/4637/2165 3397/4638/2166 3396/4636/2167
f 3385/4637/2168 3383/4639/2168 3395/4640/2169 3397/4638/2170
f 3399/4593/2171 3401/4641/2172 3381/4642/2173 3379/4594/2173
f 3401/4641/2174 3400/4643/2175 3380/4644/2176 3381/4642/2176
f 3400/4643/2177 3398/4645/2178 3378/4646/2179 3380/4644/2179
f 3402/4647/2180 3404/4648/2181 3397/4649/2182 3395/4650/2183
f 3404/4648/2184 3405/4651/2184 3396/4652/2185 3397/4649/2186
f 3405/4651/2187 3403/4611/2187 3394/4610/2188 3396/4652/2189
f 3398/4096/2190 3400/4653/2191 3409/4654/2192 3407/4655/2193
f 3400/4653/2194 3401/4656/2195 3408/4657/2196 3409/4654/2196
f 3401/4656/2197 3399/4605/2198 3406/4608/2199 3408/4657/2199
f 3390/4658/2200 3392/4659/2201 3413/4660/2202 3411/4661/2203
f 3392/4659/2204 3393/4662/2205 3412/4663/2206 3413/4660/2207
f 3393/4662/2208 3391/4615/2209 3410/4618/2210 3412/4663/2210
f 3386/4600/2211 3388/4664/2212 3417/4665/2213 3415/4601/2213
f 3388/4664/2214 3389/4666/2215 3416/4667/2216 3417/4665/2217
f 3389/4666/2218 3387/4668/2219 3414/4669/2220 3416/4667/2221
f 3362/4670/1856 3391/4628/1856 3371/4627/1856 3358/4671/1856
o Crate_Plane.007
v 3.745026 4.416045 0.323049
v 3.745026 5.183310 1.090314
v 3.745026 5.125503 1.148121
v 3.745026 4.358238 0.380856
v 3.745026 4.766611 0.673615
v 3.745026 4.832744 0.739748
v 3.745026 4.774937 0.797555
v 3.745026 4.708804 0.731423
v 3.745026 4.355878 1.084348
v 3.745026 4.422011 1.150481
v 3.745026 5.119537 0.320690
v 3.745026 5.185669 0.386822
v 3.821855 4.405938 0.333157
v 3.814370 4.416045 0.323049
v 3.820853 4.410991 0.328103
v 3.818113 4.414691 0.324403
v 3.814370 5.183310 1.090314
v 3.821855 5.173203 1.100421
v 3.818113 5.181956 1.091668
v 3.820853 5.178256 1.095368
v 3.821855 5.135610 1.138014
v 3.814370 5.125503 1.148121
v 3.820853 5.130557 1.143068
v 3.818113 5.126857 1.146767
v 3.814370 4.358238 0.380856
v 3.821855 4.368345 0.370749
v 3.818113 4.359592 0.379502
v 3.820853 4.363292 0.375803
v 3.814370 4.832744 0.739748
v 3.821855 4.815030 0.742249
v 3.818113 4.830370 0.740083
v 3.820853 4.823887 0.740998
v 3.821855 4.764110 0.691329
v 3.814370 4.766611 0.673615
v 3.820853 4.765361 0.682472
v 3.818113 4.766276 0.675988
v 3.814370 4.708804 0.731423
v 3.821855 4.726518 0.728921
v 3.818113 4.711177 0.731087
v 3.820853 4.717661 0.730172
v 3.821855 4.777438 0.779841
v 3.814370 4.774937 0.797555
v 3.820853 4.776187 0.788698
v 3.818113 4.775271 0.795182
v 3.821855 4.363485 1.091954
v 3.814370 4.355878 1.084348
v 3.820853 4.359682 1.088151
v 3.818113 4.356897 1.085367
v 3.814370 4.422011 1.150481
v 3.821855 4.414405 1.142874
v 3.818113 4.420992 1.149461
v 3.820853 4.418208 1.146677
v 3.814370 5.119537 0.320690
v 3.821855 5.127143 0.328296
v 3.818113 5.120556 0.321709
v 3.820853 5.123340 0.324493
v 3.821855 5.178063 0.379216
v 3.814370 5.185669 0.386822
v 3.820853 5.181866 0.383019
v 3.818113 5.184650 0.385803
v 2.834560 4.393263 0.358075
v 2.957050 4.393263 0.235585
v 2.957050 4.270774 0.358075
v 2.838753 4.302160 0.251299
v 2.838753 4.286488 0.266972
v 2.842826 4.287151 0.251962
v 2.865947 4.286488 0.239778
v 2.850274 4.302160 0.239778
v 2.850937 4.287151 0.243851
v 2.850274 4.274967 0.266972
v 2.865947 4.274967 0.251299
v 2.850937 4.279040 0.251962
v 3.712071 4.270774 0.358075
v 3.712071 4.393263 0.235585
v 3.834560 4.393263 0.358075
v 3.803174 4.274967 0.251299
v 3.818846 4.274967 0.266972
v 3.818183 4.279040 0.251962
v 3.818846 4.302160 0.239778
v 3.803174 4.286488 0.239778
v 3.818183 4.287151 0.243851
v 3.830367 4.286488 0.266972
v 3.830367 4.302160 0.251299
v 3.826294 4.287151 0.251962
v 2.834560 5.148285 0.358075
v 2.957050 5.270774 0.358075
v 2.957050 5.148285 0.235585
v 2.838753 5.255060 0.266972
v 2.838753 5.239388 0.251299
v 2.842826 5.254396 0.251962
v 2.865947 5.266581 0.251299
v 2.850274 5.266581 0.266972
v 2.850937 5.262507 0.251962
v 2.850274 5.239388 0.239778
v 2.865947 5.255060 0.239778
v 2.850937 5.254396 0.243851
v 3.834560 5.148285 0.358075
v 3.712071 5.148285 0.235585
v 3.712071 5.270774 0.358075
v 3.830367 5.239388 0.251299
v 3.830367 5.255060 0.266972
v 3.826294 5.254396 0.251962
v 3.803174 5.255060 0.239778
v 3.818846 5.239388 0.239778
v 3.818183 5.254396 0.243851
v 3.818846 5.266581 0.266972
v 3.803174 5.266581 0.251299
v 3.818183 5.262507 0.251962
v 2.834560 4.393263 1.113096
v 2.957050 4.270774 1.113096
v 2.838753 4.286488 1.204199
v 2.838753 4.302160 1.219872
v 2.842826 4.287151 1.219208
v 2.865947 4.274967 1.219872
v 2.850274 4.274967 1.204199
v 2.850937 4.279040 1.219208
v 2.850274 4.302160 1.231392
v 2.865947 4.286488 1.231392
v 2.850937 4.287151 1.227319
v 3.712071 4.270774 1.113096
v 3.834560 4.393263 1.113096
v 3.818846 4.274967 1.204199
v 3.803174 4.274967 1.219872
v 3.818183 4.279040 1.219208
v 3.830367 4.302160 1.219872
v 3.830367 4.286488 1.204199
v 3.826294 4.287151 1.219208
v 3.803174 4.286488 1.231392
v 3.818846 4.302160 1.231392
v 3.818183 4.287151 1.227319
v 2.834560 5.148285 1.113096
v 2.957050 5.270774 1.113096
v 2.838753 5.239388 1.219871
v 2.838753 5.255060 1.204199
v 2.842826 5.254397 1.219208
v 2.865947 5.255060 1.231392
v 2.850274 5.239388 1.231392
v 2.850937 5.254397 1.227319
v 2.850274 5.266581 1.204199
v 2.865947 5.266581 1.219871
v 2.850937 5.262508 1.219208
v 3.834560 5.148285 1.113096
v 3.712071 5.270774 1.113096
v 3.830367 5.255060 1.204199
v 3.830367 5.239388 1.219871
v 3.826294 5.254397 1.219208
v 3.803174 5.266581 1.219871
v 3.818846 5.266581 1.204199
v 3.818183 5.262508 1.219208
v 3.818846 5.239388 1.231392
v 3.803174 5.255060 1.231392
v 3.818183 5.254397 1.227319
v 2.865947 5.239388 0.235585
v 2.865947 4.302160 0.235585
v 2.834560 4.302160 0.266972
v 2.834560 5.239388 0.266972
v 3.803174 4.302160 0.235585
v 3.803174 4.270774 0.266972
v 2.865947 4.270774 0.266972
v 3.803174 5.239388 0.235585
v 3.834560 5.239388 0.266972
v 3.834560 4.302160 0.266972
v 2.865947 5.270774 0.266972
v 3.803174 5.270774 0.266972
v 2.834560 5.239388 1.204199
v 2.834560 4.302160 1.204199
v 2.865947 4.302160 1.235585
v 2.865947 5.239388 1.235585
v 2.865947 4.270774 1.204199
v 3.803174 4.270774 1.204199
v 3.803174 4.302160 1.235585
v 3.834560 4.302160 1.204199
v 3.834560 5.239388 1.204199
v 3.803174 5.239388 1.235585
v 3.803174 5.270774 1.204199
v 2.865947 5.270774 1.204199
v 2.957050 4.347603 0.358075
v 3.712071 4.347603 0.358075
v 3.712071 4.347603 1.113096
v 2.957050 4.347603 1.113096
v 3.712071 5.193944 0.358075
v 2.957050 5.193944 0.358075
v 2.957050 5.193944 1.113096
v 3.712071 5.193944 1.113096
v 2.957050 4.393263 0.312415
v 2.957050 5.148285 0.312415
v 3.712071 5.148285 0.312415
v 3.712071 4.393263 0.312415
v 2.957050 4.393263 1.158755
v 3.712071 4.393263 1.158755
v 3.712071 5.148285 1.158755
v 2.957050 5.148285 1.158755
v 3.757730 4.393263 0.358075
v 3.757730 5.148285 0.358075
v 3.757730 5.148285 1.113096
v 3.757730 4.393263 1.113096
v 2.911390 5.148285 0.358075
v 2.911390 4.393263 0.358075
v 2.911390 4.393263 1.113096
v 2.911390 5.148285 1.113096
v 2.935483 4.371696 1.235585
v 2.957050 4.393263 1.214018
v 3.733638 4.371696 1.235585
v 3.712071 4.393263 1.214018
v 2.957050 5.148285 1.214018
v 2.935483 5.169852 1.235585
v 3.733638 5.169852 1.235585
v 3.712071 5.148285 1.214018
v 2.979831 4.358586 0.323049
v 3.747096 4.358586 1.090314
v 3.689289 4.358586 1.148121
v 2.922024 4.358586 0.380856
v 3.330398 4.358586 0.673615
v 3.396530 4.358586 0.739748
v 3.338723 4.358586 0.797555
v 3.272590 4.358586 0.731423
v 2.919665 4.358586 1.084348
v 2.985797 4.358586 1.150481
v 3.683323 4.358586 0.320690
v 3.749455 4.358586 0.386822
v 2.969724 4.281756 0.333157
v 2.979831 4.289241 0.323049
v 2.974777 4.282759 0.328103
v 2.978477 4.285499 0.324403
v 3.747096 4.289241 1.090314
v 3.736989 4.281756 1.100422
v 3.745742 4.285499 1.091668
v 3.742042 4.282759 1.095368
v 3.699397 4.281756 1.138014
v 3.689289 4.289241 1.148121
v 3.694343 4.282759 1.143068
v 3.690643 4.285499 1.146767
v 2.922024 4.289241 0.380856
v 2.932132 4.281756 0.370749
v 2.923378 4.285499 0.379502
v 2.927078 4.282759 0.375803
v 3.396530 4.289241 0.739748
v 3.378816 4.281756 0.742249
v 3.394157 4.285499 0.740083
v 3.387673 4.282759 0.740998
v 3.327896 4.281756 0.691329
v 3.330398 4.289241 0.673615
v 3.329147 4.282759 0.682472
v 3.330062 4.285499 0.675988
v 3.272590 4.289241 0.731423
v 3.290304 4.281756 0.728921
v 3.274963 4.285499 0.731087
v 3.281447 4.282759 0.730172
v 3.341224 4.281756 0.779841
v 3.338723 4.289241 0.797555
v 3.339973 4.282759 0.788698
v 3.339058 4.285499 0.795182
v 2.927271 4.281756 1.091954
v 2.919665 4.289241 1.084348
v 2.923468 4.282759 1.088151
v 2.920684 4.285499 1.085367
v 2.985797 4.289241 1.150481
v 2.978191 4.281756 1.142874
v 2.984778 4.285499 1.149462
v 2.981994 4.282759 1.146677
v 3.683323 4.289241 0.320690
v 3.690929 4.281756 0.328296
v 3.684342 4.285499 0.321709
v 3.687126 4.282759 0.324493
v 3.741849 4.281756 0.379216
v 3.749455 4.289241 0.386822
v 3.745652 4.282759 0.383019
v 3.748436 4.285499 0.385803
v 3.689289 5.176413 0.323049
v 2.922024 5.176413 1.090314
v 2.979831 5.176413 1.148121
v 3.747096 5.176413 0.380856
v 3.338723 5.176413 0.673615
v 3.272590 5.176413 0.739748
v 3.330398 5.176413 0.797555
v 3.396530 5.176413 0.731423
v 3.749455 5.176413 1.084348
v 3.683323 5.176413 1.150481
v 2.985797 5.176413 0.320690
v 2.919665 5.176413 0.386822
v 3.699397 5.253242 0.333157
v 3.689289 5.245758 0.323049
v 3.694343 5.252240 0.328103
v 3.690643 5.249500 0.324403
v 2.922024 5.245758 1.090314
v 2.932132 5.253243 1.100421
v 2.923378 5.249500 1.091668
v 2.927078 5.252240 1.095368
v 2.969724 5.253243 1.138014
v 2.979831 5.245758 1.148121
v 2.974778 5.252240 1.143068
v 2.978477 5.249500 1.146767
v 3.747096 5.245758 0.380856
v 3.736989 5.253242 0.370749
v 3.745742 5.249500 0.379502
v 3.742043 5.252240 0.375803
v 3.272590 5.245758 0.739748
v 3.290304 5.253242 0.742249
v 3.274964 5.249500 0.740083
v 3.281447 5.252240 0.740998
v 3.341224 5.253242 0.691329
v 3.338723 5.245758 0.673615
v 3.339973 5.252240 0.682472
v 3.339058 5.249500 0.675988
v 3.396530 5.245758 0.731423
v 3.378816 5.253242 0.728921
v 3.394157 5.249500 0.731087
v 3.387673 5.252240 0.730172
v 3.327896 5.253242 0.779841
v 3.330398 5.245758 0.797555
v 3.329147 5.252240 0.788698
v 3.330063 5.249500 0.795182
v 3.741849 5.253242 1.091954
v 3.749455 5.245758 1.084348
v 3.745652 5.252240 1.088151
v 3.748436 5.249500 1.085367
v 3.683323 5.245758 1.150481
v 3.690929 5.253242 1.142874
v 3.684342 5.249500 1.149462
v 3.687126 5.252240 1.146677
v 2.985797 5.245758 0.320690
v 2.978191 5.253242 0.328296
v 2.984778 5.249500 0.321709
v 2.981994 5.252240 0.324493
v 2.927271 5.253242 0.379216
v 2.919665 5.245758 0.386822
v 2.923468 5.252240 0.383019
v 2.920684 5.249500 0.385803
v 2.923203 5.125503 0.323049
v 2.923203 4.358238 1.090314
v 2.923203 4.416045 1.148121
v 2.923203 5.183310 0.380856
v 2.923203 4.774937 0.673615
v 2.923203 4.708804 0.739748
v 2.923203 4.766611 0.797555
v 2.923203 4.832744 0.731423
v 2.923203 5.185669 1.084348
v 2.923203 5.119537 1.150481
v 2.923203 4.422011 0.320690
v 2.923203 4.355878 0.386822
v 2.846374 5.135610 0.333157
v 2.853858 5.125503 0.323049
v 2.847376 5.130557 0.328103
v 2.850116 5.126857 0.324403
v 2.853858 4.358238 1.090314
v 2.846374 4.368346 1.100422
v 2.850116 4.359592 1.091668
v 2.847376 4.363292 1.095368
v 2.846374 4.405938 1.138014
v 2.853858 4.416045 1.148121
v 2.847376 4.410991 1.143068
v 2.850116 4.414691 1.146767
v 2.853858 5.183310 0.380856
v 2.846374 5.173203 0.370749
v 2.850116 5.181956 0.379502
v 2.847376 5.178256 0.375803
v 2.853858 4.708804 0.739748
v 2.846374 4.726518 0.742249
v 2.850116 4.711177 0.740083
v 2.847376 4.717661 0.740998
v 2.846374 4.777438 0.691329
v 2.853858 4.774937 0.673615
v 2.847376 4.776187 0.682472
v 2.850116 4.775272 0.675988
v 2.853858 4.832744 0.731423
v 2.846374 4.815030 0.728921
v 2.850116 4.830371 0.731087
v 2.847376 4.823887 0.730172
v 2.846374 4.764110 0.779841
v 2.853858 4.766611 0.797555
v 2.847376 4.765361 0.788698
v 2.850116 4.766276 0.795182
v 2.846374 5.178063 1.091954
v 2.853858 5.185669 1.084348
v 2.847376 5.181866 1.088151
v 2.850116 5.184650 1.085367
v 2.853858 5.119537 1.150481
v 2.846374 5.127143 1.142874
v 2.850116 5.120556 1.149461
v 2.847376 5.123340 1.146677
v 2.853858 4.422011 0.320690
v 2.846374 4.414405 0.328296
v 2.850116 4.420992 0.321709
v 2.847376 4.418208 0.324493
v 2.846374 4.363485 0.379216
v 2.853858 4.355878 0.386822
v 2.847376 4.359682 0.383019
v 2.850116 4.356898 0.385803
vn 1.0000 -0.0000 -0.0000
vn -0.0000 -0.7071 0.7071
vn -0.0000 0.7071 -0.7071
vn -0.0000 0.7071 0.7071
vn -0.0000 -0.7071 -0.7071
vn 0.9566 0.2779 0.0881
vn 0.9804 -0.1623 -0.1114
vn 0.9811 -0.1624 -0.1052
vn 0.8557 0.4998 -0.1338
vn 0.8557 0.4998 -0.1339
vn 0.9243 0.0740 -0.3745
vn 0.9247 0.0739 -0.3734
vn 0.4400 0.7910 -0.4251
vn 0.5001 0.4096 -0.7630
vn 0.4986 0.4098 -0.7638
vn 0.9811 0.1052 0.1624
vn 0.9804 0.1114 0.1623
vn 0.9566 -0.0881 -0.2779
vn 0.9247 0.3734 -0.0739
vn 0.9243 0.3745 -0.0740
vn 0.8557 0.1338 -0.4998
vn 0.8557 0.1338 -0.4999
vn 0.4986 0.7638 -0.4099
vn 0.5001 0.7629 -0.4096
vn 0.4400 0.4251 -0.7910
vn 0.4400 -0.4251 0.7910
vn 0.4986 -0.7638 0.4098
vn 0.5001 -0.7629 0.4097
vn 0.8557 -0.1338 0.4998
vn 0.8557 -0.1339 0.4998
vn 0.9247 -0.3734 0.0739
vn 0.9243 -0.3745 0.0741
vn 0.9566 0.0881 0.2779
vn 0.9811 -0.1052 -0.1624
vn 0.9804 -0.1114 -0.1623
vn 0.5001 -0.4096 0.7630
vn 0.4986 -0.4098 0.7638
vn 0.4400 -0.7910 0.4251
vn 0.9243 -0.0740 0.3745
vn 0.9247 -0.0739 0.3734
vn 0.8557 -0.4999 0.1338
vn 0.8557 -0.4998 0.1338
vn 0.9804 0.1623 0.1114
vn 0.9811 0.1625 0.1052
vn 0.9566 -0.2779 -0.0881
vn 0.9496 0.0578 -0.3082
vn 0.9842 -0.1192 0.1311
vn 0.9832 -0.1265 0.1314
vn 0.7929 -0.2071 -0.5731
vn 0.8853 -0.4390 -0.1534
vn 0.8812 -0.4472 -0.1537
vn 0.3471 -0.4544 -0.8204
vn 0.4138 -0.7951 -0.4433
vn 0.4099 -0.7970 -0.4436
vn 0.9832 -0.1314 0.1265
vn 0.9842 -0.1311 0.1192
vn 0.9496 0.3082 -0.0578
vn 0.8812 0.1537 0.4472
vn 0.8853 0.1535 0.4390
vn 0.7929 0.5731 0.2071
vn 0.4099 0.4437 0.7970
vn 0.4139 0.4433 0.7951
vn 0.3471 0.8204 0.4544
vn 0.9832 0.1314 -0.1265
vn 0.9842 0.1311 -0.1192
vn 0.9496 -0.3082 0.0578
vn 0.8811 -0.1536 -0.4472
vn 0.8853 -0.1534 -0.4390
vn 0.7929 -0.5731 -0.2071
vn 0.4099 -0.4436 -0.7970
vn 0.4139 -0.4433 -0.7951
vn 0.3471 -0.8204 -0.4544
vn 0.4139 0.7951 0.4433
vn 0.4099 0.7970 0.4436
vn 0.3471 0.4544 0.8204
vn 0.8853 0.4390 0.1534
vn 0.8812 0.4472 0.1536
vn 0.7929 0.2071 0.5731
vn 0.9842 0.1192 -0.1311
vn 0.9832 0.1265 -0.1314
vn 0.9496 -0.0578 0.3082
vn -1.0000 -0.0000 -0.0000
vn -0.8661 -0.0000 -0.4998
vn -0.7744 -0.4474 -0.4474
vn -0.8661 -0.4998 -0.0000
vn -0.4998 -0.0000 -0.8661
vn -0.4473 -0.4473 -0.7744
vn -0.0000 -0.0000 -1.0000
vn -0.0000 -0.4998 -0.8661
vn -0.0000 -0.8661 -0.4998
vn -0.4473 -0.7744 -0.4473
vn -0.0000 -1.0000 -0.0000
vn -0.4998 -0.8661 -0.0000
vn 0.4473 -0.7744 -0.4473
vn 0.4998 -0.8661 -0.0000
vn 0.4473 -0.4473 -0.7744
vn 0.4998 -0.0000 -0.8661
vn 0.8661 -0.0000 -0.4998
vn 0.7744 -0.4473 -0.4473
vn 0.8661 -0.4998 -0.0000
vn -0.8661 0.4998 -0.0000
vn -0.7744 0.4474 -0.4474
vn -0.4998 0.8661 -0.0000
vn -0.4473 0.7744 -0.4473
vn -0.0000 1.0000 -0.0000
vn -0.0000 0.8661 -0.4998
vn -0.0000 0.4998 -0.8661
vn -0.4473 0.4473 -0.7744
vn 0.7744 0.4473 -0.4473
vn 0.8661 0.4998 -0.0000
vn 0.4473 0.4473 -0.7744
vn 0.4473 0.7744 -0.4473
vn 0.4998 0.8661 -0.0000
vn -0.7744 -0.4473 0.4474
vn -0.8661 -0.0000 0.4998
vn -0.4473 -0.7744 0.4474
vn -0.0000 -0.8661 0.4998
vn -0.0000 -0.4998 0.8661
vn -0.4473 -0.4473 0.7744
vn -0.0000 -0.0000 1.0000
vn -0.4998 -0.0000 0.8661
vn 0.0001 -1.0000 -0.0000
vn 0.4473 -0.7744 0.4474
vn 0.7744 -0.4473 0.4474
vn 0.8661 -0.0000 0.4998
vn 0.4998 -0.0000 0.8661
vn 0.4473 -0.4473 0.7744
vn -0.7744 0.4473 0.4473
vn -0.4473 0.4473 0.7744
vn -0.0000 0.4998 0.8661
vn -0.0000 0.8661 0.4998
vn -0.4473 0.7744 0.4473
vn -0.0001 1.0000 -0.0000
vn 0.7744 0.4473 0.4474
vn 0.4473 0.7744 0.4474
vn 0.4473 0.4473 0.7744
vn 0.7071 -0.0000 0.7071
vn -0.7071 -0.0000 0.7071
vn 0.7071 -0.0000 -0.7071
vn -0.7071 -0.0000 -0.7071
vn 0.2779 -0.9566 0.0881
vn -0.1623 -0.9804 -0.1114
vn -0.1624 -0.9811 -0.1052
vn 0.4998 -0.8557 -0.1338
vn 0.4998 -0.8557 -0.1339
vn 0.0741 -0.9243 -0.3745
vn 0.0739 -0.9247 -0.3734
vn 0.7910 -0.4400 -0.4251
vn 0.4096 -0.5001 -0.7629
vn 0.4098 -0.4986 -0.7638
vn 0.1052 -0.9811 0.1624
vn 0.1114 -0.9804 0.1623
vn -0.0881 -0.9566 -0.2779
vn 0.3734 -0.9247 -0.0739
vn 0.3745 -0.9243 -0.0741
vn 0.1338 -0.8557 -0.4998
vn 0.1339 -0.8557 -0.4998
vn 0.7638 -0.4986 -0.4098
vn 0.7629 -0.5001 -0.4097
vn 0.4251 -0.4400 -0.7910
vn -0.4251 -0.4400 0.7910
vn -0.7638 -0.4986 0.4098
vn -0.7630 -0.5001 0.4096
vn -0.1338 -0.8557 0.4998
vn -0.1339 -0.8557 0.4998
vn -0.3734 -0.9247 0.0739
vn -0.3745 -0.9243 0.0741
vn 0.0881 -0.9566 0.2779
vn -0.1052 -0.9811 -0.1624
vn -0.1114 -0.9804 -0.1623
vn -0.4096 -0.5001 0.7630
vn -0.4098 -0.4986 0.7638
vn -0.7910 -0.4400 0.4251
vn -0.0741 -0.9243 0.3745
vn -0.0739 -0.9247 0.3734
vn -0.4998 -0.8557 0.1338
vn -0.4998 -0.8557 0.1339
vn 0.1623 -0.9804 0.1114
vn 0.1624 -0.9811 0.1052
vn -0.2779 -0.9566 -0.0881
vn 0.0578 -0.9496 -0.3082
vn -0.1192 -0.9842 0.1311
vn -0.1265 -0.9832 0.1314
vn -0.2071 -0.7929 -0.5731
vn -0.4390 -0.8853 -0.1534
vn -0.4472 -0.8812 -0.1536
vn -0.4544 -0.3471 -0.8204
vn -0.7951 -0.4139 -0.4433
vn -0.7970 -0.4099 -0.4436
vn -0.1314 -0.9832 0.1265
vn -0.1311 -0.9842 0.1192
vn 0.3082 -0.9496 -0.0578
vn 0.1536 -0.8812 0.4472
vn 0.1534 -0.8853 0.4390
vn 0.5731 -0.7929 0.2071
vn 0.4436 -0.4099 0.7970
vn 0.4433 -0.4139 0.7951
vn 0.8204 -0.3471 0.4544
vn 0.1314 -0.9832 -0.1265
vn 0.1312 -0.9842 -0.1192
vn -0.3082 -0.9496 0.0578
vn -0.1536 -0.8811 -0.4472
vn -0.1534 -0.8853 -0.4390
vn -0.5731 -0.7929 -0.2071
vn -0.4437 -0.4099 -0.7970
vn -0.4433 -0.4139 -0.7951
vn -0.8204 -0.3471 -0.4544
vn 0.7951 -0.4139 0.4433
vn 0.7970 -0.4099 0.4436
vn 0.4544 -0.3471 0.8204
vn 0.4390 -0.8853 0.1534
vn 0.4472 -0.8812 0.1536
vn 0.2071 -0.7929 0.5731
vn 0.1192 -0.9842 -0.1311
vn 0.1265 -0.9832 -0.1314
vn -0.0578 -0.9496 0.3082
vn -0.2779 0.9566 0.0881
vn 0.1623 0.9804 -0.1114
vn 0.1624 0.9811 -0.1052
vn -0.4998 0.8557 -0.1339
vn -0.0740 0.9243 -0.3745
vn -0.0739 0.9247 -0.3734
vn -0.7910 0.4400 -0.4251
vn -0.4097 0.5001 -0.7629
vn -0.4098 0.4986 -0.7638
vn -0.1052 0.9811 0.1624
vn -0.1114 0.9804 0.1623
vn 0.0881 0.9566 -0.2779
vn -0.3734 0.9247 -0.0740
vn -0.3745 0.9243 -0.0740
vn -0.1338 0.8557 -0.4998
vn -0.1339 0.8557 -0.4998
vn -0.7638 0.4986 -0.4098
vn -0.7629 0.5001 -0.4097
vn -0.4251 0.4400 -0.7910
vn 0.4251 0.4400 0.7910
vn 0.7638 0.4986 0.4098
vn 0.7630 0.5001 0.4096
vn 0.1338 0.8557 0.4998
vn 0.1339 0.8557 0.4998
vn 0.3734 0.9247 0.0740
vn 0.3745 0.9243 0.0740
vn -0.0881 0.9566 0.2779
vn 0.1052 0.9811 -0.1624
vn 0.1114 0.9804 -0.1623
vn 0.4096 0.5001 0.7630
vn 0.4098 0.4986 0.7638
vn 0.7910 0.4400 0.4251
vn 0.0740 0.9243 0.3745
vn 0.0739 0.9247 0.3734
vn 0.4999 0.8557 0.1338
vn -0.1623 0.9804 0.1114
vn -0.1624 0.9811 0.1052
vn 0.2779 0.9566 -0.0881
vn -0.0578 0.9496 -0.3082
vn 0.1193 0.9842 0.1311
vn 0.1265 0.9832 0.1314
vn 0.2071 0.7929 -0.5731
vn 0.4390 0.8853 -0.1535
vn 0.4472 0.8812 -0.1537
vn 0.4544 0.3471 -0.8204
vn 0.7951 0.4139 -0.4433
vn 0.7970 0.4099 -0.4436
vn 0.1314 0.9832 0.1265
vn 0.1311 0.9842 0.1192
vn -0.3082 0.9496 -0.0578
vn -0.1537 0.8812 0.4472
vn -0.1535 0.8853 0.4390
vn -0.5731 0.7929 0.2071
vn -0.4437 0.4099 0.7970
vn -0.4434 0.4138 0.7951
vn -0.8204 0.3471 0.4544
vn -0.1314 0.9832 -0.1265
vn -0.1311 0.9842 -0.1192
vn 0.3082 0.9496 0.0578
vn 0.1536 0.8812 -0.4472
vn 0.1535 0.8853 -0.4390
vn 0.5731 0.7929 -0.2071
vn 0.4436 0.4099 -0.7970
vn 0.4433 0.4139 -0.7951
vn 0.8204 0.3471 -0.4544
vn -0.7951 0.4138 0.4433
vn -0.7970 0.4099 0.4436
vn -0.4544 0.3471 0.8204
vn -0.4390 0.8853 0.1535
vn -0.4472 0.8812 0.1537
vn -0.2071 0.7929 0.5731
vn -0.1193 0.9842 -0.1311
vn -0.1265 0.9832 -0.1314
vn 0.0578 0.9496 0.3082
vn -0.9566 -0.2779 0.0881
vn -0.9804 0.1622 -0.1114
vn -0.9811 0.1625 -0.1052
vn -0.8557 -0.4999 -0.1338
vn -0.9243 -0.0740 -0.3745
vn -0.9247 -0.0740 -0.3734
vn -0.4400 -0.7910 -0.4251
vn -0.5001 -0.4097 -0.7629
vn -0.4986 -0.4098 -0.7638
vn -0.9811 -0.1052 0.1625
vn -0.9804 -0.1114 0.1622
vn -0.9566 0.0881 -0.2779
vn -0.9247 -0.3734 -0.0740
vn -0.9243 -0.3745 -0.0740
vn -0.8557 -0.1338 -0.4998
vn -0.8557 -0.1339 -0.4998
vn -0.4986 -0.7638 -0.4098
vn -0.5001 -0.7629 -0.4097
vn -0.4400 -0.4251 -0.7910
vn -0.4400 0.4251 0.7910
vn -0.4986 0.7638 0.4098
vn -0.5001 0.7629 0.4097
vn -0.8557 0.1338 0.4998
vn -0.8557 0.1339 0.4998
vn -0.9247 0.3734 0.0740
vn -0.9243 0.3745 0.0740
vn -0.9566 -0.0881 0.2779
vn -0.9811 0.1052 -0.1625
vn -0.9804 0.1114 -0.1622
vn -0.5001 0.4097 0.7629
vn -0.4986 0.4098 0.7638
vn -0.4400 0.7910 0.4251
vn -0.9243 0.0740 0.3745
vn -0.9247 0.0740 0.3734
vn -0.8557 0.4999 0.1338
vn -0.9804 -0.1622 0.1114
vn -0.9811 -0.1625 0.1052
vn -0.9566 0.2779 -0.0881
vn -0.9496 -0.0578 -0.3082
vn -0.9496 -0.0578 -0.3081
vn -0.9842 0.1192 0.1312
vn -0.9832 0.1265 0.1314
vn -0.7929 0.2071 -0.5731
vn -0.8853 0.4390 -0.1535
vn -0.8812 0.4472 -0.1536
vn -0.3471 0.4544 -0.8204
vn -0.4138 0.7951 -0.4433
vn -0.4099 0.7970 -0.4436
vn -0.9832 0.1314 0.1265
vn -0.9842 0.1312 0.1192
vn -0.9496 -0.3082 -0.0578
vn -0.9496 -0.3081 -0.0578
vn -0.8812 -0.1536 0.4472
vn -0.8853 -0.1535 0.4390
vn -0.7929 -0.5731 0.2071
vn -0.4099 -0.4436 0.7970
vn -0.4139 -0.4433 0.7951
vn -0.3471 -0.8204 0.4544
vn -0.9832 -0.1314 -0.1265
vn -0.9842 -0.1312 -0.1192
vn -0.9496 0.3082 0.0578
vn -0.9496 0.3081 0.0578
vn -0.8812 0.1536 -0.4472
vn -0.8853 0.1535 -0.4390
vn -0.7929 0.5731 -0.2071
vn -0.7929 0.5731 -0.2072
vn -0.4099 0.4436 -0.7970
vn -0.4139 0.4433 -0.7951
vn -0.3471 0.8204 -0.4544
vn -0.4139 -0.7951 0.4433
vn -0.4099 -0.7970 0.4436
vn -0.3471 -0.4544 0.8204
vn -0.8853 -0.4390 0.1535
vn -0.8812 -0.4472 0.1536
vn -0.7929 -0.2071 0.5731
vn -0.7929 -0.2072 0.5731
vn -0.9842 -0.1192 -0.1312
vn -0.9832 -0.1265 -0.1314
vn -0.9496 0.0578 0.3082
vn -0.9496 0.0578 0.3081
vt 0.846577 0.822206
vt 0.756189 0.911385
vt 0.765549 0.920872
vt 0.855937 0.831693
vt 0.362941 0.314024
vt 0.362941 0.438303
vt 0.380324 0.438303
vt 0.380324 0.314024
vt 0.868787 0.819015
vt 0.859428 0.809528
vt 0.365818 0.061986
vt 0.365819 0.186269
vt 0.383202 0.186269
vt 0.383201 0.061986
vt 0.168576 0.430799
vt 0.185959 0.430799
vt 0.185959 0.306519
vt 0.168576 0.306519
vt 0.197030 0.190016
vt 0.214413 0.190016
vt 0.214413 0.064904
vt 0.197030 0.064904
vt 0.949816 0.720349
vt 0.959176 0.729836
vt 0.402053 0.314910
vt 0.384670 0.314910
vt 0.384668 0.440029
vt 0.402051 0.440029
vt 0.232227 0.307406
vt 0.214844 0.307406
vt 0.214844 0.432526
vt 0.232227 0.432526
vt 0.946326 0.923308
vt 0.959176 0.910630
vt 0.203061 0.805517
vt 0.185678 0.805517
vt 0.185677 0.930635
vt 0.203060 0.930635
vt 0.769038 0.717912
vt 0.756188 0.730591
vt 0.146525 0.065542
vt 0.144715 0.065542
vt 0.144716 0.191167
vt 0.146525 0.192516
vt 0.143235 0.065542
vt 0.143235 0.190180
vt 0.142180 0.065542
vt 0.142181 0.189819
vt 0.190302 0.303823
vt 0.188494 0.305171
vt 0.188493 0.430799
vt 0.190302 0.430799
vt 0.187014 0.306158
vt 0.187013 0.430799
vt 0.381376 0.438303
vt 0.381378 0.313663
vt 0.382857 0.438303
vt 0.382859 0.312676
vt 0.384668 0.438303
vt 0.384668 0.311328
vt 0.384255 0.186630
vt 0.384256 0.061986
vt 0.385736 0.187617
vt 0.385736 0.061986
vt 0.387544 0.188965
vt 0.387544 0.061986
vt 0.211266 0.432526
vt 0.212637 0.432526
vt 0.212637 0.305615
vt 0.211265 0.303823
vt 0.213839 0.432526
vt 0.213839 0.306926
vt 0.405631 0.311328
vt 0.404259 0.313120
vt 0.404259 0.440029
vt 0.405631 0.440029
vt 0.403057 0.314431
vt 0.403057 0.440029
vt 0.206640 0.801935
vt 0.205269 0.803726
vt 0.205268 0.930635
vt 0.206640 0.930635
vt 0.204067 0.805037
vt 0.204066 0.930635
vt 0.215418 0.190496
vt 0.215418 0.064904
vt 0.216622 0.191808
vt 0.216622 0.064904
vt 0.217993 0.193600
vt 0.217993 0.064904
vt 0.124798 0.189819
vt 0.124797 0.065542
vt 0.037991 0.257594
vt 0.033868 0.257402
vt 0.034077 0.253190
vt 0.038043 0.253587
vt 0.520746 0.509184
vt 0.520429 0.505058
vt 0.524270 0.505051
vt 0.524884 0.507999
vt 0.520310 0.501078
vt 0.524286 0.501191
vt 0.528402 0.501506
vt 0.527195 0.505714
vt 0.038002 0.245570
vt 0.038056 0.249573
vt 0.034094 0.249986
vt 0.033879 0.245766
vt 0.038010 0.010578
vt 0.033942 0.010506
vt 0.033970 0.006536
vt 0.037940 0.006510
vt 0.528402 0.265541
vt 0.524279 0.265855
vt 0.524275 0.262015
vt 0.527222 0.261405
vt 0.520304 0.265971
vt 0.520417 0.261997
vt 0.520734 0.257882
vt 0.524940 0.259092
vt 0.038027 0.986672
vt 0.038024 0.990690
vt 0.034100 0.990920
vt 0.033938 0.986822
vt 0.037880 0.994781
vt 0.033915 0.993906
vt 0.037980 0.492609
vt 0.038036 0.496616
vt 0.034071 0.497032
vt 0.033854 0.492807
vt 0.038025 0.500634
vt 0.034055 0.500239
vt 0.037975 0.504645
vt 0.033850 0.504453
vt 0.277104 0.501504
vt 0.281227 0.501191
vt 0.281231 0.505030
vt 0.278284 0.505640
vt 0.285202 0.501074
vt 0.285089 0.505048
vt 0.284772 0.509163
vt 0.280566 0.507953
vt 0.037995 0.751693
vt 0.033871 0.751502
vt 0.034074 0.747289
vt 0.038043 0.747682
vt 0.284760 0.257861
vt 0.285078 0.261987
vt 0.281236 0.261995
vt 0.280623 0.259046
vt 0.285197 0.265967
vt 0.281220 0.265854
vt 0.277104 0.265539
vt 0.278311 0.261331
vt 0.037994 0.739657
vt 0.038052 0.743663
vt 0.034087 0.744081
vt 0.033868 0.739857
vt 0.272980 0.257611
vt 0.272923 0.253608
vt 0.276886 0.253191
vt 0.277104 0.257412
vt 0.272934 0.249593
vt 0.276900 0.249987
vt 0.272983 0.245586
vt 0.277104 0.245777
vt 0.520780 0.257841
vt 0.520466 0.253718
vt 0.524306 0.253713
vt 0.524917 0.256661
vt 0.520350 0.249742
vt 0.524324 0.249855
vt 0.528440 0.250171
vt 0.527230 0.254378
vt 0.273007 0.010594
vt 0.273078 0.006526
vt 0.277048 0.006553
vt 0.277075 0.010523
vt 0.273146 0.994751
vt 0.273011 0.990661
vt 0.276939 0.990873
vt 0.277104 0.993893
vt 0.273003 0.986639
vt 0.277090 0.986783
vt 0.277104 0.250206
vt 0.281231 0.249887
vt 0.281239 0.253730
vt 0.278290 0.254343
vt 0.285211 0.249768
vt 0.285099 0.253745
vt 0.284784 0.257861
vt 0.280576 0.256655
vt 0.272973 0.492612
vt 0.277095 0.492804
vt 0.276889 0.497014
vt 0.272922 0.496619
vt 0.528440 0.014166
vt 0.524313 0.014484
vt 0.524305 0.010642
vt 0.527254 0.010028
vt 0.520333 0.014603
vt 0.520445 0.010627
vt 0.520760 0.006510
vt 0.524968 0.007717
vt 0.272966 0.504637
vt 0.272911 0.500634
vt 0.276873 0.500218
vt 0.277090 0.504439
vt 0.272968 0.751660
vt 0.272914 0.747656
vt 0.276876 0.747242
vt 0.277091 0.751462
vt 0.272927 0.743642
vt 0.276893 0.744038
vt 0.272978 0.739635
vt 0.277101 0.739827
vt 0.284764 0.006531
vt 0.285078 0.010654
vt 0.281238 0.010659
vt 0.280627 0.007711
vt 0.285195 0.014630
vt 0.281220 0.014517
vt 0.277104 0.014200
vt 0.278314 0.009994
vt 0.308055 0.478222
vt 0.497455 0.478223
vt 0.060831 0.280443
vt 0.060822 0.469762
vt 0.497452 0.288823
vt 0.060853 0.033422
vt 0.060843 0.222729
vt 0.308052 0.288822
vt 0.060838 0.774531
vt 0.060864 0.963827
vt 0.060818 0.527491
vt 0.060832 0.716808
vt 0.250132 0.469767
vt 0.250139 0.280453
vt 0.739168 0.265507
vt 0.739168 0.279360
vt 0.549901 0.279360
vt 0.549901 0.265507
vt 0.250145 0.222742
vt 0.250161 0.033435
vt 0.753021 0.468627
vt 0.739168 0.468627
vt 0.753021 0.279360
vt 0.250159 0.963800
vt 0.250131 0.774504
vt 0.549901 0.482480
vt 0.549901 0.468627
vt 0.739168 0.482480
vt 0.250137 0.716793
vt 0.250126 0.527481
vt 0.964715 0.698653
vt 0.775448 0.698653
vt 0.775448 0.509386
vt 0.964715 0.509386
vt 0.775448 0.717912
vt 0.964715 0.717912
vt 0.756188 0.509386
vt 0.756188 0.698653
vt 0.964715 0.490126
vt 0.775448 0.490126
vt 0.983974 0.698653
vt 0.983974 0.509386
vt 0.736929 0.509386
vt 0.736929 0.698653
vt 0.547661 0.698653
vt 0.547661 0.509386
vt 0.528402 0.509386
vt 0.528402 0.698653
vt 0.736929 0.490126
vt 0.547661 0.490126
vt 0.485631 0.717711
vt 0.296364 0.717711
vt 0.296364 0.528443
vt 0.485631 0.528443
vt 0.296364 0.736970
vt 0.485631 0.736970
vt 0.277104 0.528443
vt 0.277104 0.717711
vt 0.485631 0.509184
vt 0.296364 0.509184
vt 0.504890 0.717711
vt 0.504890 0.528443
vt 0.302656 0.232320
vt 0.502904 0.232299
vt 0.302640 0.032073
vt 0.502888 0.032052
vt 0.736929 0.926439
vt 0.547661 0.926439
vt 0.547661 0.737172
vt 0.736929 0.737172
vt 0.547661 0.945698
vt 0.736929 0.945698
vt 0.528402 0.737172
vt 0.528402 0.926439
vt 0.736929 0.717912
vt 0.547661 0.717912
vt 0.756188 0.926439
vt 0.756188 0.737172
vt 0.547699 0.025770
vt 0.736966 0.025770
vt 0.736966 0.215037
vt 0.547699 0.215037
vt 0.736966 0.006510
vt 0.547699 0.006510
vt 0.756226 0.215037
vt 0.756226 0.025770
vt 0.547699 0.234296
vt 0.736966 0.234296
vt 0.528440 0.025770
vt 0.528440 0.215037
vt 0.536048 0.279360
vt 0.536048 0.468627
vt 0.528402 0.474033
vt 0.528402 0.273954
vt 0.544495 0.257861
vt 0.744574 0.257861
vt 0.760667 0.273954
vt 0.760667 0.474034
vt 0.744574 0.490126
vt 0.544494 0.490126
vt 0.380343 0.850750
vt 0.470732 0.939929
vt 0.480092 0.930442
vt 0.389703 0.841263
vt 0.109704 0.429126
vt 0.109705 0.304848
vt 0.092322 0.304848
vt 0.092321 0.429125
vt 0.376853 0.828585
vt 0.367493 0.838072
vt 0.168576 0.430797
vt 0.168576 0.306521
vt 0.151193 0.306521
vt 0.151193 0.430797
vt 0.177879 0.800371
vt 0.160495 0.800371
vt 0.160495 0.924653
vt 0.177879 0.924653
vt 0.205348 0.555978
vt 0.187965 0.555978
vt 0.187965 0.681093
vt 0.205348 0.681093
vt 0.277105 0.748893
vt 0.286465 0.739406
vt 0.222732 0.557702
vt 0.205349 0.557702
vt 0.205348 0.682819
vt 0.222731 0.682819
vt 0.218562 0.929627
vt 0.235946 0.929628
vt 0.235947 0.804509
vt 0.218563 0.804509
vt 0.480092 0.749648
vt 0.467242 0.736970
vt 0.207687 0.307406
vt 0.190304 0.307406
vt 0.190302 0.432524
vt 0.207686 0.432524
vt 0.277104 0.929687
vt 0.289954 0.942365
vt 0.142012 0.304613
vt 0.140201 0.304613
vt 0.140203 0.430236
vt 0.142013 0.431586
vt 0.138720 0.304613
vt 0.138722 0.429249
vt 0.137667 0.304613
vt 0.137667 0.428888
vt 0.156153 0.927349
vt 0.157962 0.926001
vt 0.157961 0.800371
vt 0.156151 0.800371
vt 0.159441 0.925014
vt 0.159441 0.800371
vt 0.091268 0.304848
vt 0.091267 0.429487
vt 0.089787 0.304848
vt 0.089786 0.430474
vt 0.087977 0.304848
vt 0.087977 0.431822
vt 0.150139 0.306159
vt 0.150138 0.430797
vt 0.148658 0.305172
vt 0.148659 0.430797
vt 0.146848 0.303823
vt 0.146848 0.430797
vt 0.239525 0.804509
vt 0.238155 0.804509
vt 0.238153 0.931419
vt 0.239525 0.933211
vt 0.236953 0.804509
vt 0.236951 0.930108
vt 0.226311 0.554119
vt 0.224939 0.555911
vt 0.224939 0.682819
vt 0.226311 0.682819
vt 0.223737 0.557222
vt 0.223737 0.682819
vt 0.209893 0.305615
vt 0.209894 0.432524
vt 0.211265 0.432524
vt 0.208691 0.306927
vt 0.208691 0.432524
vt 0.186959 0.555498
vt 0.186959 0.681093
vt 0.185757 0.554186
vt 0.185757 0.681093
vt 0.184385 0.552394
vt 0.184386 0.681093
vt 0.120285 0.428888
vt 0.120285 0.304613
vt 0.859465 0.120290
vt 0.949854 0.209469
vt 0.959214 0.199983
vt 0.868825 0.110804
vt 0.114808 0.188521
vt 0.114808 0.064240
vt 0.097425 0.064240
vt 0.097425 0.188521
vt 0.855975 0.098125
vt 0.846615 0.107612
vt 0.122436 0.923611
vt 0.122436 0.799340
vt 0.105054 0.799340
vt 0.105054 0.923611
vt 0.387544 0.188963
vt 0.404928 0.188963
vt 0.404928 0.064683
vt 0.387545 0.064683
vt 0.405631 0.436444
vt 0.423014 0.436444
vt 0.423014 0.311328
vt 0.756226 0.018433
vt 0.765586 0.008947
vt 0.235377 0.068487
vt 0.217993 0.068487
vt 0.217993 0.193604
vt 0.235376 0.193604
vt 0.409271 0.187106
vt 0.426655 0.187106
vt 0.426656 0.061986
vt 0.409272 0.061986
vt 0.959214 0.019188
vt 0.946364 0.006510
vt 0.443977 0.314911
vt 0.426593 0.314911
vt 0.426593 0.440027
vt 0.443977 0.440027
vt 0.756226 0.199227
vt 0.769076 0.211906
vt 0.328767 0.438802
vt 0.330577 0.438802
vt 0.330575 0.313178
vt 0.328765 0.311829
vt 0.332058 0.438802
vt 0.332056 0.314165
vt 0.333111 0.438802
vt 0.333111 0.314527
vt 0.409271 0.061986
vt 0.407462 0.063335
vt 0.407462 0.188963
vt 0.409271 0.188963
vt 0.405981 0.064322
vt 0.405982 0.188963
vt 0.096372 0.064240
vt 0.096371 0.188883
vt 0.094891 0.064240
vt 0.094891 0.189870
vt 0.093082 0.064240
vt 0.093081 0.191218
vt 0.103999 0.798978
vt 0.103999 0.923611
vt 0.102518 0.797991
vt 0.102519 0.923611
vt 0.100708 0.796641
vt 0.100708 0.923612
vt 0.430234 0.061987
vt 0.428862 0.061987
vt 0.428863 0.188898
vt 0.430234 0.190688
vt 0.427661 0.061987
vt 0.427661 0.187586
vt 0.238956 0.064904
vt 0.237584 0.066696
vt 0.237584 0.193604
vt 0.238956 0.193604
vt 0.236382 0.068007
vt 0.236382 0.193604
vt 0.447556 0.311328
vt 0.446184 0.313120
vt 0.446184 0.440027
vt 0.447556 0.440027
vt 0.444982 0.314431
vt 0.444982 0.440027
vt 0.424019 0.436924
vt 0.424020 0.311328
vt 0.425222 0.438236
vt 0.425222 0.311328
vt 0.426593 0.440028
vt 0.426593 0.311328
vt 0.350493 0.314527
vt 0.350493 0.438802
vt 0.860416 0.349476
vt 0.770027 0.260297
vt 0.760667 0.269784
vt 0.851056 0.358963
vt 0.161894 0.555088
vt 0.161893 0.679367
vt 0.179276 0.679367
vt 0.179277 0.555088
vt 0.863906 0.371641
vt 0.873266 0.362154
vt 0.151842 0.066854
vt 0.151842 0.191136
vt 0.169225 0.191136
vt 0.169225 0.066854
vt 0.149182 0.798790
vt 0.131799 0.798790
vt 0.131799 0.923069
vt 0.149182 0.923069
vt 0.091395 0.795991
vt 0.074012 0.795991
vt 0.074012 0.921102
vt 0.091394 0.921102
vt 0.963655 0.451334
vt 0.954295 0.460820
vt 0.193452 0.068486
vt 0.176069 0.068486
vt 0.176067 0.193605
vt 0.193451 0.193606
vt 0.116351 0.679035
vt 0.133735 0.679035
vt 0.133735 0.553914
vt 0.116351 0.553914
vt 0.760667 0.450578
vt 0.773517 0.463256
vt 0.447618 0.065568
vt 0.430234 0.065568
vt 0.430234 0.190686
vt 0.447617 0.190686
vt 0.963655 0.270539
vt 0.950805 0.257861
vt 0.116351 0.555644
vt 0.114542 0.555644
vt 0.114542 0.681269
vt 0.116351 0.682617
vt 0.113061 0.555644
vt 0.113062 0.680282
vt 0.112007 0.555644
vt 0.112007 0.679920
vt 0.127455 0.925766
vt 0.129264 0.924417
vt 0.129265 0.798790
vt 0.127456 0.798790
vt 0.130745 0.923431
vt 0.130745 0.798790
vt 0.180329 0.679367
vt 0.180331 0.554727
vt 0.181810 0.679367
vt 0.181812 0.553740
vt 0.183621 0.679367
vt 0.183621 0.552392
vt 0.170278 0.191497
vt 0.170280 0.066854
vt 0.171759 0.192484
vt 0.171759 0.066854
vt 0.173568 0.193832
vt 0.173568 0.066854
vt 0.137313 0.553914
vt 0.135941 0.553914
vt 0.135941 0.680825
vt 0.137313 0.682617
vt 0.134740 0.553914
vt 0.134740 0.679515
vt 0.195658 0.066696
vt 0.195658 0.193606
vt 0.197030 0.193606
vt 0.194456 0.068007
vt 0.194456 0.193606
vt 0.451196 0.061986
vt 0.449825 0.063777
vt 0.449825 0.190686
vt 0.451196 0.190686
vt 0.448623 0.065088
vt 0.448622 0.190686
vt 0.073006 0.795511
vt 0.073006 0.921102
vt 0.071803 0.794198
vt 0.071803 0.921102
vt 0.070431 0.792406
vt 0.070431 0.921102
vt 0.094624 0.679920
vt 0.094624 0.555644
s 1
usemtl Material.007
f 3447/4672/2222 3435/4673/2222 3438/4674/2222 3458/4675/2222
f 3425/4676/2223 3421/4677/2223 3442/4678/2223 3454/4679/2223
f 3458/4675/2222 3455/4680/2222 3450/4681/2222 3447/4672/2222
f 3420/4682/2223 3424/4683/2223 3459/4684/2223 3439/4685/2223
f 3419/4686/2224 3434/4687/2224 3446/4688/2224 3423/4689/2224
f 3423/4690/2225 3446/4691/2225 3475/4692/2225 3429/4693/2225
f 3430/4694/2222 3450/4681/2222 3455/4680/2222 3443/4695/2222
f 3459/4696/2225 3424/4697/2225 3427/4698/2225 3466/4699/2225
f 3425/4700/2226 3454/4701/2226 3463/4702/2226 3426/4703/2226
f 3455/4680/2222 3458/4675/2222 3467/4704/2222 3462/4705/2222
f 3451/4706/2226 3422/4707/2226 3428/4708/2226 3470/4709/2226
f 3447/4672/2222 3450/4681/2222 3471/4710/2222 3474/4711/2222
f 3430/4712/2227 3432/4713/2227 3452/4714/2228 3450/4715/2229
f 3432/4713/2230 3433/4716/2231 3453/4717/2232 3452/4714/2233
f 3433/4716/2234 3431/4718/2234 3451/4719/2235 3453/4717/2236
f 3447/4720/2237 3449/4721/2238 3437/4722/2239 3435/4723/2239
f 3449/4721/2240 3448/4724/2241 3436/4725/2242 3437/4722/2243
f 3448/4724/2244 3446/4688/2245 3434/4687/2246 3436/4725/2246
f 3442/4678/2247 3444/4726/2247 3456/4727/2248 3454/4679/2249
f 3444/4726/2250 3445/4728/2251 3457/4729/2252 3456/4727/2253
f 3445/4728/2254 3443/4730/2254 3455/4731/2255 3457/4729/2256
f 3459/4684/2257 3461/4732/2258 3441/4733/2259 3439/4685/2259
f 3461/4732/2260 3460/4734/2261 3440/4735/2262 3441/4733/2263
f 3460/4734/2264 3458/4736/2265 3438/4737/2266 3440/4735/2266
f 3462/4738/2267 3464/4739/2267 3457/4740/2268 3455/4741/2269
f 3464/4739/2270 3465/4742/2270 3456/4743/2271 3457/4740/2272
f 3465/4742/2273 3463/4702/2273 3454/4701/2274 3456/4743/2275
f 3458/4744/2276 3460/4745/2277 3469/4746/2278 3467/4747/2278
f 3460/4745/2279 3461/4748/2280 3468/4749/2281 3469/4746/2281
f 3461/4748/2282 3459/4696/2283 3466/4699/2284 3468/4749/2284
f 3450/4750/2285 3452/4751/2286 3473/4752/2287 3471/4753/2287
f 3452/4751/2288 3453/4754/2289 3472/4755/2290 3473/4752/2290
f 3453/4754/2291 3451/4706/2292 3470/4709/2293 3472/4755/2293
f 3446/4691/2294 3448/4756/2295 3477/4757/2296 3475/4692/2296
f 3448/4756/2297 3449/4758/2298 3476/4759/2299 3477/4757/2299
f 3449/4758/2300 3447/4760/2301 3474/4761/2302 3476/4759/2302
f 3422/4762/2224 3451/4719/2224 3431/4718/2224 3418/4763/2224
f 3572/4764/2303 3481/4765/2304 3483/4766/2305 3482/4767/2306
f 3481/4768/2304 3485/4769/2307 3486/4770/2308 3483/4771/2305
f 3571/4772/2309 3484/4773/2310 3486/4770/2308 3485/4769/2307
f 3484/4773/2310 3488/4774/2311 3489/4775/2312 3486/4770/2308
f 3576/4776/2313 3487/4777/2314 3489/4778/2312 3488/4779/2311
f 3487/4777/2314 3482/4767/2306 3483/4766/2305 3489/4778/2312
f 3483/4771/2305 3486/4770/2308 3489/4775/2312
f 3575/4780/2313 3493/4781/2311 3495/4782/2315 3494/4783/2316
f 3493/4784/2311 3497/4785/2310 3498/4786/2317 3495/4787/2315
f 3574/4788/2309 3496/4789/2318 3498/4786/2317 3497/4785/2310
f 3496/4789/2318 3500/4790/2319 3501/4791/2320 3498/4786/2317
f 3579/4792/2222 3499/4793/2321 3501/4794/2320 3500/4795/2319
f 3499/4793/2321 3494/4796/2316 3495/4797/2315 3501/4794/2320
f 3495/4787/2315 3498/4786/2317 3501/4791/2320
f 3573/4798/2303 3505/4799/2322 3507/4800/2323 3506/4801/2304
f 3505/4799/2322 3509/4802/2324 3510/4803/2325 3507/4800/2323
f 3580/4804/2326 3508/4805/2327 3510/4803/2325 3509/4802/2324
f 3508/4806/2327 3512/4807/2328 3513/4808/2329 3510/4809/2325
f 3570/4810/2309 3511/4811/2307 3513/4808/2329 3512/4807/2328
f 3511/4811/2307 3506/4812/2304 3507/4813/2323 3513/4808/2329
f 3507/4813/2323 3510/4809/2325 3513/4808/2329
f 3578/4814/2222 3517/4815/2319 3519/4816/2330 3518/4817/2331
f 3517/4818/2319 3521/4819/2318 3522/4820/2332 3519/4821/2330
f 3577/4822/2309 3520/4823/2328 3522/4820/2332 3521/4819/2318
f 3520/4823/2328 3524/4824/2327 3525/4825/2333 3522/4820/2332
f 3581/4826/2326 3523/4827/2334 3525/4828/2333 3524/4829/2327
f 3523/4827/2334 3518/4817/2331 3519/4816/2330 3525/4828/2333
f 3519/4821/2330 3522/4820/2332 3525/4825/2333
f 3583/4830/2303 3528/4831/2306 3530/4832/2335 3529/4833/2336
f 3528/4831/2306 3532/4834/2314 3533/4835/2337 3530/4832/2335
f 3586/4836/2313 3531/4837/2338 3533/4835/2337 3532/4834/2314
f 3531/4838/2338 3535/4839/2339 3536/4840/2340 3533/4841/2337
f 3584/4842/2341 3534/4843/2342 3536/4840/2340 3535/4839/2339
f 3534/4843/2342 3529/4844/2336 3530/4845/2335 3536/4840/2340
f 3530/4845/2335 3533/4841/2337 3536/4840/2340
f 3587/4846/2343 3539/4847/2316 3541/4848/2344 3540/4849/2338
f 3539/4850/2316 3543/4851/2321 3544/4852/2345 3541/4853/2344
f 3589/4854/2222 3542/4855/2346 3544/4852/2345 3543/4851/2321
f 3542/4856/2346 3546/4857/2347 3547/4858/2348 3544/4859/2345
f 3588/4860/2341 3545/4861/2339 3547/4858/2348 3546/4857/2347
f 3545/4861/2339 3540/4862/2338 3541/4863/2344 3547/4858/2348
f 3541/4863/2344 3544/4859/2345 3547/4858/2348
f 3582/4864/2303 3550/4865/2336 3552/4866/2349 3551/4867/2322
f 3550/4868/2336 3554/4869/2342 3555/4870/2350 3552/4871/2349
f 3585/4872/2341 3553/4873/2351 3555/4870/2350 3554/4869/2342
f 3553/4873/2351 3557/4874/2352 3558/4875/2353 3555/4870/2350
f 3593/4876/2354 3556/4877/2324 3558/4878/2353 3557/4879/2352
f 3556/4877/2324 3551/4867/2322 3552/4866/2349 3558/4878/2353
f 3552/4871/2349 3555/4870/2350 3558/4875/2353
f 3590/4880/2222 3561/4881/2331 3563/4882/2355 3562/4883/2346
f 3561/4881/2331 3565/4884/2334 3566/4885/2356 3563/4882/2355
f 3592/4886/2326 3564/4887/2352 3566/4885/2356 3565/4884/2334
f 3564/4888/2352 3568/4889/2351 3569/4890/2357 3566/4891/2356
f 3591/4892/2341 3567/4893/2347 3569/4890/2357 3568/4889/2351
f 3567/4893/2347 3562/4894/2346 3563/4895/2355 3569/4890/2357
f 3563/4895/2355 3566/4891/2356 3569/4890/2357
f 3570/4810/2309 3571/4772/2309 3485/4769/2307 3511/4811/2307
f 3511/4811/2307 3485/4769/2307 3481/4768/2304 3506/4812/2304
f 3506/4801/2304 3481/4765/2304 3572/4764/2303 3573/4798/2303
f 3571/4772/2309 3574/4788/2309 3497/4785/2310 3484/4773/2310
f 3484/4773/2310 3497/4785/2310 3493/4784/2311 3488/4774/2311
f 3488/4779/2311 3493/4781/2311 3575/4780/2313 3576/4776/2313
f 3574/4788/2309 3577/4822/2309 3521/4819/2318 3496/4789/2318
f 3496/4789/2318 3521/4819/2318 3517/4818/2319 3500/4790/2319
f 3500/4795/2319 3517/4815/2319 3578/4814/2222 3579/4792/2222
f 3577/4822/2309 3570/4810/2309 3512/4807/2328 3520/4823/2328
f 3520/4823/2328 3512/4807/2328 3508/4806/2327 3524/4824/2327
f 3524/4829/2327 3508/4805/2327 3580/4804/2326 3581/4826/2326
f 3582/4864/2303 3583/4830/2303 3529/4833/2336 3550/4865/2336
f 3550/4868/2336 3529/4844/2336 3534/4843/2342 3554/4869/2342
f 3554/4869/2342 3534/4843/2342 3584/4842/2341 3585/4872/2341
f 3586/4836/2313 3587/4846/2343 3540/4849/2338 3531/4837/2338
f 3531/4838/2338 3540/4862/2338 3545/4861/2339 3535/4839/2339
f 3535/4839/2339 3545/4861/2339 3588/4860/2341 3584/4842/2341
f 3589/4854/2222 3590/4880/2222 3562/4883/2346 3542/4855/2346
f 3542/4856/2346 3562/4894/2346 3567/4893/2347 3546/4857/2347
f 3546/4857/2347 3567/4893/2347 3591/4892/2341 3588/4860/2341
f 3592/4886/2326 3593/4876/2354 3557/4879/2352 3564/4887/2352
f 3564/4888/2352 3557/4874/2352 3553/4873/2351 3568/4889/2351
f 3568/4889/2351 3553/4873/2351 3585/4872/2341 3591/4892/2341
f 3581/4826/2326 3592/4886/2326 3565/4884/2334 3523/4827/2334
f 3523/4827/2334 3565/4884/2334 3561/4881/2331 3518/4817/2331
f 3518/4817/2331 3561/4881/2331 3590/4880/2222 3578/4814/2222
f 3587/4846/2343 3575/4780/2313 3494/4783/2316 3539/4847/2316
f 3539/4850/2316 3494/4796/2316 3499/4793/2321 3543/4851/2321
f 3543/4851/2321 3499/4793/2321 3579/4792/2222 3589/4854/2222
f 3576/4776/2313 3586/4836/2313 3532/4834/2314 3487/4777/2314
f 3487/4777/2314 3532/4834/2314 3528/4831/2306 3482/4767/2306
f 3482/4767/2306 3528/4831/2306 3583/4830/2303 3572/4764/2303
f 3593/4876/2354 3580/4804/2326 3509/4802/2324 3556/4877/2324
f 3556/4877/2324 3509/4802/2324 3505/4799/2322 3551/4867/2322
f 3551/4867/2322 3505/4799/2322 3573/4798/2303 3582/4864/2303
f 3504/4896/2309 3479/4897/2309 3571/4772/2309 3570/4810/2309
f 3478/4898/2303 3502/4899/2303 3573/4798/2303 3572/4764/2303
f 3479/4897/2309 3491/4900/2309 3574/4788/2309 3571/4772/2309
f 3490/4901/2313 3480/4902/2313 3576/4776/2313 3575/4780/2313
f 3491/4900/2309 3515/4903/2309 3577/4822/2309 3574/4788/2309
f 3514/4904/2222 3492/4905/2222 3579/4792/2222 3578/4814/2222
f 3515/4903/2309 3504/4896/2309 3570/4810/2309 3577/4822/2309
f 3503/4906/2326 3516/4907/2326 3581/4826/2326 3580/4804/2326
f 3548/4908/2303 3526/4909/2303 3583/4830/2303 3582/4864/2303
f 3621/4910/2326 3607/4911/2326 3606/4912/2326 3619/4913/2326
f 3527/4914/2313 3537/4915/2313 3587/4846/2343 3586/4836/2313
f 3625/4916/2303 3608/4917/2303 3607/4911/2303 3621/4918/2303
f 3538/4919/2222 3559/4920/2222 3590/4880/2222 3589/4854/2222
f 3622/4921/2313 3609/4922/2313 3608/4917/2313 3625/4923/2313
f 3560/4924/2326 3549/4925/2326 3593/4876/2354 3592/4886/2326
f 3516/4907/2326 3560/4924/2326 3592/4886/2326 3581/4826/2326
f 3559/4920/2222 3514/4904/2222 3578/4814/2222 3590/4880/2222
f 3537/4915/2313 3490/4901/2313 3575/4780/2313 3587/4846/2343
f 3492/4905/2222 3538/4919/2222 3589/4854/2222 3579/4792/2222
f 3480/4902/2313 3527/4914/2313 3586/4836/2313 3576/4776/2313
f 3526/4909/2303 3478/4898/2303 3572/4764/2303 3583/4830/2303
f 3549/4925/2326 3503/4906/2326 3580/4804/2326 3593/4876/2354
f 3502/4899/2303 3548/4908/2303 3582/4864/2303 3573/4798/2303
f 3594/4926/2313 3595/4927/2313 3596/4928/2313 3597/4929/2313
f 3490/4930/2341 3595/4927/2341 3594/4926/2341 3480/4931/2341
f 3537/4932/2303 3596/4928/2303 3595/4927/2303 3490/4933/2303
f 3527/4934/2309 3597/4929/2309 3596/4928/2309 3537/4935/2309
f 3480/4936/2222 3594/4926/2222 3597/4929/2222 3527/4937/2222
f 3598/4938/2326 3599/4939/2326 3600/4940/2326 3601/4941/2326
f 3503/4933/2341 3599/4939/2341 3598/4938/2341 3516/4932/2341
f 3560/4942/2309 3601/4941/2309 3600/4940/2309 3549/4943/2309
f 3516/4944/2303 3598/4938/2303 3601/4941/2303 3560/4945/2303
f 3602/4946/2309 3603/4947/2309 3604/4948/2309 3605/4949/2309
f 3504/4950/2222 3603/4947/2222 3602/4946/2222 3479/4951/2222
f 3515/4952/2313 3604/4948/2313 3603/4947/2313 3504/4953/2313
f 3491/4954/2303 3605/4949/2303 3604/4948/2303 3515/4955/2303
f 3479/4956/2326 3602/4946/2326 3605/4949/2326 3491/4957/2326
f 3606/4912/2341 3607/4911/2341 3608/4917/2341 3609/4922/2341
f 3620/4958/2341 3618/4959/2341 3584/4842/2341 3588/4860/2341
f 3624/4960/2341 3620/4958/2341 3588/4860/2341 3591/4892/2341
f 3623/4961/2341 3624/4960/2341 3591/4892/2341 3585/4872/2341
f 3618/4959/2341 3623/4961/2341 3585/4872/2341 3584/4842/2341
f 3610/4962/2222 3611/4963/2222 3612/4964/2222 3613/4965/2222
f 3514/4966/2341 3611/4963/2341 3610/4962/2341 3492/4967/2341
f 3559/4968/2313 3612/4964/2313 3611/4963/2313 3514/4969/2313
f 3538/4970/2309 3613/4965/2309 3612/4964/2309 3559/4971/2309
f 3492/4972/2326 3610/4962/2326 3613/4965/2326 3538/4973/2326
f 3614/4974/2303 3615/4975/2303 3616/4976/2303 3617/4977/2303
f 3478/4978/2341 3615/4975/2341 3614/4974/2341 3502/4979/2341
f 3526/4980/2326 3616/4976/2326 3615/4975/2326 3478/4981/2326
f 3548/4982/2309 3617/4977/2309 3616/4976/2309 3526/4983/2309
f 3502/4984/2313 3614/4974/2313 3617/4977/2313 3548/4985/2313
f 3503/4970/2222 3549/4971/2222 3600/4940/2222 3599/4939/2222
f 3619/4986/2358 3622/4987/2358 3623/4988/2358 3618/4989/2358
f 3621/4910/2225 3619/4913/2225 3618/4990/2225 3620/4991/2225
f 3625/4916/2359 3621/4918/2359 3620/4992/2359 3624/4993/2359
f 3622/4921/2223 3625/4923/2223 3624/4994/2223 3623/4995/2223
f 3619/4986/2222 3606/4912/2222 3609/4922/2222 3622/4987/2222
f 3655/4996/2313 3643/4997/2313 3646/4998/2313 3666/4999/2313
f 3633/5000/2359 3629/5001/2359 3650/5002/2359 3662/5003/2359
f 3666/4999/2313 3663/5004/2313 3658/5005/2313 3655/4996/2313
f 3628/5006/2359 3632/5007/2359 3667/5008/2359 3647/5009/2359
f 3627/5010/2360 3642/5011/2360 3654/5012/2360 3631/5013/2360
f 3631/5014/2358 3654/5015/2358 3683/5016/2358 3637/5017/2358
f 3638/5018/2313 3658/5005/2313 3663/5004/2313 3651/5019/2313
f 3667/5020/2358 3632/5021/2358 3635/5022/2358 3674/5023/2358
f 3633/5024/2361 3662/5025/2361 3671/5026/2361 3634/5027/2361
f 3663/5004/2313 3666/4999/2313 3675/5028/2313 3670/5029/2313
f 3659/5030/2361 3630/5031/2361 3636/5032/2361 3678/5033/2361
f 3655/4996/2313 3658/5005/2313 3679/5034/2313 3682/5035/2313
f 3638/5036/2362 3640/5037/2362 3660/5038/2363 3658/5039/2364
f 3640/5037/2365 3641/5040/2366 3661/5041/2367 3660/5038/2368
f 3641/5040/2369 3639/5042/2369 3659/5043/2370 3661/5041/2371
f 3655/5044/2372 3657/5045/2373 3645/5046/2374 3643/5047/2374
f 3657/5045/2375 3656/5048/2376 3644/5049/2377 3645/5046/2378
f 3656/5048/2379 3654/5012/2380 3642/5011/2381 3644/5049/2381
f 3650/5002/2382 3652/5050/2382 3664/5051/2383 3662/5003/2384
f 3652/5050/2385 3653/5052/2386 3665/5053/2387 3664/5051/2388
f 3653/5052/2389 3651/5054/2389 3663/5055/2390 3665/5053/2391
f 3667/5008/2392 3669/5056/2393 3649/5057/2394 3647/5009/2394
f 3669/5056/2395 3668/5058/2396 3648/5059/2397 3649/5057/2398
f 3668/5058/2399 3666/5060/2400 3646/5061/2401 3648/5059/2401
f 3670/5062/2402 3672/5063/2402 3665/5064/2403 3663/5065/2404
f 3672/5063/2405 3673/5066/2405 3664/5067/2406 3665/5064/2407
f 3673/5066/2408 3671/5026/2408 3662/5025/2409 3664/5067/2410
f 3666/5068/2411 3668/5069/2412 3677/5070/2413 3675/5071/2413
f 3668/5069/2414 3669/5072/2415 3676/5073/2416 3677/5070/2416
f 3669/5072/2417 3667/5020/2418 3674/5023/2419 3676/5073/2419
f 3658/4741/2420 3660/5074/2421 3681/5075/2422 3679/5076/2422
f 3660/5074/2423 3661/5077/2424 3680/5078/2425 3681/5075/2425
f 3661/5077/2426 3659/5030/2427 3678/5033/2428 3680/5078/2428
f 3654/5015/2429 3656/5079/2430 3685/5080/2431 3683/5016/2431
f 3656/5079/2432 3657/5081/2433 3684/5082/2434 3685/5080/2434
f 3657/5081/2435 3655/5083/2436 3682/5084/2437 3684/5082/2437
f 3630/5085/2360 3659/5043/2360 3639/5042/2360 3626/5086/2360
f 3715/5087/2326 3703/5088/2326 3706/5089/2326 3726/5090/2326
f 3693/5091/2358 3689/5092/2358 3710/5093/2358 3722/5094/2358
f 3726/5090/2326 3723/5095/2326 3718/5096/2326 3715/5087/2326
f 3688/5097/2358 3692/5098/2358 3727/5099/2358 3707/5100/2358
f 3687/5101/2361 3702/5102/2361 3714/5103/2361 3691/5104/2361
f 3691/5105/2359 3714/5106/2359 3743/5107/2359 3697/4744/2359
f 3698/5108/2326 3718/5096/2326 3723/5095/2326 3711/5109/2326
f 3727/5110/2359 3692/5111/2359 3695/5112/2359 3734/5113/2359
f 3693/5114/2360 3722/5115/2360 3731/5116/2360 3694/5117/2360
f 3723/5095/2326 3726/5090/2326 3735/5118/2326 3730/5119/2326
f 3719/5120/2360 3690/5121/2360 3696/5122/2360 3738/5123/2360
f 3715/5087/2326 3718/5096/2326 3739/5124/2326 3742/5125/2326
f 3698/5126/2438 3700/5127/2438 3720/5128/2439 3718/5129/2440
f 3700/5127/2441 3701/5130/2441 3721/5131/2442 3720/5128/2443
f 3701/5130/2444 3699/5132/2444 3719/5133/2445 3721/5131/2446
f 3715/5134/2447 3717/5135/2448 3705/5136/2449 3703/5137/2449
f 3717/5135/2450 3716/5138/2451 3704/5139/2452 3705/5136/2453
f 3716/5138/2454 3714/5103/2455 3702/5102/2456 3704/5139/2456
f 3710/5093/2457 3712/5140/2457 3724/5141/2458 3722/5094/2459
f 3712/5140/2460 3713/5142/2461 3725/5143/2462 3724/5141/2463
f 3713/5142/2464 3711/5144/2464 3723/5145/2465 3725/5143/2466
f 3727/5099/2467 3729/5146/2468 3709/5147/2469 3707/5100/2469
f 3729/5146/2470 3728/5148/2471 3708/5149/2472 3709/5147/2472
f 3728/5148/2473 3726/5150/2474 3706/5151/2475 3708/5149/2475
f 3730/5152/2476 3732/5153/2476 3725/5154/2477 3723/5155/2478
f 3732/5153/2479 3733/5156/2479 3724/5157/2480 3725/5154/2481
f 3733/5156/2482 3731/5116/2482 3722/5115/2483 3724/5157/2484
f 3726/5158/2485 3728/5159/2486 3737/5160/2487 3735/5161/2487
f 3728/5159/2488 3729/5162/2489 3736/5163/2490 3737/5160/2490
f 3729/5162/2491 3727/5110/2492 3734/5113/2493 3736/5163/2493
f 3718/5164/2494 3720/5165/2495 3741/5166/2496 3739/5167/2496
f 3720/5165/2497 3721/5168/2498 3740/5169/2499 3741/5166/2499
f 3721/5168/2500 3719/5120/2501 3738/5123/2502 3740/5169/2502
f 3714/5106/2503 3716/5170/2504 3745/5171/2505 3743/5107/2505
f 3716/5170/2506 3717/5172/2507 3744/5173/2508 3745/5171/2508
f 3717/5172/2509 3715/5174/2510 3742/5175/2511 3744/5173/2511
f 3690/5176/2361 3719/5133/2361 3699/5132/2361 3686/5177/2361
f 3775/5178/2303 3763/5179/2303 3766/5180/2303 3786/5181/2303
f 3753/5182/2225 3749/5183/2225 3770/5184/2225 3782/5185/2225
f 3786/5181/2303 3783/5186/2303 3778/5187/2303 3775/5178/2303
f 3748/5188/2225 3752/5189/2225 3787/5190/2225 3767/5191/2225
f 3747/5192/2226 3762/5193/2226 3774/5194/2226 3751/5195/2226
f 3751/5196/2223 3774/5197/2223 3803/5198/2223 3757/5199/2223
f 3758/5200/2303 3778/5187/2303 3783/5186/2303 3771/5201/2303
f 3787/5202/2223 3752/5203/2223 3755/5204/2223 3794/5205/2223
f 3753/5206/2224 3782/5207/2224 3791/5208/2224 3754/5209/2224
f 3783/5186/2303 3786/5181/2303 3795/5210/2303 3790/5211/2303
f 3779/5212/2224 3750/5213/2224 3756/5214/2224 3798/5215/2224
f 3775/5178/2303 3778/5187/2303 3799/5216/2303 3802/5217/2303
f 3758/5218/2512 3760/5219/2512 3780/5220/2513 3778/5221/2514
f 3760/5219/2515 3761/5222/2515 3781/5223/2516 3780/5220/2517
f 3761/5222/2518 3759/5224/2518 3779/5225/2519 3781/5223/2520
f 3775/5226/2521 3777/5227/2522 3765/5228/2523 3763/5229/2523
f 3777/5227/2524 3776/5230/2525 3764/5231/2526 3765/5228/2527
f 3776/5230/2528 3774/5194/2529 3762/5193/2530 3764/5231/2530
f 3770/5184/2531 3772/5232/2531 3784/5233/2532 3782/5185/2533
f 3772/5232/2534 3773/5234/2535 3785/5235/2536 3784/5233/2537
f 3773/5234/2538 3771/5236/2538 3783/5237/2539 3785/5235/2540
f 3787/5190/2541 3789/5238/2542 3769/5239/2543 3767/5191/2543
f 3789/5238/2544 3788/5240/2545 3768/5241/2546 3769/5239/2546
f 3788/5240/2547 3786/5242/2548 3766/5243/2549 3768/5241/2549
f 3790/5244/2550 3792/5245/2551 3785/5246/2552 3783/5247/2553
f 3792/5245/2554 3793/5248/2554 3784/5249/2555 3785/5246/2556
f 3793/5248/2557 3791/5208/2557 3782/5207/2558 3784/5249/2559
f 3786/4693/2560 3788/5250/2561 3797/5251/2562 3795/5252/2563
f 3788/5250/2564 3789/5253/2565 3796/5254/2566 3797/5251/2566
f 3789/5253/2567 3787/5202/2568 3794/5205/2569 3796/5254/2569
f 3778/5255/2570 3780/5256/2571 3801/5257/2572 3799/5258/2573
f 3780/5256/2574 3781/5259/2575 3800/5260/2576 3801/5257/2577
f 3781/5259/2578 3779/5212/2579 3798/5215/2580 3800/5260/2580
f 3774/5197/2581 3776/5261/2582 3805/5262/2583 3803/5198/2583
f 3776/5261/2584 3777/5263/2585 3804/5264/2586 3805/5262/2587
f 3777/5263/2588 3775/5265/2589 3802/5266/2590 3804/5264/2591
f 3750/5267/2226 3779/5225/2226 3759/5224/2226 3746/5268/2226
o Crate_Plane.008
v 4.989085 2.582024 0.087464
v 5.400923 3.229392 0.854729
v 5.369894 3.180618 0.912536
v 4.958056 2.533250 0.145271
v 5.177256 2.877809 0.438030
v 5.212753 2.933608 0.504163
v 5.181724 2.884834 0.561970
v 5.146227 2.829035 0.495837
v 4.956790 2.531260 0.848763
v 4.992288 2.587058 0.914895
v 5.366692 3.175585 0.085105
v 5.402189 3.231383 0.151237
v 5.048484 2.532257 0.097571
v 5.047594 2.544803 0.087464
v 5.050350 2.537059 0.092518
v 5.050025 2.541651 0.088818
v 5.459431 3.192171 0.854729
v 5.460321 3.179625 0.864836
v 5.461862 3.189019 0.856083
v 5.462188 3.184427 0.859783
v 5.440143 3.147907 0.902429
v 5.428402 3.143397 0.912536
v 5.436584 3.144181 0.907482
v 5.432287 3.142530 0.911182
v 5.016565 2.496029 0.145271
v 5.028306 2.500539 0.135164
v 5.020450 2.495162 0.143917
v 5.024747 2.496814 0.140217
v 5.271261 2.896386 0.504163
v 5.268068 2.877423 0.506664
v 5.273145 2.892375 0.504498
v 5.271976 2.885434 0.505413
v 5.240736 2.834460 0.455744
v 5.235764 2.840588 0.438030
v 5.240562 2.836053 0.446887
v 5.238742 2.838296 0.440403
v 5.204735 2.791814 0.495837
v 5.220559 2.802742 0.493336
v 5.209167 2.791807 0.495502
v 5.214959 2.795807 0.494587
v 5.247890 2.845705 0.544256
v 5.240232 2.847612 0.561970
v 5.246373 2.845188 0.553113
v 5.243570 2.845886 0.559597
v 5.025697 2.496439 0.856369
v 5.015299 2.494038 0.848763
v 5.022810 2.493768 0.852566
v 5.019003 2.492889 0.849782
v 5.050796 2.549837 0.914895
v 5.053029 2.539401 0.907289
v 5.053407 2.546968 0.913876
v 5.054224 2.543149 0.911092
v 5.425200 3.138363 0.085105
v 5.435598 3.140763 0.092711
v 5.428905 3.137214 0.086124
v 5.432711 3.138093 0.088908
v 5.462930 3.183726 0.143631
v 5.460698 3.194161 0.151237
v 5.464126 3.187473 0.147434
v 5.463308 3.191293 0.150218
v 4.208665 3.051504 0.122489
v 4.312014 2.985757 0.000000
v 4.246266 2.882409 0.122489
v 4.163303 2.972387 0.015714
v 4.154891 2.959164 0.031386
v 4.158683 2.957537 0.016377
v 4.177835 2.944567 0.004193
v 4.173023 2.966203 0.004193
v 4.165527 2.953183 0.008266
v 4.158427 2.943259 0.031386
v 4.171651 2.934847 0.015714
v 4.161173 2.946340 0.016377
v 4.883304 2.477143 0.122489
v 4.949052 2.580491 0.000000
v 5.052400 2.514744 0.122489
v 4.962421 2.431780 0.015714
v 4.975645 2.423368 0.031386
v 4.977272 2.427161 0.016377
v 4.990242 2.446312 0.004193
v 4.968606 2.441501 0.004193
v 4.981626 2.434004 0.008266
v 4.991549 2.426904 0.031386
v 4.999962 2.440128 0.015714
v 4.988469 2.429650 0.016377
v 4.613931 3.688542 0.122489
v 4.783027 3.726143 0.122489
v 4.717280 3.622795 -0.000000
v 4.674782 3.776382 0.031386
v 4.666369 3.763158 0.015714
v 4.677863 3.773636 0.016377
v 4.703910 3.771506 0.015714
v 4.690686 3.779918 0.031386
v 4.689060 3.776125 0.016377
v 4.676090 3.756974 0.004193
v 4.697726 3.761785 0.004193
v 4.684706 3.769282 0.008266
v 5.457666 3.151782 0.122489
v 5.354318 3.217529 -0.000000
v 5.420065 3.320878 0.122489
v 5.503028 3.230899 0.015714
v 5.511441 3.244123 0.031386
v 5.507648 3.245749 0.016377
v 5.488497 3.258719 0.004193
v 5.493308 3.237083 0.004193
v 5.500805 3.250103 0.008266
v 5.507904 3.260027 0.031386
v 5.494681 3.268439 0.015714
v 5.505158 3.256946 0.016377
v 4.208665 3.051504 0.877511
v 4.246266 2.882409 0.877511
v 4.154891 2.959164 0.968614
v 4.163303 2.972387 0.984286
v 4.158683 2.957537 0.983623
v 4.171651 2.934847 0.984286
v 4.158427 2.943259 0.968614
v 4.161173 2.946340 0.983623
v 4.173023 2.966203 0.995807
v 4.177835 2.944567 0.995807
v 4.165527 2.953183 0.991734
v 4.883305 2.477143 0.877511
v 5.052400 2.514744 0.877511
v 4.975645 2.423368 0.968614
v 4.962422 2.431780 0.984286
v 4.977272 2.427161 0.983623
v 4.999962 2.440128 0.984286
v 4.991549 2.426904 0.968614
v 4.988469 2.429650 0.983623
v 4.968606 2.441501 0.995807
v 4.990242 2.446312 0.995807
v 4.981626 2.434004 0.991734
v 4.613931 3.688542 0.877511
v 4.783027 3.726143 0.877511
v 4.666369 3.763158 0.984286
v 4.674782 3.776382 0.968613
v 4.677863 3.773636 0.983623
v 4.697726 3.761786 0.995807
v 4.676090 3.756974 0.995807
v 4.684706 3.769282 0.991734
v 4.690686 3.779918 0.968613
v 4.703910 3.771506 0.984286
v 4.689060 3.776126 0.983623
v 5.457666 3.151782 0.877511
v 5.420065 3.320878 0.877511
v 5.511441 3.244123 0.968614
v 5.503028 3.230899 0.984286
v 5.507648 3.245749 0.983623
v 5.494681 3.268439 0.984286
v 5.507904 3.260027 0.968614
v 5.505158 3.256946 0.983623
v 5.493308 3.237083 0.995807
v 5.488497 3.258719 0.995807
v 5.500805 3.250103 0.991734
v 4.689313 3.748562 -0.000000
v 4.186247 2.957791 0.000000
v 4.159765 2.974638 0.031386
v 4.662832 3.765409 0.031386
v 4.977018 2.454724 0.000000
v 4.960171 2.428242 0.031386
v 4.169400 2.931309 0.031386
v 5.480084 3.245495 -0.000000
v 5.506566 3.228648 0.031386
v 5.003500 2.437877 0.031386
v 4.706161 3.775043 0.031386
v 5.496932 3.271977 0.031386
v 4.662832 3.765409 0.968614
v 4.159765 2.974638 0.968614
v 4.186247 2.957791 1.000000
v 4.689313 3.748562 1.000000
v 4.169400 2.931309 0.968614
v 4.960171 2.428242 0.968614
v 4.977018 2.454724 1.000000
v 5.003500 2.437877 0.968614
v 5.506566 3.228648 0.968614
v 5.480084 3.245495 1.000000
v 5.496932 3.271977 0.968614
v 4.706161 3.775044 0.968614
v 4.287506 2.947232 0.122489
v 4.924543 2.541967 0.122489
v 4.924543 2.541967 0.877511
v 4.287506 2.947232 0.877511
v 5.378826 3.256054 0.122489
v 4.741788 3.661319 0.122489
v 4.741788 3.661319 0.877511
v 5.378826 3.256054 0.877511
v 4.312014 2.985757 0.076830
v 4.717280 3.622795 0.076830
v 5.354318 3.217529 0.076830
v 4.949052 2.580491 0.076830
v 4.312014 2.985757 0.923170
v 4.949052 2.580491 0.923170
v 5.354318 3.217529 0.923170
v 4.717280 3.622795 0.923170
v 4.987576 2.555983 0.122489
v 5.392842 3.193021 0.122489
v 5.392842 3.193021 0.877511
v 4.987576 2.555983 0.877511
v 4.678755 3.647303 0.122489
v 4.273489 3.010265 0.122489
v 4.273489 3.010265 0.877511
v 4.678755 3.647303 0.877511
v 4.282241 2.979137 1.000000
v 4.312014 2.985757 0.978433
v 4.955672 2.550718 1.000000
v 4.949052 2.580491 0.978433
v 4.717280 3.622795 0.978433
v 4.710659 3.652568 1.000000
v 5.384090 3.224150 1.000000
v 5.354318 3.217529 0.978433
v 4.312622 2.944270 0.087464
v 4.959990 2.532433 0.854729
v 4.911216 2.563461 0.912536
v 4.263848 2.975299 0.145271
v 4.608407 2.756100 0.438030
v 4.664206 2.720603 0.504163
v 4.615431 2.751631 0.561970
v 4.559633 2.787129 0.495837
v 4.261858 2.976565 0.848763
v 4.317656 2.941068 0.914896
v 4.906183 2.566664 0.085105
v 4.961981 2.531166 0.151237
v 4.262855 2.884871 0.097571
v 4.275401 2.885761 0.087464
v 4.267657 2.883005 0.092518
v 4.272249 2.883331 0.088818
v 4.922769 2.473924 0.854729
v 4.910223 2.473034 0.864836
v 4.919618 2.471493 0.856083
v 4.915025 2.471168 0.859783
v 4.878505 2.493212 0.902429
v 4.873995 2.504953 0.912536
v 4.874780 2.496771 0.907483
v 4.873128 2.501068 0.911182
v 4.226627 2.916790 0.145271
v 4.231137 2.905050 0.135164
v 4.225760 2.912906 0.143917
v 4.227412 2.908608 0.140217
v 4.626984 2.662094 0.504163
v 4.608020 2.665287 0.506664
v 4.622973 2.660210 0.504498
v 4.616032 2.661379 0.505413
v 4.565058 2.692619 0.455744
v 4.571186 2.697592 0.438030
v 4.566651 2.692794 0.446887
v 4.568894 2.694614 0.440403
v 4.522412 2.728620 0.495837
v 4.533340 2.712797 0.493336
v 4.522405 2.724189 0.495502
v 4.526405 2.718397 0.494587
v 4.576303 2.685465 0.544256
v 4.578210 2.693123 0.561970
v 4.575786 2.686982 0.553113
v 4.576484 2.689785 0.559597
v 4.227036 2.907659 0.856369
v 4.224636 2.918057 0.848763
v 4.224366 2.910546 0.852566
v 4.223487 2.914352 0.849782
v 4.280435 2.882559 0.914896
v 4.269999 2.880327 0.907289
v 4.277566 2.879949 0.913877
v 4.273746 2.879132 0.911092
v 4.868961 2.508155 0.085105
v 4.871361 2.497757 0.092711
v 4.867812 2.504450 0.086124
v 4.868690 2.500644 0.088908
v 4.914324 2.470425 0.143631
v 4.924759 2.472658 0.151237
v 4.918071 2.469230 0.147434
v 4.921891 2.470047 0.150218
v 5.350194 3.253490 0.087464
v 4.702826 3.665328 0.854729
v 4.751600 3.634299 0.912536
v 5.398968 3.222462 0.145271
v 5.054409 3.441660 0.438030
v 4.998610 3.477158 0.504163
v 5.047385 3.446129 0.561970
v 5.103183 3.410632 0.495837
v 5.400958 3.221195 0.848763
v 5.345160 3.256693 0.914895
v 4.756633 3.631097 0.085105
v 4.700835 3.666594 0.151237
v 5.399961 3.312889 0.097571
v 5.387415 3.311999 0.087464
v 5.395159 3.314755 0.092518
v 5.390567 3.314430 0.088818
v 4.740047 3.723836 0.854729
v 4.752593 3.724726 0.864836
v 4.743199 3.726267 0.856083
v 4.747791 3.726593 0.859783
v 4.784311 3.704548 0.902429
v 4.788821 3.692808 0.912536
v 4.788037 3.700990 0.907482
v 4.789688 3.696692 0.911182
v 5.436189 3.280970 0.145271
v 5.431679 3.292711 0.135164
v 5.437056 3.284855 0.143917
v 5.435405 3.289152 0.140217
v 5.035832 3.535666 0.504163
v 5.054796 3.532474 0.506664
v 5.039843 3.537550 0.504498
v 5.046784 3.536381 0.505413
v 5.097758 3.505142 0.455744
v 5.091630 3.500169 0.438030
v 5.096165 3.504967 0.446887
v 5.093922 3.503147 0.440403
v 5.140404 3.469140 0.495837
v 5.129476 3.484964 0.493336
v 5.140411 3.473572 0.495502
v 5.136411 3.479364 0.494587
v 5.086514 3.512296 0.544256
v 5.084606 3.504637 0.561970
v 5.087030 3.510778 0.553113
v 5.086332 3.507975 0.559597
v 5.435780 3.290102 0.856369
v 5.438180 3.279704 0.848763
v 5.438450 3.287215 0.852566
v 5.439329 3.283408 0.849782
v 5.382381 3.315201 0.914895
v 5.392817 3.317434 0.907289
v 5.385250 3.317812 0.913876
v 5.389070 3.318629 0.911092
v 4.793855 3.689605 0.085105
v 4.791455 3.700004 0.092711
v 4.795004 3.693310 0.086124
v 4.794126 3.697116 0.088908
v 4.748492 3.727335 0.143631
v 4.738057 3.725103 0.151237
v 4.744745 3.728531 0.147434
v 4.740925 3.727713 0.150218
v 4.676494 3.621740 0.087464
v 4.264657 2.974372 0.854729
v 4.295685 3.023146 0.912536
v 4.707522 3.670514 0.145271
v 4.488324 3.325955 0.438030
v 4.452826 3.270157 0.504163
v 4.483855 3.318931 0.561970
v 4.519352 3.374730 0.495837
v 4.708789 3.672505 0.848763
v 4.673292 3.616707 0.914895
v 4.298887 3.028180 0.085105
v 4.263390 2.972382 0.151237
v 4.617095 3.671508 0.097571
v 4.617985 3.658962 0.087464
v 4.615229 3.666705 0.092518
v 4.615555 3.662113 0.088818
v 4.206148 3.011594 0.854729
v 4.205258 3.024140 0.864836
v 4.203717 3.014745 0.856083
v 4.203391 3.019337 0.859783
v 4.225436 3.055857 0.902429
v 4.237177 3.060368 0.912536
v 4.228994 3.059583 0.907482
v 4.233292 3.061234 0.911182
v 4.649014 3.707736 0.145271
v 4.637273 3.703225 0.135164
v 4.645130 3.708602 0.143917
v 4.640832 3.706951 0.140217
v 4.394318 3.307379 0.504163
v 4.397511 3.326342 0.506664
v 4.392434 3.311390 0.504498
v 4.393603 3.318331 0.505413
v 4.424843 3.369305 0.455744
v 4.429815 3.363177 0.438030
v 4.425017 3.367712 0.446887
v 4.426837 3.365469 0.440403
v 4.460844 3.411951 0.495837
v 4.445021 3.401023 0.493336
v 4.456412 3.411958 0.495502
v 4.450621 3.407958 0.494587
v 4.417689 3.358060 0.544256
v 4.425347 3.356153 0.561970
v 4.419206 3.358577 0.553113
v 4.422009 3.357879 0.559597
v 4.639883 3.707326 0.856369
v 4.650280 3.709726 0.848763
v 4.642770 3.709997 0.852566
v 4.646576 3.710876 0.849782
v 4.614783 3.653928 0.914895
v 4.612551 3.664363 0.907289
v 4.612173 3.656797 0.913876
v 4.611355 3.660616 0.911092
v 4.240379 3.065402 0.085105
v 4.229981 3.063001 0.092711
v 4.236674 3.066550 0.086124
v 4.232868 3.065672 0.088908
v 4.202649 3.020039 0.143631
v 4.204882 3.009603 0.151237
v 4.201454 3.016292 0.147434
v 4.202271 3.012472 0.150218
vn 0.8437 -0.5368 -0.0000
vn -0.3795 -0.5966 0.7071
vn 0.3795 0.5966 -0.7071
vn 0.3795 0.5966 0.7071
vn -0.3795 -0.5966 -0.7071
vn 0.9562 -0.2790 0.0881
vn 0.7401 -0.6632 -0.1114
vn 0.7406 -0.6637 -0.1052
vn 0.9903 -0.0376 -0.1338
vn 0.9903 -0.0376 -0.1339
vn 0.8196 -0.4337 -0.3745
vn 0.8199 -0.4340 -0.3734
vn 0.7958 0.4312 -0.4251
vn 0.6418 0.0772 -0.7630
vn 0.6407 0.0782 -0.7638
vn 0.8843 -0.4378 0.1624
vn 0.8870 -0.4323 0.1623
vn 0.7598 -0.5878 -0.2779
vn 0.9806 -0.1813 -0.0739
vn 0.9808 -0.1801 -0.0740
vn 0.7938 -0.3464 -0.4998
vn 0.7938 -0.3464 -0.4999
vn 0.8307 0.3768 -0.4099
vn 0.8315 0.3753 -0.4096
vn 0.5994 0.1224 -0.7910
vn 0.1431 -0.5948 0.7910
vn 0.0107 -0.9121 0.4098
vn 0.0125 -0.9122 0.4097
vn 0.6502 -0.5723 0.4998
vn 0.5798 -0.8114 0.0739
vn 0.5788 -0.8121 0.0741
vn 0.8544 -0.4391 0.2779
vn 0.7713 -0.6154 -0.1624
vn 0.7674 -0.6202 -0.1623
vn 0.2021 -0.6140 0.7630
vn 0.2007 -0.6134 0.7638
vn -0.0533 -0.9036 0.4251
vn -0.0534 -0.9036 0.4251
vn 0.7401 -0.5586 0.3745
vn 0.7405 -0.5587 0.3734
vn 0.4537 -0.8811 0.1338
vn 0.9143 -0.3893 0.1114
vn 0.9150 -0.3895 0.1052
vn 0.6579 -0.7479 -0.0881
vn 0.8322 -0.4609 -0.3082
vn 0.7664 -0.6288 0.1311
vn 0.7617 -0.6345 0.1314
vn 0.5578 -0.6004 -0.5731
vn 0.5113 -0.8456 -0.1534
vn 0.5034 -0.8503 -0.1537
vn 0.0489 -0.5697 -0.8204
vn -0.0776 -0.8930 -0.4433
vn -0.0820 -0.8925 -0.4436
vn 0.7591 -0.6386 0.1265
vn 0.7600 -0.6389 0.1192
vn 0.9666 -0.2497 -0.0578
vn 0.8259 -0.3433 0.4472
vn 0.8293 -0.3457 0.4390
vn 0.9766 0.0579 0.2071
vn 0.9766 0.0580 0.2071
vn 0.5840 0.1543 0.7970
vn 0.5872 0.1519 0.7951
vn 0.7332 0.5059 0.4544
vn 0.7332 0.5058 0.4544
vn 0.9001 -0.4169 -0.1265
vn 0.9008 -0.4176 -0.1192
vn 0.6358 -0.7697 0.0578
vn 0.6610 -0.6026 -0.4472
vn 0.6646 -0.6047 -0.4390
vn 0.3614 -0.9091 -0.2071
vn 0.1077 -0.5943 -0.7970
vn 0.1112 -0.5962 -0.7951
vn -0.1475 -0.8785 -0.4544
vn 0.7760 0.4487 0.4433
vn 0.7736 0.4524 0.4436
vn 0.5368 0.1971 0.8204
vn 0.9826 -0.1048 0.1534
vn 0.9835 -0.0957 0.1536
vn 0.7802 -0.2508 0.5731
vn 0.8944 -0.4277 -0.1311
vn 0.8975 -0.4210 -0.1314
vn 0.7702 -0.5584 0.3082
vn -0.8438 0.5367 -0.0000
vn -0.7308 0.4649 -0.4998
vn -0.8935 0.0382 -0.4474
vn -0.9991 0.0432 -0.0000
vn -0.4217 0.2683 -0.8661
vn -0.6176 -0.1373 -0.7744
vn -0.0001 -0.0000 -1.0000
vn -0.2683 -0.4217 -0.8661
vn -0.4649 -0.7308 -0.4998
vn -0.7931 -0.4133 -0.4473
vn -0.5368 -0.8437 -0.0000
vn -0.8866 -0.4625 -0.0000
vn -0.5367 -0.8438 -0.0000
vn -0.0382 -0.8935 -0.4473
vn -0.0432 -0.9991 -0.0000
vn 0.1373 -0.6176 -0.7744
vn -0.0000 -0.0001 -1.0000
vn 0.4217 -0.2683 -0.8661
vn 0.7308 -0.4649 -0.4998
vn 0.4133 -0.7931 -0.4473
vn 0.4625 -0.8866 -0.0000
vn -0.8437 0.5368 -0.0000
vn -0.4625 0.8866 -0.0000
vn -0.4133 0.7931 -0.4474
vn 0.0432 0.9991 -0.0000
vn 0.0382 0.8935 -0.4473
vn 0.5367 0.8438 -0.0000
vn 0.4649 0.7308 -0.4998
vn 0.2683 0.4217 -0.8661
vn -0.1373 0.6176 -0.7744
vn -0.0000 0.0001 -1.0000
vn 0.8438 -0.5367 -0.0000
vn 0.8935 -0.0382 -0.4473
vn 0.9991 -0.0432 -0.0000
vn 0.6176 0.1373 -0.7744
vn 0.0001 -0.0000 -1.0000
vn 0.7931 0.4133 -0.4473
vn 0.5368 0.8437 -0.0000
vn 0.8866 0.4625 -0.0000
vn -0.8935 0.0382 0.4474
vn -0.7308 0.4649 0.4998
vn -0.7931 -0.4133 0.4474
vn -0.4649 -0.7308 0.4998
vn -0.2683 -0.4217 0.8661
vn -0.6176 -0.1373 0.7744
vn -0.0001 -0.0000 1.0000
vn -0.4217 0.2683 0.8661
vn -0.0382 -0.8935 0.4474
vn 0.4133 -0.7931 0.4474
vn 0.7308 -0.4649 0.4998
vn 0.4217 -0.2683 0.8661
vn 0.1373 -0.6176 0.7744
vn -0.0000 -0.0001 1.0000
vn -0.4133 0.7931 0.4473
vn -0.1373 0.6176 0.7744
vn -0.0000 0.0001 1.0000
vn 0.2683 0.4217 0.8661
vn 0.4649 0.7308 0.4998
vn 0.0382 0.8935 0.4473
vn 0.8935 -0.0382 0.4474
vn 0.7931 0.4133 0.4474
vn 0.6176 0.1373 0.7744
vn 0.0001 -0.0000 1.0000
vn -0.0000 -0.0000 -1.0000
vn -0.0000 -0.0000 1.0000
vn 0.5966 -0.3795 0.7071
vn -0.5966 0.3795 0.7071
vn 0.5966 -0.3795 -0.7071
vn -0.5966 0.3795 -0.7071
vn -0.2790 -0.9562 0.0881
vn -0.6632 -0.7401 -0.1114
vn -0.6637 -0.7406 -0.1052
vn -0.0376 -0.9903 -0.1338
vn -0.0376 -0.9903 -0.1339
vn -0.4336 -0.8196 -0.3745
vn -0.4340 -0.8199 -0.3734
vn 0.4312 -0.7958 -0.4251
vn 0.0772 -0.6419 -0.7629
vn 0.0782 -0.6407 -0.7638
vn -0.4378 -0.8843 0.1624
vn -0.4323 -0.8870 0.1623
vn -0.5878 -0.7598 -0.2779
vn -0.1813 -0.9806 -0.0739
vn -0.1802 -0.9808 -0.0741
vn -0.3464 -0.7939 -0.4998
vn 0.3768 -0.8307 -0.4098
vn 0.3753 -0.8315 -0.4097
vn 0.1225 -0.5994 -0.7910
vn -0.5948 -0.1431 0.7910
vn -0.9121 -0.0107 0.4098
vn -0.9122 -0.0124 0.4096
vn -0.5723 -0.6502 0.4998
vn -0.8114 -0.5798 0.0739
vn -0.8121 -0.5788 0.0741
vn -0.4391 -0.8544 0.2779
vn -0.6154 -0.7713 -0.1624
vn -0.6203 -0.7674 -0.1623
vn -0.6140 -0.2021 0.7630
vn -0.6134 -0.2007 0.7638
vn -0.9036 0.0533 0.4251
vn -0.9036 0.0534 0.4251
vn -0.5586 -0.7401 0.3745
vn -0.5587 -0.7405 0.3734
vn -0.8810 -0.4538 0.1338
vn -0.8810 -0.4537 0.1339
vn -0.3893 -0.9143 0.1114
vn -0.3896 -0.9150 0.1052
vn -0.7479 -0.6579 -0.0881
vn -0.4609 -0.8322 -0.3082
vn -0.6288 -0.7664 0.1311
vn -0.6345 -0.7617 0.1314
vn -0.6004 -0.5578 -0.5731
vn -0.8456 -0.5113 -0.1534
vn -0.8503 -0.5035 -0.1536
vn -0.5697 -0.0489 -0.8204
vn -0.8930 0.0775 -0.4433
vn -0.8925 0.0819 -0.4436
vn -0.6386 -0.7591 0.1265
vn -0.6389 -0.7600 0.1192
vn -0.2497 -0.9666 -0.0578
vn -0.3433 -0.8259 0.4472
vn -0.3457 -0.8293 0.4390
vn 0.0579 -0.9766 0.2071
vn 0.1543 -0.5840 0.7970
vn 0.1519 -0.5872 0.7951
vn 0.5059 -0.7332 0.4544
vn -0.4169 -0.9001 -0.1265
vn -0.4176 -0.9008 -0.1192
vn -0.7697 -0.6358 0.0578
vn -0.6026 -0.6610 -0.4472
vn -0.6047 -0.6646 -0.4390
vn -0.9091 -0.3614 -0.2071
vn -0.5943 -0.1077 -0.7970
vn -0.5962 -0.1112 -0.7951
vn -0.8785 0.1475 -0.4544
vn 0.4487 -0.7760 0.4433
vn 0.4524 -0.7736 0.4436
vn 0.1971 -0.5368 0.8204
vn -0.1048 -0.9826 0.1534
vn -0.0957 -0.9835 0.1536
vn -0.2508 -0.7802 0.5731
vn -0.4277 -0.8944 -0.1311
vn -0.4210 -0.8975 -0.1314
vn -0.5584 -0.7702 0.3082
vn 0.2790 0.9562 0.0881
vn 0.6632 0.7401 -0.1114
vn 0.6637 0.7406 -0.1052
vn 0.0376 0.9903 -0.1339
vn 0.4337 0.8196 -0.3745
vn 0.4340 0.8199 -0.3734
vn -0.4312 0.7958 -0.4251
vn -0.0772 0.6419 -0.7629
vn -0.0782 0.6407 -0.7638
vn 0.4378 0.8843 0.1624
vn 0.4323 0.8870 0.1623
vn 0.5878 0.7598 -0.2779
vn 0.1813 0.9806 -0.0740
vn 0.1802 0.9808 -0.0740
vn 0.3464 0.7939 -0.4998
vn -0.3768 0.8307 -0.4098
vn -0.3753 0.8315 -0.4097
vn -0.1224 0.5994 -0.7910
vn 0.5948 0.1431 0.7910
vn 0.9121 0.0107 0.4098
vn 0.9122 0.0124 0.4096
vn 0.5723 0.6502 0.4998
vn 0.5723 0.6501 0.4998
vn 0.8114 0.5798 0.0740
vn 0.8121 0.5788 0.0740
vn 0.4391 0.8544 0.2779
vn 0.6154 0.7713 -0.1624
vn 0.6202 0.7674 -0.1623
vn 0.6140 0.2021 0.7630
vn 0.6134 0.2007 0.7638
vn 0.9036 -0.0533 0.4251
vn 0.5586 0.7401 0.3745
vn 0.5587 0.7405 0.3734
vn 0.8811 0.4537 0.1338
vn 0.3893 0.9143 0.1114
vn 0.3896 0.9150 0.1052
vn 0.7479 0.6579 -0.0881
vn 0.4609 0.8322 -0.3082
vn 0.6289 0.7663 0.1311
vn 0.6345 0.7617 0.1314
vn 0.6004 0.5578 -0.5731
vn 0.8456 0.5113 -0.1535
vn 0.8503 0.5034 -0.1537
vn 0.5697 0.0489 -0.8204
vn 0.8930 -0.0775 -0.4433
vn 0.8925 -0.0820 -0.4436
vn 0.6386 0.7591 0.1265
vn 0.6389 0.7600 0.1192
vn 0.2497 0.9666 -0.0578
vn 0.3433 0.8259 0.4472
vn 0.3457 0.8293 0.4390
vn -0.0579 0.9766 0.2071
vn -0.1543 0.5840 0.7970
vn -0.1520 0.5871 0.7951
vn -0.5059 0.7332 0.4544
vn 0.4169 0.9001 -0.1265
vn 0.4176 0.9008 -0.1192
vn 0.7697 0.6358 0.0578
vn 0.6026 0.6610 -0.4472
vn 0.6047 0.6646 -0.4390
vn 0.9091 0.3614 -0.2071
vn 0.5943 0.1077 -0.7970
vn 0.5962 0.1112 -0.7951
vn 0.8785 -0.1475 -0.4544
vn -0.4487 0.7759 0.4433
vn -0.4524 0.7736 0.4436
vn -0.1971 0.5368 0.8204
vn 0.1048 0.9826 0.1535
vn 0.0957 0.9835 0.1537
vn 0.2508 0.7802 0.5731
vn 0.4276 0.8944 -0.1311
vn 0.4210 0.8975 -0.1314
vn 0.5584 0.7702 0.3082
vn -0.9562 0.2790 0.0881
vn -0.7401 0.6632 -0.1114
vn -0.7406 0.6637 -0.1052
vn -0.9903 0.0376 -0.1338
vn -0.8196 0.4336 -0.3745
vn -0.8199 0.4340 -0.3734
vn -0.7958 -0.4312 -0.4251
vn -0.6419 -0.0772 -0.7629
vn -0.6407 -0.0782 -0.7638
vn -0.8843 0.4378 0.1625
vn -0.8870 0.4323 0.1622
vn -0.7598 0.5878 -0.2779
vn -0.9806 0.1813 -0.0740
vn -0.9808 0.1802 -0.0740
vn -0.7939 0.3464 -0.4998
vn -0.8307 -0.3768 -0.4098
vn -0.8315 -0.3753 -0.4097
vn -0.5994 -0.1225 -0.7910
vn -0.1431 0.5948 0.7910
vn -0.0107 0.9121 0.4098
vn -0.0124 0.9122 0.4097
vn -0.6502 0.5723 0.4998
vn -0.6501 0.5723 0.4998
vn -0.5798 0.8114 0.0740
vn -0.5788 0.8121 0.0740
vn -0.8544 0.4391 0.2779
vn -0.7713 0.6154 -0.1625
vn -0.7674 0.6202 -0.1622
vn -0.2021 0.6141 0.7629
vn -0.2007 0.6134 0.7638
vn 0.0533 0.9036 0.4251
vn 0.0534 0.9036 0.4251
vn -0.7401 0.5586 0.3745
vn -0.7405 0.5587 0.3734
vn -0.4537 0.8811 0.1338
vn -0.9143 0.3894 0.1114
vn -0.9150 0.3895 0.1052
vn -0.6579 0.7479 -0.0881
vn -0.6580 0.7479 -0.0881
vn -0.8322 0.4609 -0.3082
vn -0.8322 0.4609 -0.3081
vn -0.7664 0.6288 0.1312
vn -0.7617 0.6345 0.1314
vn -0.5578 0.6004 -0.5731
vn -0.5113 0.8456 -0.1535
vn -0.5034 0.8503 -0.1536
vn -0.0489 0.5697 -0.8204
vn 0.0776 0.8930 -0.4433
vn 0.0819 0.8925 -0.4436
vn -0.7591 0.6386 0.1265
vn -0.7600 0.6389 0.1192
vn -0.9666 0.2497 -0.0578
vn -0.8259 0.3434 0.4472
vn -0.8293 0.3457 0.4390
vn -0.9766 -0.0579 0.2071
vn -0.9766 -0.0580 0.2071
vn -0.5840 -0.1543 0.7970
vn -0.5872 -0.1519 0.7951
vn -0.7332 -0.5059 0.4544
vn -0.9001 0.4169 -0.1265
vn -0.9008 0.4176 -0.1192
vn -0.6358 0.7697 0.0578
vn -0.6610 0.6026 -0.4472
vn -0.6646 0.6047 -0.4390
vn -0.3614 0.9091 -0.2071
vn -0.3614 0.9091 -0.2072
vn -0.1077 0.5943 -0.7970
vn -0.1112 0.5962 -0.7951
vn 0.1475 0.8785 -0.4544
vn -0.7760 -0.4487 0.4433
vn -0.7736 -0.4524 0.4436
vn -0.5368 -0.1971 0.8204
vn -0.9826 0.1048 0.1535
vn -0.9835 0.0957 0.1536
vn -0.7802 0.2508 0.5731
vn -0.8944 0.4277 -0.1312
vn -0.8975 0.4210 -0.1314
vn -0.7702 0.5584 0.3082
vn -0.7702 0.5585 0.3081
vt 0.846577 0.822206
vt 0.756189 0.911385
vt 0.765549 0.920872
vt 0.855937 0.831693
vt 0.362941 0.314024
vt 0.362941 0.438303
vt 0.380324 0.438303
vt 0.380324 0.314024
vt 0.868787 0.819015
vt 0.859428 0.809528
vt 0.365818 0.061986
vt 0.365819 0.186269
vt 0.383202 0.186269
vt 0.383201 0.061986
vt 0.168576 0.430799
vt 0.185959 0.430799
vt 0.185959 0.306519
vt 0.168576 0.306519
vt 0.197030 0.190016
vt 0.214413 0.190016
vt 0.214413 0.064904
vt 0.197030 0.064904
vt 0.949816 0.720349
vt 0.959176 0.729836
vt 0.402053 0.314910
vt 0.384670 0.314910
vt 0.384668 0.440029
vt 0.402051 0.440029
vt 0.232227 0.307406
vt 0.214844 0.307406
vt 0.214844 0.432526
vt 0.232227 0.432526
vt 0.946326 0.923308
vt 0.959176 0.910630
vt 0.203061 0.805517
vt 0.185678 0.805517
vt 0.185677 0.930635
vt 0.203060 0.930635
vt 0.769038 0.717912
vt 0.756188 0.730591
vt 0.146525 0.065542
vt 0.144715 0.065542
vt 0.144716 0.191167
vt 0.146525 0.192516
vt 0.143235 0.065542
vt 0.143235 0.190180
vt 0.142180 0.065542
vt 0.142181 0.189819
vt 0.190302 0.303823
vt 0.188494 0.305171
vt 0.188493 0.430799
vt 0.190302 0.430799
vt 0.187014 0.306158
vt 0.187013 0.430799
vt 0.381376 0.438303
vt 0.381378 0.313663
vt 0.382857 0.438303
vt 0.382859 0.312676
vt 0.384668 0.438303
vt 0.384668 0.311328
vt 0.384255 0.186630
vt 0.384256 0.061986
vt 0.385736 0.187617
vt 0.385736 0.061986
vt 0.387544 0.188965
vt 0.387544 0.061986
vt 0.211266 0.432526
vt 0.212637 0.432526
vt 0.212637 0.305615
vt 0.211265 0.303823
vt 0.213839 0.432526
vt 0.213839 0.306926
vt 0.405631 0.311328
vt 0.404259 0.313120
vt 0.404259 0.440029
vt 0.405631 0.440029
vt 0.403057 0.314431
vt 0.403057 0.440029
vt 0.206640 0.801935
vt 0.205269 0.803726
vt 0.205268 0.930635
vt 0.206640 0.930635
vt 0.204067 0.805037
vt 0.204066 0.930635
vt 0.215418 0.190496
vt 0.215418 0.064904
vt 0.216622 0.191808
vt 0.216622 0.064904
vt 0.217993 0.193600
vt 0.217993 0.064904
vt 0.124798 0.189819
vt 0.124797 0.065542
vt 0.037991 0.257594
vt 0.033868 0.257402
vt 0.034077 0.253190
vt 0.038043 0.253587
vt 0.520746 0.509184
vt 0.520429 0.505058
vt 0.524270 0.505051
vt 0.524884 0.507999
vt 0.520310 0.501078
vt 0.524286 0.501191
vt 0.528402 0.501506
vt 0.527195 0.505714
vt 0.038002 0.245570
vt 0.038056 0.249573
vt 0.034094 0.249986
vt 0.033879 0.245766
vt 0.038010 0.010578
vt 0.033942 0.010506
vt 0.033970 0.006536
vt 0.037940 0.006510
vt 0.528402 0.265541
vt 0.524279 0.265855
vt 0.524275 0.262015
vt 0.527222 0.261405
vt 0.520304 0.265971
vt 0.520417 0.261997
vt 0.520734 0.257882
vt 0.524940 0.259092
vt 0.038027 0.986672
vt 0.038024 0.990690
vt 0.034100 0.990920
vt 0.033938 0.986822
vt 0.037880 0.994781
vt 0.033915 0.993906
vt 0.037980 0.492609
vt 0.038036 0.496616
vt 0.034071 0.497032
vt 0.033854 0.492807
vt 0.038025 0.500634
vt 0.034055 0.500239
vt 0.037975 0.504645
vt 0.033850 0.504453
vt 0.277104 0.501504
vt 0.281227 0.501191
vt 0.281231 0.505030
vt 0.278284 0.505640
vt 0.285202 0.501074
vt 0.285089 0.505048
vt 0.284772 0.509163
vt 0.280566 0.507953
vt 0.037995 0.751693
vt 0.033871 0.751502
vt 0.034074 0.747289
vt 0.038043 0.747682
vt 0.284760 0.257861
vt 0.285078 0.261987
vt 0.281236 0.261995
vt 0.280623 0.259046
vt 0.285197 0.265967
vt 0.281220 0.265854
vt 0.277104 0.265539
vt 0.278311 0.261331
vt 0.037994 0.739657
vt 0.038052 0.743663
vt 0.034087 0.744081
vt 0.033868 0.739857
vt 0.272980 0.257611
vt 0.272923 0.253608
vt 0.276886 0.253191
vt 0.277104 0.257412
vt 0.272934 0.249593
vt 0.276900 0.249987
vt 0.272983 0.245586
vt 0.277104 0.245777
vt 0.520780 0.257841
vt 0.520466 0.253718
vt 0.524306 0.253713
vt 0.524917 0.256661
vt 0.520350 0.249742
vt 0.524324 0.249855
vt 0.528440 0.250171
vt 0.527230 0.254378
vt 0.273007 0.010594
vt 0.273078 0.006526
vt 0.277048 0.006553
vt 0.277075 0.010523
vt 0.273146 0.994751
vt 0.273011 0.990661
vt 0.276939 0.990873
vt 0.277104 0.993893
vt 0.273003 0.986639
vt 0.277090 0.986783
vt 0.277104 0.250206
vt 0.281231 0.249887
vt 0.281239 0.253730
vt 0.278290 0.254343
vt 0.285211 0.249768
vt 0.285099 0.253745
vt 0.284784 0.257861
vt 0.280576 0.256655
vt 0.272973 0.492612
vt 0.277095 0.492804
vt 0.276889 0.497014
vt 0.272922 0.496619
vt 0.528440 0.014166
vt 0.524313 0.014484
vt 0.524305 0.010642
vt 0.527254 0.010028
vt 0.520333 0.014603
vt 0.520445 0.010627
vt 0.520760 0.006510
vt 0.524968 0.007717
vt 0.272966 0.504637
vt 0.272911 0.500634
vt 0.276873 0.500218
vt 0.277090 0.504439
vt 0.272968 0.751660
vt 0.272914 0.747656
vt 0.276876 0.747242
vt 0.277091 0.751462
vt 0.272927 0.743642
vt 0.276893 0.744038
vt 0.272978 0.739635
vt 0.277101 0.739827
vt 0.284764 0.006531
vt 0.285078 0.010654
vt 0.281238 0.010659
vt 0.280627 0.007711
vt 0.285195 0.014630
vt 0.281220 0.014517
vt 0.277104 0.014200
vt 0.278314 0.009994
vt 0.308055 0.478222
vt 0.497455 0.478223
vt 0.060831 0.280443
vt 0.060822 0.469762
vt 0.497452 0.288823
vt 0.060853 0.033422
vt 0.060843 0.222729
vt 0.308052 0.288822
vt 0.060838 0.774531
vt 0.060864 0.963827
vt 0.060818 0.527491
vt 0.060832 0.716808
vt 0.250132 0.469767
vt 0.250139 0.280453
vt 0.739168 0.265507
vt 0.739168 0.279360
vt 0.549901 0.279360
vt 0.549901 0.265507
vt 0.250145 0.222742
vt 0.250161 0.033435
vt 0.753021 0.468627
vt 0.739168 0.468627
vt 0.753021 0.279360
vt 0.250159 0.963800
vt 0.250131 0.774504
vt 0.549901 0.482480
vt 0.549901 0.468627
vt 0.739168 0.482480
vt 0.250137 0.716793
vt 0.250126 0.527481
vt 0.964715 0.698653
vt 0.775448 0.698653
vt 0.775448 0.509386
vt 0.964715 0.509386
vt 0.775448 0.717912
vt 0.964715 0.717912
vt 0.756188 0.509386
vt 0.756188 0.698653
vt 0.964715 0.490126
vt 0.775448 0.490126
vt 0.983974 0.698653
vt 0.983974 0.509386
vt 0.736929 0.509386
vt 0.736929 0.698653
vt 0.547661 0.698653
vt 0.547661 0.509386
vt 0.528402 0.509386
vt 0.528402 0.698653
vt 0.736929 0.490126
vt 0.547661 0.490126
vt 0.485631 0.717711
vt 0.296364 0.717711
vt 0.296364 0.528443
vt 0.485631 0.528443
vt 0.296364 0.736970
vt 0.485631 0.736970
vt 0.277104 0.528443
vt 0.277104 0.717711
vt 0.485631 0.509184
vt 0.296364 0.509184
vt 0.504890 0.717711
vt 0.504890 0.528443
vt 0.302656 0.232320
vt 0.502904 0.232299
vt 0.302640 0.032073
vt 0.502888 0.032052
vt 0.736929 0.926439
vt 0.547661 0.926439
vt 0.547661 0.737172
vt 0.736929 0.737172
vt 0.547661 0.945698
vt 0.736929 0.945698
vt 0.528402 0.737172
vt 0.528402 0.926439
vt 0.736929 0.717912
vt 0.547661 0.717912
vt 0.756188 0.926439
vt 0.756188 0.737172
vt 0.547699 0.025770
vt 0.736966 0.025770
vt 0.736966 0.215037
vt 0.547699 0.215037
vt 0.736966 0.006510
vt 0.547699 0.006510
vt 0.756226 0.215037
vt 0.756226 0.025770
vt 0.547699 0.234296
vt 0.736966 0.234296
vt 0.528440 0.025770
vt 0.528440 0.215037
vt 0.536048 0.279360
vt 0.536048 0.468627
vt 0.528402 0.474033
vt 0.528402 0.273954
vt 0.544495 0.257861
vt 0.744574 0.257861
vt 0.760667 0.273954
vt 0.760667 0.474034
vt 0.744574 0.490126
vt 0.544494 0.490126
vt 0.380343 0.850750
vt 0.470732 0.939929
vt 0.480092 0.930442
vt 0.389703 0.841263
vt 0.109704 0.429126
vt 0.109705 0.304848
vt 0.092322 0.304848
vt 0.092321 0.429125
vt 0.376853 0.828585
vt 0.367493 0.838072
vt 0.168576 0.430797
vt 0.168576 0.306521
vt 0.151193 0.306521
vt 0.151193 0.430797
vt 0.177879 0.800371
vt 0.160495 0.800371
vt 0.160495 0.924653
vt 0.177879 0.924653
vt 0.205348 0.555978
vt 0.187965 0.555978
vt 0.187965 0.681093
vt 0.205348 0.681093
vt 0.277105 0.748893
vt 0.286465 0.739406
vt 0.222732 0.557702
vt 0.205349 0.557702
vt 0.205348 0.682819
vt 0.222731 0.682819
vt 0.218562 0.929627
vt 0.235946 0.929628
vt 0.235947 0.804509
vt 0.218563 0.804509
vt 0.480092 0.749648
vt 0.467242 0.736970
vt 0.207687 0.307406
vt 0.190304 0.307406
vt 0.190302 0.432524
vt 0.207686 0.432524
vt 0.277104 0.929687
vt 0.289954 0.942365
vt 0.142012 0.304613
vt 0.140201 0.304613
vt 0.140203 0.430236
vt 0.142013 0.431586
vt 0.138720 0.304613
vt 0.138722 0.429249
vt 0.137667 0.304613
vt 0.137667 0.428888
vt 0.156153 0.927349
vt 0.157962 0.926001
vt 0.157961 0.800371
vt 0.156151 0.800371
vt 0.159441 0.925014
vt 0.159441 0.800371
vt 0.091268 0.304848
vt 0.091267 0.429487
vt 0.089787 0.304848
vt 0.089786 0.430474
vt 0.087977 0.304848
vt 0.087977 0.431822
vt 0.150139 0.306159
vt 0.150138 0.430797
vt 0.148658 0.305172
vt 0.148659 0.430797
vt 0.146848 0.303823
vt 0.146848 0.430797
vt 0.239525 0.804509
vt 0.238155 0.804509
vt 0.238153 0.931419
vt 0.239525 0.933211
vt 0.236953 0.804509
vt 0.236951 0.930108
vt 0.226311 0.554119
vt 0.224939 0.555911
vt 0.224939 0.682819
vt 0.226311 0.682819
vt 0.223737 0.557222
vt 0.223737 0.682819
vt 0.209893 0.305615
vt 0.209894 0.432524
vt 0.211265 0.432524
vt 0.208691 0.306927
vt 0.208691 0.432524
vt 0.186959 0.555498
vt 0.186959 0.681093
vt 0.185757 0.554186
vt 0.185757 0.681093
vt 0.184385 0.552394
vt 0.184386 0.681093
vt 0.120285 0.428888
vt 0.120285 0.304613
vt 0.859465 0.120290
vt 0.949854 0.209469
vt 0.959214 0.199983
vt 0.868825 0.110804
vt 0.114808 0.188521
vt 0.114808 0.064240
vt 0.097425 0.064240
vt 0.097425 0.188521
vt 0.855975 0.098125
vt 0.846615 0.107612
vt 0.122436 0.923611
vt 0.122436 0.799340
vt 0.105054 0.799340
vt 0.105054 0.923611
vt 0.387544 0.188963
vt 0.404928 0.188963
vt 0.404928 0.064683
vt 0.387545 0.064683
vt 0.405631 0.436444
vt 0.423014 0.436444
vt 0.423014 0.311328
vt 0.756226 0.018433
vt 0.765586 0.008947
vt 0.235377 0.068487
vt 0.217993 0.068487
vt 0.217993 0.193604
vt 0.235376 0.193604
vt 0.409271 0.187106
vt 0.426655 0.187106
vt 0.426656 0.061986
vt 0.409272 0.061986
vt 0.959214 0.019188
vt 0.946364 0.006510
vt 0.443977 0.314911
vt 0.426593 0.314911
vt 0.426593 0.440027
vt 0.443977 0.440027
vt 0.756226 0.199227
vt 0.769076 0.211906
vt 0.328767 0.438802
vt 0.330577 0.438802
vt 0.330575 0.313178
vt 0.328765 0.311829
vt 0.332058 0.438802
vt 0.332056 0.314165
vt 0.333111 0.438802
vt 0.333111 0.314527
vt 0.409271 0.061986
vt 0.407462 0.063335
vt 0.407462 0.188963
vt 0.409271 0.188963
vt 0.405981 0.064322
vt 0.405982 0.188963
vt 0.096372 0.064240
vt 0.096371 0.188883
vt 0.094891 0.064240
vt 0.094891 0.189870
vt 0.093082 0.064240
vt 0.093081 0.191218
vt 0.103999 0.798978
vt 0.103999 0.923611
vt 0.102518 0.797991
vt 0.102519 0.923611
vt 0.100708 0.796641
vt 0.100708 0.923612
vt 0.430234 0.061987
vt 0.428862 0.061987
vt 0.428863 0.188898
vt 0.430234 0.190688
vt 0.427661 0.061987
vt 0.427661 0.187586
vt 0.238956 0.064904
vt 0.237584 0.066696
vt 0.237584 0.193604
vt 0.238956 0.193604
vt 0.236382 0.068007
vt 0.236382 0.193604
vt 0.447556 0.311328
vt 0.446184 0.313120
vt 0.446184 0.440027
vt 0.447556 0.440027
vt 0.444982 0.314431
vt 0.444982 0.440027
vt 0.424019 0.436924
vt 0.424020 0.311328
vt 0.425222 0.438236
vt 0.425222 0.311328
vt 0.426593 0.440028
vt 0.426593 0.311328
vt 0.350493 0.314527
vt 0.350493 0.438802
vt 0.860416 0.349476
vt 0.770027 0.260297
vt 0.760667 0.269784
vt 0.851056 0.358963
vt 0.161894 0.555088
vt 0.161893 0.679367
vt 0.179276 0.679367
vt 0.179277 0.555088
vt 0.863906 0.371641
vt 0.873266 0.362154
vt 0.151842 0.066854
vt 0.151842 0.191136
vt 0.169225 0.191136
vt 0.169225 0.066854
vt 0.149182 0.798790
vt 0.131799 0.798790
vt 0.131799 0.923069
vt 0.149182 0.923069
vt 0.091395 0.795991
vt 0.074012 0.795991
vt 0.074012 0.921102
vt 0.091394 0.921102
vt 0.963655 0.451334
vt 0.954295 0.460820
vt 0.193452 0.068486
vt 0.176069 0.068486
vt 0.176067 0.193605
vt 0.193451 0.193606
vt 0.116351 0.679035
vt 0.133735 0.679035
vt 0.133735 0.553914
vt 0.116351 0.553914
vt 0.760667 0.450578
vt 0.773517 0.463256
vt 0.447618 0.065568
vt 0.430234 0.065568
vt 0.430234 0.190686
vt 0.447617 0.190686
vt 0.963655 0.270539
vt 0.950805 0.257861
vt 0.116351 0.555644
vt 0.114542 0.555644
vt 0.114542 0.681269
vt 0.116351 0.682617
vt 0.113061 0.555644
vt 0.113062 0.680282
vt 0.112007 0.555644
vt 0.112007 0.679920
vt 0.127455 0.925766
vt 0.129264 0.924417
vt 0.129265 0.798790
vt 0.127456 0.798790
vt 0.130745 0.923431
vt 0.130745 0.798790
vt 0.180329 0.679367
vt 0.180331 0.554727
vt 0.181810 0.679367
vt 0.181812 0.553740
vt 0.183621 0.679367
vt 0.183621 0.552392
vt 0.170278 0.191497
vt 0.170280 0.066854
vt 0.171759 0.192484
vt 0.171759 0.066854
vt 0.173568 0.193832
vt 0.173568 0.066854
vt 0.137313 0.553914
vt 0.135941 0.553914
vt 0.135941 0.680825
vt 0.137313 0.682617
vt 0.134740 0.553914
vt 0.134740 0.679515
vt 0.195658 0.066696
vt 0.195658 0.193606
vt 0.197030 0.193606
vt 0.194456 0.068007
vt 0.194456 0.193606
vt 0.451196 0.061986
vt 0.449825 0.063777
vt 0.449825 0.190686
vt 0.451196 0.190686
vt 0.448623 0.065088
vt 0.448622 0.190686
vt 0.073006 0.795511
vt 0.073006 0.921102
vt 0.071803 0.794198
vt 0.071803 0.921102
vt 0.070431 0.792406
vt 0.070431 0.921102
vt 0.094624 0.679920
vt 0.094624 0.555644
s 1
usemtl Material.008
f 3835/5269/2592 3823/5270/2592 3826/5271/2592 3846/5272/2592
f 3813/5273/2593 3809/5274/2593 3830/5275/2593 3842/5276/2593
f 3846/5272/2592 3843/5277/2592 3838/5278/2592 3835/5269/2592
f 3808/5279/2593 3812/5280/2593 3847/5281/2593 3827/5282/2593
f 3807/5283/2594 3822/5284/2594 3834/5285/2594 3811/5286/2594
f 3811/5287/2595 3834/5288/2595 3863/5289/2595 3817/5290/2595
f 3818/5291/2592 3838/5278/2592 3843/5277/2592 3831/5292/2592
f 3847/5293/2595 3812/5294/2595 3815/5295/2595 3854/5296/2595
f 3813/5297/2596 3842/5298/2596 3851/5299/2596 3814/5300/2596
f 3843/5277/2592 3846/5272/2592 3855/5301/2592 3850/5302/2592
f 3839/5303/2596 3810/5304/2596 3816/5305/2596 3858/5306/2596
f 3835/5269/2592 3838/5278/2592 3859/5307/2592 3862/5308/2592
f 3818/5309/2597 3820/5310/2597 3840/5311/2598 3838/5312/2599
f 3820/5310/2600 3821/5313/2601 3841/5314/2602 3840/5311/2603
f 3821/5313/2604 3819/5315/2604 3839/5316/2605 3841/5314/2606
f 3835/5317/2607 3837/5318/2608 3825/5319/2609 3823/5320/2609
f 3837/5318/2610 3836/5321/2611 3824/5322/2612 3825/5319/2613
f 3836/5321/2614 3834/5285/2615 3822/5284/2616 3824/5322/2616
f 3830/5275/2617 3832/5323/2617 3844/5324/2618 3842/5276/2619
f 3832/5323/2620 3833/5325/2620 3845/5326/2621 3844/5324/2622
f 3833/5325/2623 3831/5327/2623 3843/5328/2624 3845/5326/2625
f 3847/5281/2626 3849/5329/2627 3829/5330/2628 3827/5282/2629
f 3849/5329/2630 3848/5331/2631 3828/5332/2632 3829/5330/2632
f 3848/5331/2633 3846/5333/2634 3826/5334/2635 3828/5332/2635
f 3850/5335/2636 3852/5336/2636 3845/5337/2637 3843/5338/2638
f 3852/5336/2639 3853/5339/2639 3844/5340/2640 3845/5337/2641
f 3853/5339/2642 3851/5299/2642 3842/5298/2643 3844/5340/2644
f 3846/5341/2645 3848/5342/2646 3857/5343/2647 3855/5344/2647
f 3848/5342/2648 3849/5345/2649 3856/5346/2650 3857/5343/2651
f 3849/5345/2652 3847/5293/2653 3854/5296/2654 3856/5346/2655
f 3838/5347/2656 3840/5348/2657 3861/5349/2658 3859/5350/2658
f 3840/5348/2659 3841/5351/2660 3860/5352/2661 3861/5349/2661
f 3841/5351/2662 3839/5303/2663 3858/5306/2664 3860/5352/2664
f 3834/5288/2665 3836/5353/2666 3865/5354/2667 3863/5289/2667
f 3836/5353/2668 3837/5355/2669 3864/5356/2670 3865/5354/2670
f 3837/5355/2671 3835/5357/2672 3862/5358/2673 3864/5356/2673
f 3810/5359/2594 3839/5316/2594 3819/5315/2594 3806/5360/2594
f 3960/5361/2674 3869/5362/2675 3871/5363/2676 3870/5364/2677
f 3869/5365/2675 3873/5366/2678 3874/5367/2679 3871/5368/2676
f 3959/5369/2680 3872/5370/2681 3874/5367/2679 3873/5366/2678
f 3872/5370/2681 3876/5371/2682 3877/5372/2683 3874/5367/2679
f 3964/5373/2684 3875/5374/2685 3877/5375/2683 3876/5376/2682
f 3875/5374/2685 3870/5364/2677 3871/5363/2676 3877/5375/2683
f 3871/5368/2676 3874/5367/2679 3877/5372/2683
f 3963/5377/2686 3881/5378/2682 3883/5379/2687 3882/5380/2688
f 3881/5381/2682 3885/5382/2681 3886/5383/2689 3883/5384/2687
f 3962/5385/2690 3884/5386/2691 3886/5383/2689 3885/5382/2681
f 3884/5386/2691 3888/5387/2692 3889/5388/2693 3886/5383/2689
f 3967/5389/2592 3887/5390/2694 3889/5391/2693 3888/5392/2692
f 3887/5390/2694 3882/5393/2688 3883/5394/2687 3889/5391/2693
f 3883/5384/2687 3886/5383/2689 3889/5388/2693
f 3961/5395/2695 3893/5396/2696 3895/5397/2697 3894/5398/2675
f 3893/5396/2696 3897/5399/2698 3898/5400/2699 3895/5397/2697
f 3968/5401/2700 3896/5402/2701 3898/5400/2699 3897/5399/2698
f 3896/5403/2701 3900/5404/2702 3901/5405/2703 3898/5406/2699
f 3958/5407/2704 3899/5408/2678 3901/5405/2703 3900/5404/2702
f 3899/5408/2678 3894/5409/2675 3895/5410/2697 3901/5405/2703
f 3895/5410/2697 3898/5406/2699 3901/5405/2703
f 3966/5411/2705 3905/5412/2692 3907/5413/2706 3906/5414/2707
f 3905/5415/2692 3909/5416/2691 3910/5417/2708 3907/5418/2706
f 3965/5419/2709 3908/5420/2702 3910/5417/2708 3909/5416/2691
f 3908/5420/2702 3912/5421/2701 3913/5422/2710 3910/5417/2708
f 3969/5423/2711 3911/5424/2712 3913/5425/2710 3912/5426/2701
f 3911/5424/2712 3906/5414/2707 3907/5413/2706 3913/5425/2710
f 3907/5418/2706 3910/5417/2708 3913/5422/2710
f 3971/5427/2674 3916/5428/2677 3918/5429/2713 3917/5430/2714
f 3916/5428/2677 3920/5431/2685 3921/5432/2715 3918/5429/2713
f 3974/5433/2684 3919/5434/2716 3921/5432/2715 3920/5431/2685
f 3919/5435/2716 3923/5436/2717 3924/5437/2718 3921/5438/2715
f 3972/5439/2719 3922/5440/2720 3924/5437/2718 3923/5436/2717
f 3922/5440/2720 3917/5441/2714 3918/5442/2713 3924/5437/2718
f 3918/5442/2713 3921/5438/2715 3924/5437/2718
f 3975/5443/2686 3927/5444/2688 3929/5445/2721 3928/5446/2716
f 3927/5447/2688 3931/5448/2694 3932/5449/2722 3929/5450/2721
f 3977/5451/2592 3930/5452/2723 3932/5449/2722 3931/5448/2694
f 3930/5453/2723 3934/5454/2724 3935/5455/2725 3932/5456/2722
f 3976/5457/2726 3933/5458/2717 3935/5455/2725 3934/5454/2724
f 3933/5458/2717 3928/5459/2716 3929/5460/2721 3935/5455/2725
f 3929/5460/2721 3932/5456/2722 3935/5455/2725
f 3970/5461/2695 3938/5462/2714 3940/5463/2727 3939/5464/2696
f 3938/5465/2714 3942/5466/2720 3943/5467/2728 3940/5468/2727
f 3973/5469/2729 3941/5470/2730 3943/5467/2728 3942/5466/2720
f 3941/5470/2730 3945/5471/2731 3946/5472/2732 3943/5467/2728
f 3981/5473/2700 3944/5474/2698 3946/5475/2732 3945/5476/2731
f 3944/5474/2698 3939/5464/2696 3940/5463/2727 3946/5475/2732
f 3940/5468/2727 3943/5467/2728 3946/5472/2732
f 3978/5477/2705 3949/5478/2707 3951/5479/2733 3950/5480/2723
f 3949/5478/2707 3953/5481/2712 3954/5482/2734 3951/5479/2733
f 3980/5483/2711 3952/5484/2731 3954/5482/2734 3953/5481/2712
f 3952/5485/2731 3956/5486/2730 3957/5487/2735 3954/5488/2734
f 3979/5489/2736 3955/5490/2724 3957/5487/2735 3956/5486/2730
f 3955/5490/2724 3950/5491/2723 3951/5492/2733 3957/5487/2735
f 3951/5492/2733 3954/5488/2734 3957/5487/2735
f 3958/5407/2704 3959/5369/2680 3873/5366/2678 3899/5408/2678
f 3899/5408/2678 3873/5366/2678 3869/5365/2675 3894/5409/2675
f 3894/5398/2675 3869/5362/2675 3960/5361/2674 3961/5395/2695
f 3959/5369/2680 3962/5385/2690 3885/5382/2681 3872/5370/2681
f 3872/5370/2681 3885/5382/2681 3881/5381/2682 3876/5371/2682
f 3876/5376/2682 3881/5378/2682 3963/5377/2686 3964/5373/2684
f 3962/5385/2690 3965/5419/2709 3909/5416/2691 3884/5386/2691
f 3884/5386/2691 3909/5416/2691 3905/5415/2692 3888/5387/2692
f 3888/5392/2692 3905/5412/2692 3966/5411/2705 3967/5389/2592
f 3965/5419/2709 3958/5407/2704 3900/5404/2702 3908/5420/2702
f 3908/5420/2702 3900/5404/2702 3896/5403/2701 3912/5421/2701
f 3912/5426/2701 3896/5402/2701 3968/5401/2700 3969/5423/2711
f 3970/5461/2695 3971/5427/2674 3917/5430/2714 3938/5462/2714
f 3938/5465/2714 3917/5441/2714 3922/5440/2720 3942/5466/2720
f 3942/5466/2720 3922/5440/2720 3972/5439/2719 3973/5469/2729
f 3974/5433/2684 3975/5443/2686 3928/5446/2716 3919/5434/2716
f 3919/5435/2716 3928/5459/2716 3933/5458/2717 3923/5436/2717
f 3923/5436/2717 3933/5458/2717 3976/5457/2726 3972/5439/2719
f 3977/5451/2592 3978/5477/2705 3950/5480/2723 3930/5452/2723
f 3930/5453/2723 3950/5491/2723 3955/5490/2724 3934/5454/2724
f 3934/5454/2724 3955/5490/2724 3979/5489/2736 3976/5457/2726
f 3980/5483/2711 3981/5473/2700 3945/5476/2731 3952/5484/2731
f 3952/5485/2731 3945/5471/2731 3941/5470/2730 3956/5486/2730
f 3956/5486/2730 3941/5470/2730 3973/5469/2729 3979/5489/2736
f 3969/5423/2711 3980/5483/2711 3953/5481/2712 3911/5424/2712
f 3911/5424/2712 3953/5481/2712 3949/5478/2707 3906/5414/2707
f 3906/5414/2707 3949/5478/2707 3978/5477/2705 3966/5411/2705
f 3975/5443/2686 3963/5377/2686 3882/5380/2688 3927/5444/2688
f 3927/5447/2688 3882/5393/2688 3887/5390/2694 3931/5448/2694
f 3931/5448/2694 3887/5390/2694 3967/5389/2592 3977/5451/2592
f 3964/5373/2684 3974/5433/2684 3920/5431/2685 3875/5374/2685
f 3875/5374/2685 3920/5431/2685 3916/5428/2677 3870/5364/2677
f 3870/5364/2677 3916/5428/2677 3971/5427/2674 3960/5361/2674
f 3981/5473/2700 3968/5401/2700 3897/5399/2698 3944/5474/2698
f 3944/5474/2698 3897/5399/2698 3893/5396/2696 3939/5464/2696
f 3939/5464/2696 3893/5396/2696 3961/5395/2695 3970/5461/2695
f 3892/5493/2737 3867/5494/2737 3959/5369/2680 3958/5407/2704
f 3866/5495/2695 3890/5496/2695 3961/5395/2695 3960/5361/2674
f 3867/5494/2737 3879/5497/2737 3962/5385/2690 3959/5369/2680
f 3878/5498/2684 3868/5499/2684 3964/5373/2684 3963/5377/2686
f 3879/5497/2737 3903/5500/2737 3965/5419/2709 3962/5385/2690
f 3902/5501/2592 3880/5502/2592 3967/5389/2592 3966/5411/2705
f 3903/5500/2737 3892/5493/2737 3958/5407/2704 3965/5419/2709
f 3891/5503/2711 3904/5504/2711 3969/5423/2711 3968/5401/2700
f 3936/5505/2695 3914/5506/2695 3971/5427/2674 3970/5461/2695
f 4009/5507/2711 3995/5508/2711 3994/5509/2711 4007/5510/2711
f 3915/5511/2684 3925/5512/2684 3975/5443/2686 3974/5433/2684
f 4013/5513/2695 3996/5514/2695 3995/5508/2695 4009/5515/2695
f 3926/5516/2592 3947/5517/2592 3978/5477/2705 3977/5451/2592
f 4010/5518/2684 3997/5519/2684 3996/5514/2684 4013/5520/2684
f 3948/5521/2711 3937/5522/2711 3981/5473/2700 3980/5483/2711
f 3904/5504/2711 3948/5521/2711 3980/5483/2711 3969/5423/2711
f 3947/5517/2592 3902/5501/2592 3966/5411/2705 3978/5477/2705
f 3925/5512/2684 3878/5498/2684 3963/5377/2686 3975/5443/2686
f 3880/5502/2592 3926/5516/2592 3977/5451/2592 3967/5389/2592
f 3868/5499/2684 3915/5511/2684 3974/5433/2684 3964/5373/2684
f 3914/5506/2695 3866/5495/2695 3960/5361/2674 3971/5427/2674
f 3937/5522/2711 3891/5503/2711 3968/5401/2700 3981/5473/2700
f 3890/5496/2695 3936/5505/2695 3970/5461/2695 3961/5395/2695
f 3982/5523/2684 3983/5524/2684 3984/5525/2684 3985/5526/2684
f 3878/5527/2738 3983/5524/2738 3982/5523/2738 3868/5528/2738
f 3925/5529/2695 3984/5525/2695 3983/5524/2695 3878/5530/2695
f 3915/5531/2737 3985/5526/2737 3984/5525/2737 3925/5532/2737
f 3868/5533/2592 3982/5523/2592 3985/5526/2592 3915/5534/2592
f 3986/5535/2711 3987/5536/2711 3988/5537/2711 3989/5538/2711
f 3891/5530/2738 3987/5536/2738 3986/5535/2738 3904/5529/2738
f 3948/5539/2737 3989/5538/2737 3988/5537/2737 3937/5540/2737
f 3904/5541/2695 3986/5535/2695 3989/5538/2695 3948/5542/2695
f 3990/5543/2737 3991/5544/2737 3992/5545/2737 3993/5546/2737
f 3892/5547/2592 3991/5544/2592 3990/5543/2592 3867/5548/2592
f 3903/5549/2684 3992/5545/2684 3991/5544/2684 3892/5550/2684
f 3879/5551/2695 3993/5546/2695 3992/5545/2695 3903/5552/2695
f 3867/5553/2711 3990/5543/2711 3993/5546/2711 3879/5554/2711
f 3994/5509/2738 3995/5508/2738 3996/5514/2738 3997/5519/2738
f 4008/5555/2738 4006/5556/2738 3972/5439/2719 3976/5457/2726
f 4012/5557/2738 4008/5555/2738 3976/5457/2726 3979/5489/2736
f 4011/5558/2738 4012/5557/2738 3979/5489/2736 3973/5469/2729
f 4006/5556/2738 4011/5558/2738 3973/5469/2729 3972/5439/2719
f 3998/5559/2592 3999/5560/2592 4000/5561/2592 4001/5562/2592
f 3902/5563/2738 3999/5560/2738 3998/5559/2738 3880/5564/2738
f 3947/5565/2684 4000/5561/2684 3999/5560/2684 3902/5566/2684
f 3926/5567/2737 4001/5562/2737 4000/5561/2737 3947/5568/2737
f 3880/5569/2711 3998/5559/2711 4001/5562/2711 3926/5570/2711
f 4002/5571/2695 4003/5572/2695 4004/5573/2695 4005/5574/2695
f 3866/5575/2738 4003/5572/2738 4002/5571/2738 3890/5576/2738
f 3914/5577/2711 4004/5573/2711 4003/5572/2711 3866/5578/2711
f 3936/5579/2737 4005/5574/2737 4004/5573/2737 3914/5580/2737
f 3890/5581/2684 4002/5571/2684 4005/5574/2684 3936/5582/2684
f 3891/5567/2592 3937/5568/2592 3988/5537/2592 3987/5536/2592
f 4007/5583/2739 4010/5584/2739 4011/5585/2739 4006/5586/2739
f 4009/5507/2595 4007/5510/2595 4006/5587/2595 4008/5588/2595
f 4013/5513/2740 4009/5515/2740 4008/5589/2740 4012/5590/2740
f 4010/5518/2593 4013/5520/2593 4012/5591/2593 4011/5592/2593
f 4007/5583/2592 3994/5509/2592 3997/5519/2592 4010/5584/2592
f 4043/5593/2684 4031/5594/2684 4034/5595/2684 4054/5596/2684
f 4021/5597/2740 4017/5598/2740 4038/5599/2740 4050/5600/2740
f 4054/5596/2684 4051/5601/2684 4046/5602/2684 4043/5593/2684
f 4016/5603/2740 4020/5604/2740 4055/5605/2740 4035/5606/2740
f 4015/5607/2741 4030/5608/2741 4042/5609/2741 4019/5610/2741
f 4019/5611/2739 4042/5612/2739 4071/5613/2739 4025/5614/2739
f 4026/5615/2684 4046/5602/2684 4051/5601/2684 4039/5616/2684
f 4055/5617/2739 4020/5618/2739 4023/5619/2739 4062/5620/2739
f 4021/5621/2742 4050/5622/2742 4059/5623/2742 4022/5624/2742
f 4051/5601/2684 4054/5596/2684 4063/5625/2684 4058/5626/2684
f 4047/5627/2742 4018/5628/2742 4024/5629/2742 4066/5630/2742
f 4043/5593/2684 4046/5602/2684 4067/5631/2684 4070/5632/2684
f 4026/5633/2743 4028/5634/2743 4048/5635/2744 4046/5636/2745
f 4028/5634/2746 4029/5637/2747 4049/5638/2748 4048/5635/2749
f 4029/5637/2750 4027/5639/2750 4047/5640/2751 4049/5638/2752
f 4043/5641/2753 4045/5642/2754 4033/5643/2755 4031/5644/2755
f 4045/5642/2756 4044/5645/2757 4032/5646/2758 4033/5643/2758
f 4044/5645/2759 4042/5609/2760 4030/5608/2761 4032/5646/2761
f 4038/5599/2762 4040/5647/2762 4052/5648/2763 4050/5600/2764
f 4040/5647/2765 4041/5649/2765 4053/5650/2766 4052/5648/2767
f 4041/5649/2768 4039/5651/2768 4051/5652/2769 4053/5650/2770
f 4055/5605/2771 4057/5653/2772 4037/5654/2773 4035/5606/2774
f 4057/5653/2775 4056/5655/2776 4036/5656/2777 4037/5654/2778
f 4056/5655/2779 4054/5657/2780 4034/5658/2781 4036/5656/2781
f 4058/5659/2782 4060/5660/2782 4053/5661/2783 4051/5662/2784
f 4060/5660/2785 4061/5663/2785 4052/5664/2786 4053/5661/2787
f 4061/5663/2788 4059/5623/2788 4050/5622/2789 4052/5664/2790
f 4054/5665/2791 4056/5666/2792 4065/5667/2793 4063/5668/2793
f 4056/5666/2794 4057/5669/2795 4064/5670/2796 4065/5667/2796
f 4057/5669/2797 4055/5617/2798 4062/5620/2799 4064/5670/2799
f 4046/5338/2800 4048/5671/2801 4069/5672/2802 4067/5673/2802
f 4048/5671/2803 4049/5674/2804 4068/5675/2805 4069/5672/2805
f 4049/5674/2806 4047/5627/2807 4066/5630/2808 4068/5675/2808
f 4042/5612/2809 4044/5676/2810 4073/5677/2811 4071/5613/2811
f 4044/5676/2812 4045/5678/2813 4072/5679/2814 4073/5677/2814
f 4045/5678/2815 4043/5680/2816 4070/5681/2817 4072/5679/2817
f 4018/5682/2741 4047/5640/2741 4027/5639/2741 4014/5683/2741
f 4103/5684/2711 4091/5685/2711 4094/5686/2711 4114/5687/2711
f 4081/5688/2739 4077/5689/2739 4098/5690/2739 4110/5691/2739
f 4114/5687/2711 4111/5692/2711 4106/5693/2711 4103/5684/2711
f 4076/5694/2739 4080/5695/2739 4115/5696/2739 4095/5697/2739
f 4075/5698/2742 4090/5699/2742 4102/5700/2742 4079/5701/2742
f 4079/5702/2740 4102/5703/2740 4131/5704/2740 4085/5341/2740
f 4086/5705/2711 4106/5693/2711 4111/5692/2711 4099/5706/2711
f 4115/5707/2740 4080/5708/2740 4083/5709/2740 4122/5710/2740
f 4081/5711/2741 4110/5712/2741 4119/5713/2741 4082/5714/2741
f 4111/5692/2711 4114/5687/2711 4123/5715/2711 4118/5716/2711
f 4107/5717/2741 4078/5718/2741 4084/5719/2741 4126/5720/2741
f 4103/5684/2711 4106/5693/2711 4127/5721/2711 4130/5722/2711
f 4086/5723/2818 4088/5724/2818 4108/5725/2819 4106/5726/2820
f 4088/5724/2821 4089/5727/2821 4109/5728/2822 4108/5725/2823
f 4089/5727/2824 4087/5729/2824 4107/5730/2825 4109/5728/2826
f 4103/5731/2827 4105/5732/2828 4093/5733/2829 4091/5734/2829
f 4105/5732/2830 4104/5735/2831 4092/5736/2832 4093/5733/2832
f 4104/5735/2833 4102/5700/2834 4090/5699/2835 4092/5736/2835
f 4098/5690/2836 4100/5737/2836 4112/5738/2837 4110/5691/2838
f 4100/5737/2839 4101/5739/2840 4113/5740/2841 4112/5738/2842
f 4101/5739/2843 4099/5741/2843 4111/5742/2844 4113/5740/2845
f 4115/5696/2846 4117/5743/2847 4097/5744/2848 4095/5697/2848
f 4117/5743/2849 4116/5745/2850 4096/5746/2851 4097/5744/2851
f 4116/5745/2852 4114/5747/2853 4094/5748/2854 4096/5746/2854
f 4118/5749/2855 4120/5750/2855 4113/5751/2856 4111/5752/2857
f 4120/5750/2858 4121/5753/2858 4112/5754/2859 4113/5751/2860
f 4121/5753/2861 4119/5713/2861 4110/5712/2862 4112/5754/2863
f 4114/5755/2864 4116/5756/2865 4125/5757/2866 4123/5758/2866
f 4116/5756/2867 4117/5759/2868 4124/5760/2869 4125/5757/2869
f 4117/5759/2870 4115/5707/2871 4122/5710/2872 4124/5760/2872
f 4106/5761/2873 4108/5762/2874 4129/5763/2875 4127/5764/2875
f 4108/5762/2876 4109/5765/2877 4128/5766/2878 4129/5763/2878
f 4109/5765/2879 4107/5717/2880 4126/5720/2881 4128/5766/2881
f 4102/5703/2882 4104/5767/2883 4133/5768/2884 4131/5704/2884
f 4104/5767/2885 4105/5769/2886 4132/5770/2887 4133/5768/2887
f 4105/5769/2888 4103/5771/2889 4130/5772/2890 4132/5770/2890
f 4078/5773/2742 4107/5730/2742 4087/5729/2742 4074/5774/2742
f 4163/5775/2695 4151/5776/2695 4154/5777/2695 4174/5778/2695
f 4141/5779/2595 4137/5780/2595 4158/5781/2595 4170/5782/2595
f 4174/5778/2695 4171/5783/2695 4166/5784/2695 4163/5775/2695
f 4136/5785/2595 4140/5786/2595 4175/5787/2595 4155/5788/2595
f 4135/5789/2596 4150/5790/2596 4162/5791/2596 4139/5792/2596
f 4139/5793/2593 4162/5794/2593 4191/5795/2593 4145/5796/2593
f 4146/5797/2695 4166/5784/2695 4171/5783/2695 4159/5798/2695
f 4175/5799/2593 4140/5800/2593 4143/5801/2593 4182/5802/2593
f 4141/5803/2594 4170/5804/2594 4179/5805/2594 4142/5806/2594
f 4171/5783/2695 4174/5778/2695 4183/5807/2695 4178/5808/2695
f 4167/5809/2594 4138/5810/2594 4144/5811/2594 4186/5812/2594
f 4163/5775/2695 4166/5784/2695 4187/5813/2695 4190/5814/2695
f 4146/5815/2891 4148/5816/2891 4168/5817/2892 4166/5818/2893
f 4148/5816/2894 4149/5819/2894 4169/5820/2895 4168/5817/2896
f 4149/5819/2897 4147/5821/2897 4167/5822/2898 4169/5820/2899
f 4163/5823/2900 4165/5824/2901 4153/5825/2902 4151/5826/2902
f 4165/5824/2903 4164/5827/2904 4152/5828/2905 4153/5825/2905
f 4164/5827/2906 4162/5791/2907 4150/5790/2908 4152/5828/2908
f 4158/5781/2909 4160/5829/2909 4172/5830/2910 4170/5782/2911
f 4160/5829/2912 4161/5831/2913 4173/5832/2914 4172/5830/2915
f 4161/5831/2916 4159/5833/2916 4171/5834/2917 4173/5832/2918
f 4175/5787/2919 4177/5835/2920 4157/5836/2921 4155/5788/2922
f 4177/5835/2923 4176/5837/2924 4156/5838/2925 4157/5836/2925
f 4176/5837/2926 4174/5839/2927 4154/5840/2928 4156/5838/2929
f 4178/5841/2930 4180/5842/2931 4173/5843/2932 4171/5844/2933
f 4180/5842/2934 4181/5845/2934 4172/5846/2935 4173/5843/2936
f 4181/5845/2937 4179/5805/2937 4170/5804/2938 4172/5846/2939
f 4174/5290/2940 4176/5847/2941 4185/5848/2942 4183/5849/2942
f 4176/5847/2943 4177/5850/2944 4184/5851/2945 4185/5848/2946
f 4177/5850/2947 4175/5799/2948 4182/5802/2949 4184/5851/2949
f 4166/5852/2950 4168/5853/2951 4189/5854/2952 4187/5855/2952
f 4168/5853/2953 4169/5856/2954 4188/5857/2955 4189/5854/2956
f 4169/5856/2957 4167/5809/2958 4186/5812/2959 4188/5857/2959
f 4162/5794/2960 4164/5858/2961 4193/5859/2962 4191/5795/2962
f 4164/5858/2963 4165/5860/2964 4192/5861/2965 4193/5859/2965
f 4165/5860/2966 4163/5862/2967 4190/5863/2968 4192/5861/2969
f 4138/5864/2596 4167/5822/2596 4147/5821/2596 4134/5865/2596
o Crate_Plane.009
v -4.973689 4.098969 0.323049
v -5.537347 4.619532 1.090314
v -5.494880 4.580311 1.148121
v -4.931221 4.059750 0.380856
v -5.231226 4.336816 0.673615
v -5.279809 4.381685 0.739748
v -5.237342 4.342464 0.797555
v -5.188759 4.297596 0.731423
v -4.929489 4.058148 1.084348
v -4.978072 4.103017 1.150481
v -5.490497 4.576263 0.320690
v -5.539080 4.621132 0.386822
v -4.914137 4.148553 0.333157
v -4.926641 4.149912 0.323049
v -4.918530 4.151246 0.328103
v -4.923107 4.151743 0.324403
v -5.490299 4.670475 1.090314
v -5.477796 4.669116 1.100421
v -5.486765 4.672305 1.091668
v -5.482188 4.671808 1.095368
v -5.450179 4.643610 1.138014
v -5.447832 4.631254 1.148121
v -5.447146 4.639445 1.143068
v -5.446288 4.634923 1.146767
v -4.884173 4.110692 0.380856
v -4.886521 4.123048 0.370749
v -4.882629 4.114360 0.379502
v -4.883489 4.118883 0.375803
v -5.232762 4.432628 0.739748
v -5.214670 4.426108 0.742249
v -5.228479 4.433767 0.740083
v -5.221857 4.431380 0.740998
v -5.177263 4.391561 0.691329
v -5.184178 4.387759 0.673615
v -5.178862 4.391673 0.682472
v -5.181393 4.390281 0.675988
v -5.141711 4.348539 0.731423
v -5.149646 4.366056 0.728921
v -5.140915 4.352899 0.731087
v -5.143820 4.359310 0.730172
v -5.187054 4.400603 0.779841
v -5.190294 4.393407 0.797555
v -5.186815 4.399018 0.788698
v -5.188001 4.396384 0.795182
v -4.882950 4.119751 1.091954
v -4.882441 4.109091 1.084348
v -4.880836 4.116434 1.088151
v -4.880650 4.112532 1.085367
v -4.931024 4.153960 1.150481
v -4.920358 4.154298 1.142874
v -4.927736 4.156018 1.149461
v -4.923832 4.156142 1.146677
v -5.443449 4.627206 0.320690
v -5.443959 4.637866 0.328296
v -5.441658 4.630647 0.321709
v -5.441845 4.634549 0.324493
v -5.481366 4.672413 0.379216
v -5.492033 4.672075 0.386822
v -5.484840 4.674257 0.383019
v -5.488744 4.674133 0.385803
v -5.574671 3.414654 0.358075
v -5.491566 3.504639 0.235585
v -5.401582 3.421535 0.358075
v -5.504899 3.355925 0.251299
v -5.493385 3.345292 0.266972
v -5.491109 3.348734 0.251962
v -5.474936 3.365269 0.239778
v -5.497083 3.364388 0.239778
v -5.485606 3.354692 0.243851
v -5.477106 3.345939 0.266972
v -5.466472 3.357452 0.251299
v -5.479648 3.349190 0.251962
v -4.889326 3.976198 0.358075
v -4.979311 4.059303 0.235585
v -4.896206 4.149288 0.358075
v -4.830597 4.045970 0.251299
v -4.819963 4.057484 0.266972
v -4.823406 4.059760 0.251962
v -4.839941 4.075934 0.239778
v -4.839060 4.053787 0.239778
v -4.829364 4.065263 0.243851
v -4.820611 4.073764 0.266972
v -4.832124 4.084397 0.251299
v -4.823861 4.071222 0.251962
v -6.129335 3.926910 0.358075
v -6.136215 4.099999 0.358075
v -6.046230 4.016895 0.235585
v -6.204931 4.002434 0.266972
v -6.193417 3.991801 0.251299
v -6.201680 4.004976 0.251962
v -6.194944 4.030227 0.251299
v -6.205578 4.018713 0.266972
v -6.202136 4.016438 0.251962
v -6.185601 4.000264 0.239778
v -6.186481 4.022411 0.239778
v -6.196177 4.010934 0.243851
v -5.450871 4.661543 0.358075
v -5.533975 4.571558 0.235585
v -5.623960 4.654663 0.358075
v -5.520642 4.720273 0.251299
v -5.532156 4.730906 0.266972
v -5.534432 4.727464 0.251962
v -5.550606 4.710929 0.239778
v -5.528459 4.711809 0.239778
v -5.539935 4.721505 0.243851
v -5.548436 4.730259 0.266972
v -5.559069 4.718745 0.251299
v -5.545894 4.727008 0.251962
v -5.574671 3.414655 1.113096
v -5.401582 3.421535 1.113096
v -5.493385 3.345292 1.204199
v -5.504899 3.355925 1.219872
v -5.491109 3.348734 1.219208
v -5.466472 3.357453 1.219872
v -5.477106 3.345939 1.204199
v -5.479648 3.349190 1.219208
v -5.497083 3.364388 1.231392
v -5.474936 3.365269 1.231392
v -5.485606 3.354692 1.227319
v -4.889327 3.976198 1.113096
v -4.896206 4.149288 1.113096
v -4.819963 4.057484 1.204199
v -4.830597 4.045970 1.219872
v -4.823406 4.059761 1.219208
v -4.832124 4.084397 1.219872
v -4.820611 4.073764 1.204199
v -4.823861 4.071222 1.219208
v -4.839060 4.053787 1.231392
v -4.839941 4.075934 1.231392
v -4.829364 4.065263 1.227319
v -6.129335 3.926910 1.113096
v -6.136215 4.099999 1.113096
v -6.193417 3.991801 1.219871
v -6.204931 4.002434 1.204199
v -6.201680 4.004976 1.219208
v -6.186481 4.022411 1.231392
v -6.185601 4.000264 1.231392
v -6.196177 4.010934 1.227319
v -6.205578 4.018713 1.204199
v -6.194944 4.030227 1.219871
v -6.202136 4.016438 1.219208
v -5.450871 4.661543 1.113096
v -5.623960 4.654663 1.113096
v -5.532156 4.730906 1.204199
v -5.520642 4.720273 1.219871
v -5.534432 4.727464 1.219208
v -5.559069 4.718745 1.219871
v -5.548436 4.730259 1.204199
v -5.545894 4.727008 1.219208
v -5.528459 4.711809 1.231392
v -5.550606 4.710929 1.231392
v -5.539935 4.721505 1.227319
v -6.174967 4.011777 0.235585
v -5.486449 3.375902 0.235585
v -5.507744 3.352844 0.266972
v -6.196262 3.988720 0.266972
v -4.850574 4.064420 0.235585
v -4.827517 4.043126 0.266972
v -5.463392 3.354608 0.266972
v -5.539092 4.700295 0.235585
v -5.517797 4.723353 0.266972
v -4.829279 4.087478 0.266972
v -6.198025 4.033072 0.266972
v -5.562150 4.721590 0.266972
v -6.196262 3.988720 1.204199
v -5.507744 3.352845 1.204199
v -5.486449 3.375902 1.235585
v -6.174967 4.011778 1.235585
v -5.463392 3.354608 1.204199
v -4.827517 4.043126 1.204199
v -4.850574 4.064420 1.235585
v -4.829279 4.087478 1.204199
v -5.517797 4.723353 1.204199
v -5.539092 4.700295 1.235585
v -5.562150 4.721590 1.204199
v -6.198025 4.033072 1.204199
v -5.458023 3.473661 0.358075
v -4.945768 4.028325 0.358075
v -4.945768 4.028325 1.113096
v -5.458023 3.473661 1.113096
v -5.567518 4.602537 0.358075
v -6.079773 4.047873 0.358075
v -6.079773 4.047873 1.113096
v -5.567518 4.602537 1.113096
v -5.491566 3.504639 0.312415
v -6.046230 4.016895 0.312415
v -5.533975 4.571558 0.312415
v -4.979311 4.059303 0.312415
v -5.491566 3.504639 1.158755
v -4.979311 4.059303 1.158755
v -5.533975 4.571558 1.158755
v -6.046230 4.016895 1.158755
v -4.948333 4.092846 0.358075
v -5.502996 4.605102 0.358075
v -5.502996 4.605102 1.113096
v -4.948333 4.092846 1.113096
v -6.077209 3.983352 0.358075
v -5.522545 3.471096 0.358075
v -5.522545 3.471096 1.113096
v -6.077209 3.983352 1.113096
v -5.490355 3.474163 1.235585
v -5.491566 3.504639 1.214018
v -4.948835 4.060514 1.235585
v -4.979311 4.059303 1.214018
v -6.046230 4.016895 1.214018
v -6.076706 4.015683 1.235585
v -5.535186 4.602035 1.235585
v -5.533975 4.571558 1.214018
v -5.450634 3.497848 0.323049
v -4.930073 4.061506 1.090314
v -4.969293 4.019039 1.148121
v -5.489855 3.455381 0.380856
v -5.212788 3.755386 0.673615
v -5.167919 3.803969 0.739748
v -5.207139 3.761502 0.797555
v -5.252008 3.712919 0.731423
v -5.491456 3.453648 1.084348
v -5.446587 3.502231 1.150481
v -4.973341 4.014657 0.320690
v -4.928472 4.063240 0.386822
v -5.401051 3.438297 0.333157
v -5.399692 3.450800 0.323049
v -5.398358 3.442690 0.328103
v -5.397861 3.447266 0.324403
v -4.879129 4.014459 1.090314
v -4.880488 4.001955 1.100422
v -4.877299 4.010924 1.091668
v -4.877797 4.006348 1.095368
v -4.905993 3.974339 1.138014
v -4.918350 3.971992 1.148121
v -4.910159 3.971306 1.143068
v -4.914682 3.970447 1.146767
v -5.438912 3.408333 0.380856
v -5.426555 3.410680 0.370749
v -5.435244 3.406789 0.379502
v -5.430721 3.407648 0.375803
v -5.116976 3.756921 0.739748
v -5.123496 3.738829 0.742249
v -5.115837 3.752638 0.740083
v -5.118223 3.746017 0.740998
v -5.158043 3.701422 0.691329
v -5.161845 3.708338 0.673615
v -5.157931 3.703021 0.682472
v -5.159323 3.705552 0.675988
v -5.201065 3.665871 0.731423
v -5.183548 3.673806 0.728921
v -5.196706 3.665075 0.731087
v -5.190294 3.667979 0.730172
v -5.149001 3.711213 0.779841
v -5.156197 3.714454 0.797555
v -5.150586 3.710975 0.788698
v -5.153220 3.712161 0.795182
v -5.429853 3.407109 1.091954
v -5.440513 3.406600 1.084348
v -5.433170 3.404996 1.088151
v -5.437072 3.404809 1.085367
v -5.395644 3.455183 1.150481
v -5.395306 3.444517 1.142874
v -5.393586 3.451895 1.149462
v -5.393462 3.447991 1.146677
v -4.922398 3.967608 0.320690
v -4.911738 3.968118 0.328296
v -4.918957 3.965818 0.321709
v -4.915055 3.966005 0.324493
v -4.877191 4.005526 0.379216
v -4.877529 4.016191 0.386822
v -4.875347 4.009000 0.383019
v -4.875471 4.012904 0.385803
v -5.570096 4.573906 0.323049
v -6.090658 4.010248 1.090314
v -6.051437 4.052715 1.148121
v -5.530875 4.616373 0.380856
v -5.807942 4.316369 0.673615
v -5.852811 4.267786 0.739748
v -5.813591 4.310253 0.797555
v -5.768722 4.358836 0.731423
v -5.529275 4.618106 1.084348
v -5.574143 4.569523 1.150481
v -6.047390 4.057098 0.320690
v -6.092258 4.008515 0.386822
v -5.619679 4.633458 0.333157
v -5.621038 4.620954 0.323049
v -5.622372 4.629065 0.328103
v -5.622869 4.624488 0.324403
v -6.141601 4.057296 1.090314
v -6.140242 4.069799 1.100421
v -6.143431 4.060830 1.091668
v -6.142934 4.065407 1.095368
v -6.114737 4.097416 1.138014
v -6.102380 4.099763 1.148121
v -6.110571 4.100449 1.143068
v -6.106049 4.101307 1.146767
v -5.581818 4.663421 0.380856
v -5.594174 4.661074 0.370749
v -5.585486 4.664966 0.379502
v -5.590009 4.664106 0.375803
v -5.903754 4.314833 0.739748
v -5.897234 4.332925 0.742249
v -5.904893 4.319116 0.740083
v -5.902507 4.325738 0.740998
v -5.862687 4.370332 0.691329
v -5.858885 4.363416 0.673615
v -5.862799 4.368733 0.682472
v -5.861407 4.366202 0.675988
v -5.819665 4.405884 0.731423
v -5.837182 4.397949 0.728921
v -5.824025 4.406680 0.731087
v -5.830436 4.403775 0.730172
v -5.871729 4.360541 0.779841
v -5.864533 4.357300 0.797555
v -5.870144 4.360780 0.788698
v -5.867510 4.359593 0.795182
v -5.590877 4.664645 1.091954
v -5.580217 4.665154 1.084348
v -5.587560 4.666759 1.088151
v -5.583658 4.666945 1.085367
v -5.625086 4.616571 1.150481
v -5.625424 4.627237 1.142874
v -5.627144 4.619859 1.149462
v -5.627268 4.623763 1.146677
v -6.098333 4.104146 0.320690
v -6.108992 4.103636 0.328296
v -6.101773 4.105937 0.321709
v -6.105675 4.105750 0.324493
v -6.143539 4.066229 0.379216
v -6.143201 4.055563 0.386822
v -6.145383 4.062755 0.383019
v -6.145259 4.058850 0.385803
v -6.052457 3.976573 0.323049
v -5.488799 3.456011 1.090314
v -5.531266 3.495231 1.148121
v -6.094924 4.015793 0.380856
v -5.794920 3.738727 0.673615
v -5.746336 3.693858 0.739748
v -5.788804 3.733078 0.797555
v -5.837387 3.777947 0.731423
v -6.096658 4.017394 1.084348
v -6.048075 3.972526 1.150481
v -5.535649 3.499279 0.320690
v -5.487066 3.454411 0.386822
v -6.112009 3.926989 0.333157
v -6.099505 3.925630 0.323049
v -6.107616 3.924297 0.328103
v -6.103039 3.923800 0.324403
v -5.535847 3.405068 1.090314
v -5.548351 3.406427 1.100422
v -5.539381 3.403238 1.091668
v -5.543958 3.403735 1.095368
v -5.575967 3.431932 1.138014
v -5.578314 3.444289 1.148121
v -5.579000 3.436098 1.143068
v -5.579859 3.440620 1.146767
v -6.141973 3.964851 0.380856
v -6.139625 3.952494 0.370749
v -6.143517 3.961183 0.379502
v -6.142658 3.956660 0.375803
v -5.793385 3.642915 0.739748
v -5.811476 3.649435 0.742249
v -5.797667 3.641776 0.740083
v -5.804289 3.644162 0.740998
v -5.848884 3.683982 0.691329
v -5.841968 3.687784 0.673615
v -5.847284 3.683870 0.682472
v -5.844753 3.685262 0.675988
v -5.884435 3.727004 0.731423
v -5.876500 3.709487 0.728921
v -5.885231 3.722644 0.731087
v -5.882326 3.716233 0.730172
v -5.839093 3.674940 0.779841
v -5.835852 3.682135 0.797555
v -5.839331 3.676525 0.788698
v -5.838145 3.679158 0.795182
v -6.143196 3.955792 1.091954
v -6.143705 3.966451 1.084348
v -6.145310 3.959109 1.088151
v -6.145496 3.963011 1.085367
v -6.095122 3.921583 1.150481
v -6.105789 3.921245 1.142874
v -6.098410 3.919525 1.149461
v -6.102314 3.919401 1.146677
v -5.582697 3.448336 0.320690
v -5.582187 3.437677 0.328296
v -5.584487 3.444896 0.321709
v -5.584301 3.440994 0.324493
v -5.544780 3.403130 0.379216
v -5.534114 3.403468 0.386822
v -5.541306 3.401286 0.383019
v -5.537402 3.401410 0.385803
vn 0.6785 0.7346 -0.0000
vn 0.5195 -0.4797 0.7071
vn -0.5195 0.4797 -0.7071
vn -0.5195 0.4797 0.7071
vn 0.5195 -0.4797 -0.7071
vn 0.4449 0.8913 0.0881
vn 0.7844 0.6102 -0.1114
vn 0.7850 0.6105 -0.1052
vn 0.2134 0.9677 -0.1338
vn 0.2134 0.9678 -0.1339
vn 0.5727 0.7292 -0.3745
vn 0.5731 0.7295 -0.3734
vn -0.2826 0.8599 -0.4251
vn 0.0384 0.6453 -0.7630
vn 0.0372 0.6444 -0.7638
vn 0.5883 0.7921 0.1624
vn 0.5834 0.7958 0.1623
vn 0.7137 0.6430 -0.2779
vn 0.3531 0.9327 -0.0739
vn 0.3520 0.9331 -0.0740
vn 0.4822 0.7194 -0.4998
vn 0.4822 0.7194 -0.4999
vn -0.2228 0.8845 -0.4099
vn -0.2212 0.8850 -0.4096
vn -0.0137 0.6117 -0.7910
vn 0.6108 0.0349 0.7910
vn 0.8994 -0.1519 0.4098
vn 0.8998 -0.1502 0.4097
vn 0.6789 0.5379 0.4998
vn 0.6789 0.5378 0.4998
vn 0.9017 0.4260 0.0739
vn 0.9022 0.4249 0.0741
vn 0.5843 0.7625 0.2779
vn 0.7429 0.6493 -0.1624
vn 0.7470 0.6447 -0.1623
vn 0.6402 0.0895 0.7630
vn 0.6394 0.0882 0.7638
vn 0.8796 -0.2134 0.4251
vn 0.8796 -0.2135 0.4251
vn 0.6815 0.6288 0.3745
vn 0.6817 0.6292 0.3734
vn 0.9478 0.2895 0.1338
vn 0.5460 0.8304 0.1114
vn 0.5463 0.8310 0.1052
vn 0.8531 0.5142 -0.0881
vn 0.6018 0.7368 -0.3082
vn 0.7553 0.6421 0.1311
vn 0.7600 0.6365 0.1314
vn 0.6901 0.4419 -0.5731
vn 0.9231 0.3525 -0.1534
vn 0.9263 0.3439 -0.1537
vn 0.5693 -0.0533 -0.8204
vn 0.8649 -0.2355 -0.4433
vn 0.8636 -0.2396 -0.4436
vn 0.7636 0.6332 0.1265
vn 0.7641 0.6340 0.1192
vn 0.4179 0.9067 -0.0578
vn 0.4849 0.7516 0.4472
vn 0.4879 0.7545 0.4390
vn 0.1170 0.9713 0.2071
vn 0.1169 0.9713 0.2071
vn -0.0478 0.6021 0.7970
vn -0.0449 0.6048 0.7951
vn -0.3672 0.8116 0.4544
vn 0.5706 0.8114 -0.1265
vn 0.5714 0.8120 -0.1192
vn 0.8706 0.4885 0.0578
vn 0.7107 0.5431 -0.4472
vn 0.7134 0.5463 -0.4390
vn 0.9590 0.1937 -0.2071
vn 0.6040 0.0001 -0.7970
vn 0.6065 0.0033 -0.7951
vn 0.8382 -0.3016 -0.4544
vn -0.3033 0.8435 0.4433
vn -0.3074 0.8418 0.4436
vn -0.0983 0.5633 0.8204
vn 0.2781 0.9482 0.1534
vn 0.2693 0.9507 0.1536
vn 0.3858 0.7230 0.5731
vn 0.5802 0.8039 -0.1311
vn 0.5741 0.8081 -0.1314
vn 0.6867 0.6584 0.3082
vn -0.6784 -0.7347 -0.0000
vn -0.5876 -0.6363 -0.4998
vn -0.1968 -0.8724 -0.4474
vn -0.2204 -0.9754 -0.0000
vn -0.3391 -0.3672 -0.8661
vn 0.0251 -0.6321 -0.7744
vn -0.0000 -0.0001 -1.0000
vn 0.3672 -0.3391 -0.8661
vn 0.6363 -0.5876 -0.4998
vn 0.2654 -0.8541 -0.4473
vn 0.7346 -0.6785 -0.0000
vn 0.2972 -0.9548 -0.0000
vn 0.7347 -0.6784 -0.0000
vn 0.8724 -0.1968 -0.4473
vn 0.9754 -0.2204 -0.0000
vn 0.6321 0.0251 -0.7744
vn 0.0001 -0.0000 -1.0000
vn 0.3391 0.3672 -0.8661
vn 0.5876 0.6363 -0.4998
vn 0.8541 0.2654 -0.4473
vn 0.9548 0.2972 -0.0000
vn -0.6785 -0.7346 -0.0000
vn -0.9548 -0.2972 -0.0000
vn -0.8541 -0.2654 -0.4474
vn -0.9754 0.2204 -0.0000
vn -0.8724 0.1968 -0.4473
vn -0.7347 0.6784 -0.0000
vn -0.6363 0.5876 -0.4998
vn -0.3672 0.3391 -0.8661
vn -0.6321 -0.0251 -0.7744
vn -0.0001 -0.0000 -1.0000
vn 0.6784 0.7347 -0.0000
vn 0.1968 0.8724 -0.4473
vn 0.2204 0.9754 -0.0000
vn -0.0251 0.6321 -0.7744
vn -0.0000 0.0001 -1.0000
vn -0.2654 0.8541 -0.4473
vn -0.7346 0.6785 -0.0000
vn -0.2972 0.9548 -0.0000
vn -0.1968 -0.8724 0.4474
vn -0.5876 -0.6363 0.4998
vn 0.2654 -0.8541 0.4474
vn 0.6363 -0.5876 0.4998
vn 0.3672 -0.3391 0.8661
vn 0.0251 -0.6321 0.7744
vn -0.0000 -0.0001 1.0000
vn -0.3391 -0.3672 0.8661
vn 0.8724 -0.1968 0.4474
vn 0.8541 0.2654 0.4474
vn 0.5876 0.6363 0.4998
vn 0.3391 0.3672 0.8661
vn 0.6321 0.0251 0.7744
vn 0.0001 -0.0000 1.0000
vn -0.8541 -0.2654 0.4473
vn -0.6321 -0.0251 0.7744
vn -0.0001 -0.0000 1.0000
vn -0.3672 0.3391 0.8661
vn -0.6363 0.5876 0.4998
vn -0.8724 0.1968 0.4473
vn 0.1968 0.8724 0.4474
vn -0.2654 0.8541 0.4474
vn -0.0251 0.6321 0.7744
vn -0.0000 0.0001 1.0000
vn -0.0000 -0.0000 -1.0000
vn -0.0000 -0.0000 1.0000
vn 0.4797 0.5195 0.7071
vn -0.4797 -0.5195 0.7071
vn 0.4797 0.5195 -0.7071
vn -0.4797 -0.5195 -0.7071
vn 0.8913 -0.4449 0.0881
vn 0.6102 -0.7844 -0.1114
vn 0.6105 -0.7850 -0.1052
vn 0.9677 -0.2134 -0.1338
vn 0.9678 -0.2134 -0.1339
vn 0.7292 -0.5727 -0.3745
vn 0.7295 -0.5731 -0.3734
vn 0.8599 0.2826 -0.4251
vn 0.6453 -0.0384 -0.7629
vn 0.6444 -0.0372 -0.7638
vn 0.7921 -0.5883 0.1624
vn 0.7958 -0.5834 0.1623
vn 0.6430 -0.7137 -0.2779
vn 0.9327 -0.3531 -0.0739
vn 0.9331 -0.3520 -0.0741
vn 0.7195 -0.4823 -0.4998
vn 0.7195 -0.4822 -0.4998
vn 0.8845 0.2228 -0.4098
vn 0.8850 0.2212 -0.4097
vn 0.6116 0.0137 -0.7910
vn 0.0349 -0.6108 0.7910
vn 0.0348 -0.6108 0.7910
vn -0.1519 -0.8994 0.4098
vn -0.1503 -0.8998 0.4096
vn 0.5378 -0.6789 0.4998
vn 0.4260 -0.9017 0.0739
vn 0.4249 -0.9022 0.0741
vn 0.7625 -0.5843 0.2779
vn 0.6494 -0.7429 -0.1624
vn 0.6447 -0.7470 -0.1623
vn 0.0895 -0.6402 0.7630
vn 0.0882 -0.6394 0.7638
vn -0.2134 -0.8796 0.4251
vn 0.6288 -0.6815 0.3745
vn 0.6292 -0.6817 0.3734
vn 0.2896 -0.9478 0.1338
vn 0.2895 -0.9478 0.1339
vn 0.8304 -0.5460 0.1114
vn 0.8310 -0.5463 0.1052
vn 0.5142 -0.8531 -0.0881
vn 0.7368 -0.6018 -0.3082
vn 0.6421 -0.7553 0.1311
vn 0.6365 -0.7600 0.1314
vn 0.4420 -0.6901 -0.5731
vn 0.3525 -0.9231 -0.1534
vn 0.3440 -0.9263 -0.1536
vn -0.0533 -0.5693 -0.8204
vn -0.2354 -0.8649 -0.4433
vn -0.2396 -0.8636 -0.4436
vn 0.6332 -0.7636 0.1265
vn 0.6340 -0.7641 0.1192
vn 0.9067 -0.4179 -0.0578
vn 0.7516 -0.4850 0.4472
vn 0.7545 -0.4879 0.4390
vn 0.9713 -0.1170 0.2071
vn 0.6021 0.0478 0.7970
vn 0.6048 0.0449 0.7951
vn 0.8116 0.3672 0.4544
vn 0.8114 -0.5706 -0.1265
vn 0.8120 -0.5714 -0.1192
vn 0.4885 -0.8706 0.0578
vn 0.5431 -0.7107 -0.4472
vn 0.5463 -0.7134 -0.4390
vn 0.1937 -0.9590 -0.2071
vn 0.0001 -0.6040 -0.7970
vn 0.0033 -0.6065 -0.7951
vn -0.3016 -0.8382 -0.4544
vn 0.8435 0.3033 0.4433
vn 0.8418 0.3074 0.4436
vn 0.5633 0.0983 0.8204
vn 0.9482 -0.2781 0.1534
vn 0.9507 -0.2693 0.1536
vn 0.7230 -0.3858 0.5731
vn 0.8039 -0.5802 -0.1311
vn 0.8081 -0.5741 -0.1314
vn 0.6584 -0.6867 0.3082
vn -0.8913 0.4449 0.0881
vn -0.6102 0.7844 -0.1114
vn -0.6105 0.7850 -0.1052
vn -0.9677 0.2134 -0.1339
vn -0.9678 0.2134 -0.1339
vn -0.7292 0.5727 -0.3745
vn -0.7295 0.5731 -0.3734
vn -0.8599 -0.2826 -0.4251
vn -0.6453 0.0384 -0.7629
vn -0.6444 0.0372 -0.7638
vn -0.7921 0.5883 0.1624
vn -0.7958 0.5834 0.1623
vn -0.6430 0.7137 -0.2779
vn -0.9327 0.3531 -0.0740
vn -0.9331 0.3520 -0.0740
vn -0.7195 0.4823 -0.4998
vn -0.7195 0.4822 -0.4998
vn -0.8845 -0.2228 -0.4098
vn -0.8850 -0.2212 -0.4097
vn -0.6117 -0.0137 -0.7910
vn -0.0349 0.6108 0.7910
vn 0.1519 0.8994 0.4098
vn 0.1503 0.8998 0.4096
vn -0.5379 0.6789 0.4998
vn -0.5378 0.6789 0.4998
vn -0.4260 0.9017 0.0740
vn -0.4249 0.9022 0.0740
vn -0.7625 0.5843 0.2779
vn -0.6493 0.7429 -0.1624
vn -0.6447 0.7470 -0.1623
vn -0.0895 0.6402 0.7630
vn -0.0882 0.6394 0.7638
vn 0.2134 0.8796 0.4251
vn -0.6288 0.6815 0.3745
vn -0.6292 0.6817 0.3734
vn -0.2895 0.9478 0.1338
vn -0.8304 0.5460 0.1114
vn -0.8310 0.5463 0.1052
vn -0.5142 0.8531 -0.0881
vn -0.7368 0.6018 -0.3082
vn -0.6421 0.7554 0.1311
vn -0.6365 0.7600 0.1314
vn -0.4420 0.6901 -0.5731
vn -0.4419 0.6901 -0.5731
vn -0.3525 0.9231 -0.1535
vn -0.3439 0.9263 -0.1537
vn 0.0533 0.5693 -0.8204
vn 0.2354 0.8649 -0.4433
vn 0.2396 0.8636 -0.4436
vn -0.6332 0.7636 0.1265
vn -0.6340 0.7641 0.1192
vn -0.9067 0.4179 -0.0578
vn -0.7516 0.4850 0.4472
vn -0.7545 0.4879 0.4390
vn -0.9713 0.1170 0.2071
vn -0.9713 0.1169 0.2071
vn -0.6021 -0.0478 0.7970
vn -0.6048 -0.0450 0.7951
vn -0.8116 -0.3672 0.4544
vn -0.8114 0.5706 -0.1265
vn -0.8120 0.5714 -0.1192
vn -0.4885 0.8706 0.0578
vn -0.5431 0.7107 -0.4472
vn -0.5462 0.7134 -0.4390
vn -0.1937 0.9590 -0.2071
vn -0.1936 0.9590 -0.2071
vn -0.0001 0.6040 -0.7970
vn -0.0033 0.6065 -0.7951
vn 0.3016 0.8382 -0.4544
vn -0.8435 -0.3034 0.4433
vn -0.8418 -0.3074 0.4436
vn -0.5633 -0.0983 0.8204
vn -0.9482 0.2781 0.1535
vn -0.9507 0.2693 0.1537
vn -0.7230 0.3858 0.5731
vn -0.8039 0.5801 -0.1311
vn -0.8081 0.5741 -0.1314
vn -0.6584 0.6867 0.3082
vn -0.4449 -0.8913 0.0881
vn -0.4449 -0.8912 0.0881
vn -0.7844 -0.6102 -0.1114
vn -0.7850 -0.6105 -0.1052
vn -0.2133 -0.9678 -0.1338
vn -0.5727 -0.7292 -0.3745
vn -0.5731 -0.7295 -0.3734
vn 0.2826 -0.8599 -0.4251
vn -0.0384 -0.6453 -0.7629
vn -0.0372 -0.6444 -0.7638
vn -0.5883 -0.7921 0.1625
vn -0.5834 -0.7958 0.1622
vn -0.7137 -0.6430 -0.2779
vn -0.3531 -0.9327 -0.0740
vn -0.3520 -0.9331 -0.0740
vn -0.4823 -0.7195 -0.4998
vn -0.4822 -0.7195 -0.4998
vn 0.2228 -0.8845 -0.4098
vn 0.2212 -0.8850 -0.4097
vn 0.0137 -0.6116 -0.7910
vn -0.6108 -0.0349 0.7910
vn -0.6108 -0.0348 0.7910
vn -0.8994 0.1519 0.4098
vn -0.8998 0.1502 0.4097
vn -0.6789 -0.5379 0.4998
vn -0.6789 -0.5378 0.4998
vn -0.9017 -0.4260 0.0740
vn -0.9022 -0.4249 0.0740
vn -0.5843 -0.7625 0.2779
vn -0.7429 -0.6494 -0.1625
vn -0.7470 -0.6447 -0.1622
vn -0.6403 -0.0895 0.7629
vn -0.6394 -0.0882 0.7638
vn -0.8796 0.2134 0.4251
vn -0.6815 -0.6288 0.3745
vn -0.6817 -0.6292 0.3734
vn -0.9478 -0.2895 0.1338
vn -0.5460 -0.8303 0.1114
vn -0.5463 -0.8310 0.1052
vn -0.8531 -0.5142 -0.0881
vn -0.6018 -0.7368 -0.3082
vn -0.6018 -0.7368 -0.3081
vn -0.7553 -0.6421 0.1312
vn -0.7600 -0.6365 0.1314
vn -0.6901 -0.4420 -0.5731
vn -0.6901 -0.4419 -0.5731
vn -0.9231 -0.3525 -0.1535
vn -0.9263 -0.3439 -0.1536
vn -0.5693 0.0533 -0.8204
vn -0.8649 0.2355 -0.4433
vn -0.8636 0.2396 -0.4436
vn -0.7636 -0.6332 0.1265
vn -0.7641 -0.6340 0.1192
vn -0.4179 -0.9067 -0.0578
vn -0.4850 -0.7516 0.4472
vn -0.4879 -0.7545 0.4390
vn -0.1170 -0.9713 0.2071
vn -0.1169 -0.9713 0.2071
vn 0.0478 -0.6021 0.7970
vn 0.0449 -0.6048 0.7951
vn 0.3672 -0.8116 0.4544
vn -0.5706 -0.8114 -0.1265
vn -0.5714 -0.8120 -0.1192
vn -0.8706 -0.4885 0.0578
vn -0.7107 -0.5431 -0.4472
vn -0.7134 -0.5462 -0.4390
vn -0.9590 -0.1937 -0.2071
vn -0.9590 -0.1936 -0.2072
vn -0.6040 -0.0001 -0.7970
vn -0.6065 -0.0033 -0.7951
vn -0.8382 0.3016 -0.4544
vn 0.3033 -0.8435 0.4433
vn 0.3074 -0.8419 0.4436
vn 0.0983 -0.5633 0.8204
vn -0.2782 -0.9482 0.1535
vn -0.2693 -0.9507 0.1536
vn -0.3858 -0.7230 0.5731
vn -0.5802 -0.8039 -0.1312
vn -0.5742 -0.8081 -0.1314
vn -0.6867 -0.6584 0.3082
vn -0.6867 -0.6584 0.3081
vt 0.846577 0.822206
vt 0.756189 0.911385
vt 0.765549 0.920872
vt 0.855937 0.831693
vt 0.362941 0.314024
vt 0.362941 0.438303
vt 0.380324 0.438303
vt 0.380324 0.314024
vt 0.868787 0.819015
vt 0.859428 0.809528
vt 0.365818 0.061986
vt 0.365819 0.186269
vt 0.383202 0.186269
vt 0.383201 0.061986
vt 0.168576 0.430799
vt 0.185959 0.430799
vt 0.185959 0.306519
vt 0.168576 0.306519
vt 0.197030 0.190016
vt 0.214413 0.190016
vt 0.214413 0.064904
vt 0.197030 0.064904
vt 0.949816 0.720349
vt 0.959176 0.729836
vt 0.402053 0.314910
vt 0.384670 0.314910
vt 0.384668 0.440029
vt 0.402051 0.440029
vt 0.232227 0.307406
vt 0.214844 0.307406
vt 0.214844 0.432526
vt 0.232227 0.432526
vt 0.946326 0.923308
vt 0.959176 0.910630
vt 0.203061 0.805517
vt 0.185678 0.805517
vt 0.185677 0.930635
vt 0.203060 0.930635
vt 0.769038 0.717912
vt 0.756188 0.730591
vt 0.146525 0.065542
vt 0.144715 0.065542
vt 0.144716 0.191167
vt 0.146525 0.192516
vt 0.143235 0.065542
vt 0.143235 0.190180
vt 0.142180 0.065542
vt 0.142181 0.189819
vt 0.190302 0.303823
vt 0.188494 0.305171
vt 0.188493 0.430799
vt 0.190302 0.430799
vt 0.187014 0.306158
vt 0.187013 0.430799
vt 0.381376 0.438303
vt 0.381378 0.313663
vt 0.382857 0.438303
vt 0.382859 0.312676
vt 0.384668 0.438303
vt 0.384668 0.311328
vt 0.384255 0.186630
vt 0.384256 0.061986
vt 0.385736 0.187617
vt 0.385736 0.061986
vt 0.387544 0.188965
vt 0.387544 0.061986
vt 0.211266 0.432526
vt 0.212637 0.432526
vt 0.212637 0.305615
vt 0.211265 0.303823
vt 0.213839 0.432526
vt 0.213839 0.306926
vt 0.405631 0.311328
vt 0.404259 0.313120
vt 0.404259 0.440029
vt 0.405631 0.440029
vt 0.403057 0.314431
vt 0.403057 0.440029
vt 0.206640 0.801935
vt 0.205269 0.803726
vt 0.205268 0.930635
vt 0.206640 0.930635
vt 0.204067 0.805037
vt 0.204066 0.930635
vt 0.215418 0.190496
vt 0.215418 0.064904
vt 0.216622 0.191808
vt 0.216622 0.064904
vt 0.217993 0.193600
vt 0.217993 0.064904
vt 0.124798 0.189819
vt 0.124797 0.065542
vt 0.037991 0.257594
vt 0.033868 0.257402
vt 0.034077 0.253190
vt 0.038043 0.253587
vt 0.520746 0.509184
vt 0.520429 0.505058
vt 0.524270 0.505051
vt 0.524884 0.507999
vt 0.520310 0.501078
vt 0.524286 0.501191
vt 0.528402 0.501506
vt 0.527195 0.505714
vt 0.038002 0.245570
vt 0.038056 0.249573
vt 0.034094 0.249986
vt 0.033879 0.245766
vt 0.038010 0.010578
vt 0.033942 0.010506
vt 0.033970 0.006536
vt 0.037940 0.006510
vt 0.528402 0.265541
vt 0.524279 0.265855
vt 0.524275 0.262015
vt 0.527222 0.261405
vt 0.520304 0.265971
vt 0.520417 0.261997
vt 0.520734 0.257882
vt 0.524940 0.259092
vt 0.038027 0.986672
vt 0.038024 0.990690
vt 0.034100 0.990920
vt 0.033938 0.986822
vt 0.037880 0.994781
vt 0.033915 0.993906
vt 0.037980 0.492609
vt 0.038036 0.496616
vt 0.034071 0.497032
vt 0.033854 0.492807
vt 0.038025 0.500634
vt 0.034055 0.500239
vt 0.037975 0.504645
vt 0.033850 0.504453
vt 0.277104 0.501504
vt 0.281227 0.501191
vt 0.281231 0.505030
vt 0.278284 0.505640
vt 0.285202 0.501074
vt 0.285089 0.505048
vt 0.284772 0.509163
vt 0.280566 0.507953
vt 0.037995 0.751693
vt 0.033871 0.751502
vt 0.034074 0.747289
vt 0.038043 0.747682
vt 0.284760 0.257861
vt 0.285078 0.261987
vt 0.281236 0.261995
vt 0.280623 0.259046
vt 0.285197 0.265967
vt 0.281220 0.265854
vt 0.277104 0.265539
vt 0.278311 0.261331
vt 0.037994 0.739657
vt 0.038052 0.743663
vt 0.034087 0.744081
vt 0.033868 0.739857
vt 0.272980 0.257611
vt 0.272923 0.253608
vt 0.276886 0.253191
vt 0.277104 0.257412
vt 0.272934 0.249593
vt 0.276900 0.249987
vt 0.272983 0.245586
vt 0.277104 0.245777
vt 0.520780 0.257841
vt 0.520466 0.253718
vt 0.524306 0.253713
vt 0.524917 0.256661
vt 0.520350 0.249742
vt 0.524324 0.249855
vt 0.528440 0.250171
vt 0.527230 0.254378
vt 0.273007 0.010594
vt 0.273078 0.006526
vt 0.277048 0.006553
vt 0.277075 0.010523
vt 0.273146 0.994751
vt 0.273011 0.990661
vt 0.276939 0.990873
vt 0.277104 0.993893
vt 0.273003 0.986639
vt 0.277090 0.986783
vt 0.277104 0.250206
vt 0.281231 0.249887
vt 0.281239 0.253730
vt 0.278290 0.254343
vt 0.285211 0.249768
vt 0.285099 0.253745
vt 0.284784 0.257861
vt 0.280576 0.256655
vt 0.272973 0.492612
vt 0.277095 0.492804
vt 0.276889 0.497014
vt 0.272922 0.496619
vt 0.528440 0.014166
vt 0.524313 0.014484
vt 0.524305 0.010642
vt 0.527254 0.010028
vt 0.520333 0.014603
vt 0.520445 0.010627
vt 0.520760 0.006510
vt 0.524968 0.007717
vt 0.272966 0.504637
vt 0.272911 0.500634
vt 0.276873 0.500218
vt 0.277090 0.504439
vt 0.272968 0.751660
vt 0.272914 0.747656
vt 0.276876 0.747242
vt 0.277091 0.751462
vt 0.272927 0.743642
vt 0.276893 0.744038
vt 0.272978 0.739635
vt 0.277101 0.739827
vt 0.284764 0.006531
vt 0.285078 0.010654
vt 0.281238 0.010659
vt 0.280627 0.007711
vt 0.285195 0.014630
vt 0.281220 0.014517
vt 0.277104 0.014200
vt 0.278314 0.009994
vt 0.308055 0.478222
vt 0.497455 0.478223
vt 0.060831 0.280443
vt 0.060822 0.469762
vt 0.497452 0.288823
vt 0.060853 0.033422
vt 0.060843 0.222729
vt 0.308052 0.288822
vt 0.060838 0.774531
vt 0.060864 0.963827
vt 0.060818 0.527491
vt 0.060832 0.716808
vt 0.250132 0.469767
vt 0.250139 0.280453
vt 0.739168 0.265507
vt 0.739168 0.279360
vt 0.549901 0.279360
vt 0.549901 0.265507
vt 0.250145 0.222742
vt 0.250161 0.033435
vt 0.753021 0.468627
vt 0.739168 0.468627
vt 0.753021 0.279360
vt 0.250159 0.963800
vt 0.250131 0.774504
vt 0.549901 0.482480
vt 0.549901 0.468627
vt 0.739168 0.482480
vt 0.250137 0.716793
vt 0.250126 0.527481
vt 0.964715 0.698653
vt 0.775448 0.698653
vt 0.775448 0.509386
vt 0.964715 0.509386
vt 0.775448 0.717912
vt 0.964715 0.717912
vt 0.756188 0.509386
vt 0.756188 0.698653
vt 0.964715 0.490126
vt 0.775448 0.490126
vt 0.983974 0.698653
vt 0.983974 0.509386
vt 0.736929 0.509386
vt 0.736929 0.698653
vt 0.547661 0.698653
vt 0.547661 0.509386
vt 0.528402 0.509386
vt 0.528402 0.698653
vt 0.736929 0.490126
vt 0.547661 0.490126
vt 0.485631 0.717711
vt 0.296364 0.717711
vt 0.296364 0.528443
vt 0.485631 0.528443
vt 0.296364 0.736970
vt 0.485631 0.736970
vt 0.277104 0.528443
vt 0.277104 0.717711
vt 0.485631 0.509184
vt 0.296364 0.509184
vt 0.504890 0.717711
vt 0.504890 0.528443
vt 0.302656 0.232320
vt 0.502904 0.232299
vt 0.302640 0.032073
vt 0.502888 0.032052
vt 0.736929 0.926439
vt 0.547661 0.926439
vt 0.547661 0.737172
vt 0.736929 0.737172
vt 0.547661 0.945698
vt 0.736929 0.945698
vt 0.528402 0.737172
vt 0.528402 0.926439
vt 0.736929 0.717912
vt 0.547661 0.717912
vt 0.756188 0.926439
vt 0.756188 0.737172
vt 0.547699 0.025770
vt 0.736966 0.025770
vt 0.736966 0.215037
vt 0.547699 0.215037
vt 0.736966 0.006510
vt 0.547699 0.006510
vt 0.756226 0.215037
vt 0.756226 0.025770
vt 0.547699 0.234296
vt 0.736966 0.234296
vt 0.528440 0.025770
vt 0.528440 0.215037
vt 0.536048 0.279360
vt 0.536048 0.468627
vt 0.528402 0.474033
vt 0.528402 0.273954
vt 0.544495 0.257861
vt 0.744574 0.257861
vt 0.760667 0.273954
vt 0.760667 0.474034
vt 0.744574 0.490126
vt 0.544494 0.490126
vt 0.380343 0.850750
vt 0.470732 0.939929
vt 0.480092 0.930442
vt 0.389703 0.841263
vt 0.109704 0.429126
vt 0.109705 0.304848
vt 0.092322 0.304848
vt 0.092321 0.429125
vt 0.376853 0.828585
vt 0.367493 0.838072
vt 0.168576 0.430797
vt 0.168576 0.306521
vt 0.151193 0.306521
vt 0.151193 0.430797
vt 0.177879 0.800371
vt 0.160495 0.800371
vt 0.160495 0.924653
vt 0.177879 0.924653
vt 0.205348 0.555978
vt 0.187965 0.555978
vt 0.187965 0.681093
vt 0.205348 0.681093
vt 0.277105 0.748893
vt 0.286465 0.739406
vt 0.222732 0.557702
vt 0.205349 0.557702
vt 0.205348 0.682819
vt 0.222731 0.682819
vt 0.218562 0.929627
vt 0.235946 0.929628
vt 0.235947 0.804509
vt 0.218563 0.804509
vt 0.480092 0.749648
vt 0.467242 0.736970
vt 0.207687 0.307406
vt 0.190304 0.307406
vt 0.190302 0.432524
vt 0.207686 0.432524
vt 0.277104 0.929687
vt 0.289954 0.942365
vt 0.142012 0.304613
vt 0.140201 0.304613
vt 0.140203 0.430236
vt 0.142013 0.431586
vt 0.138720 0.304613
vt 0.138722 0.429249
vt 0.137667 0.304613
vt 0.137667 0.428888
vt 0.156153 0.927349
vt 0.157962 0.926001
vt 0.157961 0.800371
vt 0.156151 0.800371
vt 0.159441 0.925014
vt 0.159441 0.800371
vt 0.091268 0.304848
vt 0.091267 0.429487
vt 0.089787 0.304848
vt 0.089786 0.430474
vt 0.087977 0.304848
vt 0.087977 0.431822
vt 0.150139 0.306159
vt 0.150138 0.430797
vt 0.148658 0.305172
vt 0.148659 0.430797
vt 0.146848 0.303823
vt 0.146848 0.430797
vt 0.239525 0.804509
vt 0.238155 0.804509
vt 0.238153 0.931419
vt 0.239525 0.933211
vt 0.236953 0.804509
vt 0.236951 0.930108
vt 0.226311 0.554119
vt 0.224939 0.555911
vt 0.224939 0.682819
vt 0.226311 0.682819
vt 0.223737 0.557222
vt 0.223737 0.682819
vt 0.209893 0.305615
vt 0.209894 0.432524
vt 0.211265 0.432524
vt 0.208691 0.306927
vt 0.208691 0.432524
vt 0.186959 0.555498
vt 0.186959 0.681093
vt 0.185757 0.554186
vt 0.185757 0.681093
vt 0.184385 0.552394
vt 0.184386 0.681093
vt 0.120285 0.428888
vt 0.120285 0.304613
vt 0.859465 0.120290
vt 0.949854 0.209469
vt 0.959214 0.199983
vt 0.868825 0.110804
vt 0.114808 0.188521
vt 0.114808 0.064240
vt 0.097425 0.064240
vt 0.097425 0.188521
vt 0.855975 0.098125
vt 0.846615 0.107612
vt 0.122436 0.923611
vt 0.122436 0.799340
vt 0.105054 0.799340
vt 0.105054 0.923611
vt 0.387544 0.188963
vt 0.404928 0.188963
vt 0.404928 0.064683
vt 0.387545 0.064683
vt 0.405631 0.436444
vt 0.423014 0.436444
vt 0.423014 0.311328
vt 0.756226 0.018433
vt 0.765586 0.008947
vt 0.235377 0.068487
vt 0.217993 0.068487
vt 0.217993 0.193604
vt 0.235376 0.193604
vt 0.409271 0.187106
vt 0.426655 0.187106
vt 0.426656 0.061986
vt 0.409272 0.061986
vt 0.959214 0.019188
vt 0.946364 0.006510
vt 0.443977 0.314911
vt 0.426593 0.314911
vt 0.426593 0.440027
vt 0.443977 0.440027
vt 0.756226 0.199227
vt 0.769076 0.211906
vt 0.328767 0.438802
vt 0.330577 0.438802
vt 0.330575 0.313178
vt 0.328765 0.311829
vt 0.332058 0.438802
vt 0.332056 0.314165
vt 0.333111 0.438802
vt 0.333111 0.314527
vt 0.409271 0.061986
vt 0.407462 0.063335
vt 0.407462 0.188963
vt 0.409271 0.188963
vt 0.405981 0.064322
vt 0.405982 0.188963
vt 0.096372 0.064240
vt 0.096371 0.188883
vt 0.094891 0.064240
vt 0.094891 0.189870
vt 0.093082 0.064240
vt 0.093081 0.191218
vt 0.103999 0.798978
vt 0.103999 0.923611
vt 0.102518 0.797991
vt 0.102519 0.923611
vt 0.100708 0.796641
vt 0.100708 0.923612
vt 0.430234 0.061987
vt 0.428862 0.061987
vt 0.428863 0.188898
vt 0.430234 0.190688
vt 0.427661 0.061987
vt 0.427661 0.187586
vt 0.238956 0.064904
vt 0.237584 0.066696
vt 0.237584 0.193604
vt 0.238956 0.193604
vt 0.236382 0.068007
vt 0.236382 0.193604
vt 0.447556 0.311328
vt 0.446184 0.313120
vt 0.446184 0.440027
vt 0.447556 0.440027
vt 0.444982 0.314431
vt 0.444982 0.440027
vt 0.424019 0.436924
vt 0.424020 0.311328
vt 0.425222 0.438236
vt 0.425222 0.311328
vt 0.426593 0.440028
vt 0.426593 0.311328
vt 0.350493 0.314527
vt 0.350493 0.438802
vt 0.860416 0.349476
vt 0.770027 0.260297
vt 0.760667 0.269784
vt 0.851056 0.358963
vt 0.161894 0.555088
vt 0.161893 0.679367
vt 0.179276 0.679367
vt 0.179277 0.555088
vt 0.863906 0.371641
vt 0.873266 0.362154
vt 0.151842 0.066854
vt 0.151842 0.191136
vt 0.169225 0.191136
vt 0.169225 0.066854
vt 0.149182 0.798790
vt 0.131799 0.798790
vt 0.131799 0.923069
vt 0.149182 0.923069
vt 0.091395 0.795991
vt 0.074012 0.795991
vt 0.074012 0.921102
vt 0.091394 0.921102
vt 0.963655 0.451334
vt 0.954295 0.460820
vt 0.193452 0.068486
vt 0.176069 0.068486
vt 0.176067 0.193605
vt 0.193451 0.193606
vt 0.116351 0.679035
vt 0.133735 0.679035
vt 0.133735 0.553914
vt 0.116351 0.553914
vt 0.760667 0.450578
vt 0.773517 0.463256
vt 0.447618 0.065568
vt 0.430234 0.065568
vt 0.430234 0.190686
vt 0.447617 0.190686
vt 0.963655 0.270539
vt 0.950805 0.257861
vt 0.116351 0.555644
vt 0.114542 0.555644
vt 0.114542 0.681269
vt 0.116351 0.682617
vt 0.113061 0.555644
vt 0.113062 0.680282
vt 0.112007 0.555644
vt 0.112007 0.679920
vt 0.127455 0.925766
vt 0.129264 0.924417
vt 0.129265 0.798790
vt 0.127456 0.798790
vt 0.130745 0.923431
vt 0.130745 0.798790
vt 0.180329 0.679367
vt 0.180331 0.554727
vt 0.181810 0.679367
vt 0.181812 0.553740
vt 0.183621 0.679367
vt 0.183621 0.552392
vt 0.170278 0.191497
vt 0.170280 0.066854
vt 0.171759 0.192484
vt 0.171759 0.066854
vt 0.173568 0.193832
vt 0.173568 0.066854
vt 0.137313 0.553914
vt 0.135941 0.553914
vt 0.135941 0.680825
vt 0.137313 0.682617
vt 0.134740 0.553914
vt 0.134740 0.679515
vt 0.195658 0.066696
vt 0.195658 0.193606
vt 0.197030 0.193606
vt 0.194456 0.068007
vt 0.194456 0.193606
vt 0.451196 0.061986
vt 0.449825 0.063777
vt 0.449825 0.190686
vt 0.451196 0.190686
vt 0.448623 0.065088
vt 0.448622 0.190686
vt 0.073006 0.795511
vt 0.073006 0.921102
vt 0.071803 0.794198
vt 0.071803 0.921102
vt 0.070431 0.792406
vt 0.070431 0.921102
vt 0.094624 0.679920
vt 0.094624 0.555644
s 1
usemtl Material.009
f 4223/5866/2970 4211/5867/2970 4214/5868/2970 4234/5869/2970
f 4201/5870/2971 4197/5871/2971 4218/5872/2971 4230/5873/2971
f 4234/5869/2970 4231/5874/2970 4226/5875/2970 4223/5866/2970
f 4196/5876/2971 4200/5877/2971 4235/5878/2971 4215/5879/2971
f 4195/5880/2972 4210/5881/2972 4222/5882/2972 4199/5883/2972
f 4199/5884/2973 4222/5885/2973 4251/5886/2973 4205/5887/2973
f 4206/5888/2970 4226/5875/2970 4231/5874/2970 4219/5889/2970
f 4235/5890/2973 4200/5891/2973 4203/5892/2973 4242/5893/2973
f 4201/5894/2974 4230/5895/2974 4239/5896/2974 4202/5897/2974
f 4231/5874/2970 4234/5869/2970 4243/5898/2970 4238/5899/2970
f 4227/5900/2974 4198/5901/2974 4204/5902/2974 4246/5903/2974
f 4223/5866/2970 4226/5875/2970 4247/5904/2970 4250/5905/2970
f 4206/5906/2975 4208/5907/2975 4228/5908/2976 4226/5909/2977
f 4208/5907/2978 4209/5910/2979 4229/5911/2980 4228/5908/2981
f 4209/5910/2982 4207/5912/2982 4227/5913/2983 4229/5911/2984
f 4223/5914/2985 4225/5915/2986 4213/5916/2987 4211/5917/2987
f 4225/5915/2988 4224/5918/2989 4212/5919/2990 4213/5916/2991
f 4224/5918/2992 4222/5882/2993 4210/5881/2994 4212/5919/2994
f 4218/5872/2995 4220/5920/2995 4232/5921/2996 4230/5873/2997
f 4220/5920/2998 4221/5922/2999 4233/5923/3000 4232/5921/3001
f 4221/5922/3002 4219/5924/3002 4231/5925/3003 4233/5923/3004
f 4235/5878/3005 4237/5926/3006 4217/5927/3007 4215/5879/3008
f 4237/5926/3009 4236/5928/3010 4216/5929/3011 4217/5927/3011
f 4236/5928/3012 4234/5930/3013 4214/5931/3014 4216/5929/3014
f 4238/5932/3015 4240/5933/3015 4233/5934/3016 4231/5935/3017
f 4240/5933/3018 4241/5936/3018 4232/5937/3019 4233/5934/3020
f 4241/5936/3021 4239/5896/3021 4230/5895/3022 4232/5937/3023
f 4234/5938/3024 4236/5939/3025 4245/5940/3026 4243/5941/3026
f 4236/5939/3027 4237/5942/3028 4244/5943/3029 4245/5940/3030
f 4237/5942/3031 4235/5890/3032 4242/5893/3033 4244/5943/3033
f 4226/5944/3034 4228/5945/3035 4249/5946/3036 4247/5947/3036
f 4228/5945/3037 4229/5948/3038 4248/5949/3039 4249/5946/3039
f 4229/5948/3040 4227/5900/3041 4246/5903/3042 4248/5949/3042
f 4222/5885/3043 4224/5950/3044 4253/5951/3045 4251/5886/3045
f 4224/5950/3046 4225/5952/3047 4252/5953/3048 4253/5951/3048
f 4225/5952/3049 4223/5954/3050 4250/5955/3051 4252/5953/3051
f 4198/5956/2972 4227/5913/2972 4207/5912/2972 4194/5957/2972
f 4348/5958/3052 4257/5959/3053 4259/5960/3054 4258/5961/3055
f 4257/5962/3053 4261/5963/3056 4262/5964/3057 4259/5965/3054
f 4347/5966/3058 4260/5967/3059 4262/5964/3057 4261/5963/3056
f 4260/5967/3059 4264/5968/3060 4265/5969/3061 4262/5964/3057
f 4352/5970/3062 4263/5971/3063 4265/5972/3061 4264/5973/3060
f 4263/5971/3063 4258/5961/3055 4259/5960/3054 4265/5972/3061
f 4259/5965/3054 4262/5964/3057 4265/5969/3061
f 4351/5974/3064 4269/5975/3060 4271/5976/3065 4270/5977/3066
f 4269/5978/3060 4273/5979/3059 4274/5980/3067 4271/5981/3065
f 4350/5982/3068 4272/5983/3069 4274/5980/3067 4273/5979/3059
f 4272/5983/3069 4276/5984/3070 4277/5985/3071 4274/5980/3067
f 4355/5986/2970 4275/5987/3072 4277/5988/3071 4276/5989/3070
f 4275/5987/3072 4270/5990/3066 4271/5991/3065 4277/5988/3071
f 4271/5981/3065 4274/5980/3067 4277/5985/3071
f 4349/5992/3073 4281/5993/3074 4283/5994/3075 4282/5995/3053
f 4281/5993/3074 4285/5996/3076 4286/5997/3077 4283/5994/3075
f 4356/5998/3078 4284/5999/3079 4286/5997/3077 4285/5996/3076
f 4284/6000/3079 4288/6001/3080 4289/6002/3081 4286/6003/3077
f 4346/6004/3082 4287/6005/3056 4289/6002/3081 4288/6001/3080
f 4287/6005/3056 4282/6006/3053 4283/6007/3075 4289/6002/3081
f 4283/6007/3075 4286/6003/3077 4289/6002/3081
f 4354/6008/3083 4293/6009/3070 4295/6010/3084 4294/6011/3085
f 4293/6012/3070 4297/6013/3069 4298/6014/3086 4295/6015/3084
f 4353/6016/3087 4296/6017/3080 4298/6014/3086 4297/6013/3069
f 4296/6017/3080 4300/6018/3079 4301/6019/3088 4298/6014/3086
f 4357/6020/3089 4299/6021/3090 4301/6022/3088 4300/6023/3079
f 4299/6021/3090 4294/6011/3085 4295/6010/3084 4301/6022/3088
f 4295/6015/3084 4298/6014/3086 4301/6019/3088
f 4359/6024/3052 4304/6025/3055 4306/6026/3091 4305/6027/3092
f 4304/6025/3055 4308/6028/3063 4309/6029/3093 4306/6026/3091
f 4362/6030/3062 4307/6031/3094 4309/6029/3093 4308/6028/3063
f 4307/6032/3094 4311/6033/3095 4312/6034/3096 4309/6035/3093
f 4360/6036/3097 4310/6037/3098 4312/6034/3096 4311/6033/3095
f 4310/6037/3098 4305/6038/3092 4306/6039/3091 4312/6034/3096
f 4306/6039/3091 4309/6035/3093 4312/6034/3096
f 4363/6040/3064 4315/6041/3066 4317/6042/3099 4316/6043/3094
f 4315/6044/3066 4319/6045/3072 4320/6046/3100 4317/6047/3099
f 4365/6048/2970 4318/6049/3101 4320/6046/3100 4319/6045/3072
f 4318/6050/3101 4322/6051/3102 4323/6052/3103 4320/6053/3100
f 4364/6054/3104 4321/6055/3095 4323/6052/3103 4322/6051/3102
f 4321/6055/3095 4316/6056/3094 4317/6057/3099 4323/6052/3103
f 4317/6057/3099 4320/6053/3100 4323/6052/3103
f 4358/6058/3073 4326/6059/3092 4328/6060/3105 4327/6061/3074
f 4326/6062/3092 4330/6063/3098 4331/6064/3106 4328/6065/3105
f 4361/6066/3107 4329/6067/3108 4331/6064/3106 4330/6063/3098
f 4329/6067/3108 4333/6068/3109 4334/6069/3110 4331/6064/3106
f 4369/6070/3078 4332/6071/3076 4334/6072/3110 4333/6073/3109
f 4332/6071/3076 4327/6061/3074 4328/6060/3105 4334/6072/3110
f 4328/6065/3105 4331/6064/3106 4334/6069/3110
f 4366/6074/3083 4337/6075/3085 4339/6076/3111 4338/6077/3101
f 4337/6075/3085 4341/6078/3090 4342/6079/3112 4339/6076/3111
f 4368/6080/3089 4340/6081/3109 4342/6079/3112 4341/6078/3090
f 4340/6082/3109 4344/6083/3108 4345/6084/3113 4342/6085/3112
f 4367/6086/3114 4343/6087/3102 4345/6084/3113 4344/6083/3108
f 4343/6087/3102 4338/6088/3101 4339/6089/3111 4345/6084/3113
f 4339/6089/3111 4342/6085/3112 4345/6084/3113
f 4346/6004/3082 4347/5966/3058 4261/5963/3056 4287/6005/3056
f 4287/6005/3056 4261/5963/3056 4257/5962/3053 4282/6006/3053
f 4282/5995/3053 4257/5959/3053 4348/5958/3052 4349/5992/3073
f 4347/5966/3058 4350/5982/3068 4273/5979/3059 4260/5967/3059
f 4260/5967/3059 4273/5979/3059 4269/5978/3060 4264/5968/3060
f 4264/5973/3060 4269/5975/3060 4351/5974/3064 4352/5970/3062
f 4350/5982/3068 4353/6016/3087 4297/6013/3069 4272/5983/3069
f 4272/5983/3069 4297/6013/3069 4293/6012/3070 4276/5984/3070
f 4276/5989/3070 4293/6009/3070 4354/6008/3083 4355/5986/2970
f 4353/6016/3087 4346/6004/3082 4288/6001/3080 4296/6017/3080
f 4296/6017/3080 4288/6001/3080 4284/6000/3079 4300/6018/3079
f 4300/6023/3079 4284/5999/3079 4356/5998/3078 4357/6020/3089
f 4358/6058/3073 4359/6024/3052 4305/6027/3092 4326/6059/3092
f 4326/6062/3092 4305/6038/3092 4310/6037/3098 4330/6063/3098
f 4330/6063/3098 4310/6037/3098 4360/6036/3097 4361/6066/3107
f 4362/6030/3062 4363/6040/3064 4316/6043/3094 4307/6031/3094
f 4307/6032/3094 4316/6056/3094 4321/6055/3095 4311/6033/3095
f 4311/6033/3095 4321/6055/3095 4364/6054/3104 4360/6036/3097
f 4365/6048/2970 4366/6074/3083 4338/6077/3101 4318/6049/3101
f 4318/6050/3101 4338/6088/3101 4343/6087/3102 4322/6051/3102
f 4322/6051/3102 4343/6087/3102 4367/6086/3114 4364/6054/3104
f 4368/6080/3089 4369/6070/3078 4333/6073/3109 4340/6081/3109
f 4340/6082/3109 4333/6068/3109 4329/6067/3108 4344/6083/3108
f 4344/6083/3108 4329/6067/3108 4361/6066/3107 4367/6086/3114
f 4357/6020/3089 4368/6080/3089 4341/6078/3090 4299/6021/3090
f 4299/6021/3090 4341/6078/3090 4337/6075/3085 4294/6011/3085
f 4294/6011/3085 4337/6075/3085 4366/6074/3083 4354/6008/3083
f 4363/6040/3064 4351/5974/3064 4270/5977/3066 4315/6041/3066
f 4315/6044/3066 4270/5990/3066 4275/5987/3072 4319/6045/3072
f 4319/6045/3072 4275/5987/3072 4355/5986/2970 4365/6048/2970
f 4352/5970/3062 4362/6030/3062 4308/6028/3063 4263/5971/3063
f 4263/5971/3063 4308/6028/3063 4304/6025/3055 4258/5961/3055
f 4258/5961/3055 4304/6025/3055 4359/6024/3052 4348/5958/3052
f 4369/6070/3078 4356/5998/3078 4285/5996/3076 4332/6071/3076
f 4332/6071/3076 4285/5996/3076 4281/5993/3074 4327/6061/3074
f 4327/6061/3074 4281/5993/3074 4349/5992/3073 4358/6058/3073
f 4280/6090/3115 4255/6091/3115 4347/5966/3058 4346/6004/3082
f 4254/6092/3073 4278/6093/3073 4349/5992/3073 4348/5958/3052
f 4255/6091/3115 4267/6094/3115 4350/5982/3068 4347/5966/3058
f 4266/6095/3062 4256/6096/3062 4352/5970/3062 4351/5974/3064
f 4267/6094/3115 4291/6097/3115 4353/6016/3087 4350/5982/3068
f 4290/6098/2970 4268/6099/2970 4355/5986/2970 4354/6008/3083
f 4291/6097/3115 4280/6090/3115 4346/6004/3082 4353/6016/3087
f 4279/6100/3089 4292/6101/3089 4357/6020/3089 4356/5998/3078
f 4324/6102/3073 4302/6103/3073 4359/6024/3052 4358/6058/3073
f 4397/6104/3089 4383/6105/3089 4382/6106/3089 4395/6107/3089
f 4303/6108/3062 4313/6109/3062 4363/6040/3064 4362/6030/3062
f 4401/6110/3073 4384/6111/3073 4383/6105/3073 4397/6112/3073
f 4314/6113/2970 4335/6114/2970 4366/6074/3083 4365/6048/2970
f 4398/6115/3062 4385/6116/3062 4384/6111/3062 4401/6117/3062
f 4336/6118/3089 4325/6119/3089 4369/6070/3078 4368/6080/3089
f 4292/6101/3089 4336/6118/3089 4368/6080/3089 4357/6020/3089
f 4335/6114/2970 4290/6098/2970 4354/6008/3083 4366/6074/3083
f 4313/6109/3062 4266/6095/3062 4351/5974/3064 4363/6040/3064
f 4268/6099/2970 4314/6113/2970 4365/6048/2970 4355/5986/2970
f 4256/6096/3062 4303/6108/3062 4362/6030/3062 4352/5970/3062
f 4302/6103/3073 4254/6092/3073 4348/5958/3052 4359/6024/3052
f 4325/6119/3089 4279/6100/3089 4356/5998/3078 4369/6070/3078
f 4278/6093/3073 4324/6102/3073 4358/6058/3073 4349/5992/3073
f 4370/6120/3062 4371/6121/3062 4372/6122/3062 4373/6123/3062
f 4266/6124/3116 4371/6121/3116 4370/6120/3116 4256/6125/3116
f 4313/6126/3073 4372/6122/3073 4371/6121/3073 4266/6127/3073
f 4303/6128/3115 4373/6123/3115 4372/6122/3115 4313/6129/3115
f 4256/6130/2970 4370/6120/2970 4373/6123/2970 4303/6131/2970
f 4374/6132/3089 4375/6133/3089 4376/6134/3089 4377/6135/3089
f 4279/6127/3116 4375/6133/3116 4374/6132/3116 4292/6126/3116
f 4336/6136/3115 4377/6135/3115 4376/6134/3115 4325/6137/3115
f 4292/6138/3073 4374/6132/3073 4377/6135/3073 4336/6139/3073
f 4378/6140/3115 4379/6141/3115 4380/6142/3115 4381/6143/3115
f 4280/6144/2970 4379/6141/2970 4378/6140/2970 4255/6145/2970
f 4291/6146/3062 4380/6142/3062 4379/6141/3062 4280/6147/3062
f 4267/6148/3073 4381/6143/3073 4380/6142/3073 4291/6149/3073
f 4255/6150/3089 4378/6140/3089 4381/6143/3089 4267/6151/3089
f 4382/6106/3116 4383/6105/3116 4384/6111/3116 4385/6116/3116
f 4396/6152/3116 4394/6153/3116 4360/6036/3097 4364/6054/3104
f 4400/6154/3116 4396/6152/3116 4364/6054/3104 4367/6086/3114
f 4399/6155/3116 4400/6154/3116 4367/6086/3114 4361/6066/3107
f 4394/6153/3116 4399/6155/3116 4361/6066/3107 4360/6036/3097
f 4386/6156/2970 4387/6157/2970 4388/6158/2970 4389/6159/2970
f 4290/6160/3116 4387/6157/3116 4386/6156/3116 4268/6161/3116
f 4335/6162/3062 4388/6158/3062 4387/6157/3062 4290/6163/3062
f 4314/6164/3115 4389/6159/3115 4388/6158/3115 4335/6165/3115
f 4268/6166/3089 4386/6156/3089 4389/6159/3089 4314/6167/3089
f 4390/6168/3073 4391/6169/3073 4392/6170/3073 4393/6171/3073
f 4254/6172/3116 4391/6169/3116 4390/6168/3116 4278/6173/3116
f 4302/6174/3089 4392/6170/3089 4391/6169/3089 4254/6175/3089
f 4324/6176/3115 4393/6171/3115 4392/6170/3115 4302/6177/3115
f 4278/6178/3062 4390/6168/3062 4393/6171/3062 4324/6179/3062
f 4279/6164/2970 4325/6165/2970 4376/6134/2970 4375/6133/2970
f 4395/6180/3117 4398/6181/3117 4399/6182/3117 4394/6183/3117
f 4397/6104/2973 4395/6107/2973 4394/6184/2973 4396/6185/2973
f 4401/6110/3118 4397/6112/3118 4396/6186/3118 4400/6187/3118
f 4398/6115/2971 4401/6117/2971 4400/6188/2971 4399/6189/2971
f 4395/6180/2970 4382/6106/2970 4385/6116/2970 4398/6181/2970
f 4431/6190/3062 4419/6191/3062 4422/6192/3062 4442/6193/3062
f 4409/6194/3118 4405/6195/3118 4426/6196/3118 4438/6197/3118
f 4442/6193/3062 4439/6198/3062 4434/6199/3062 4431/6190/3062
f 4404/6200/3118 4408/6201/3118 4443/6202/3118 4423/6203/3118
f 4403/6204/3119 4418/6205/3119 4430/6206/3119 4407/6207/3119
f 4407/6208/3117 4430/6209/3117 4459/6210/3117 4413/6211/3117
f 4414/6212/3062 4434/6199/3062 4439/6198/3062 4427/6213/3062
f 4443/6214/3117 4408/6215/3117 4411/6216/3117 4450/6217/3117
f 4409/6218/3120 4438/6219/3120 4447/6220/3120 4410/6221/3120
f 4439/6198/3062 4442/6193/3062 4451/6222/3062 4446/6223/3062
f 4435/6224/3120 4406/6225/3120 4412/6226/3120 4454/6227/3120
f 4431/6190/3062 4434/6199/3062 4455/6228/3062 4458/6229/3062
f 4414/6230/3121 4416/6231/3121 4436/6232/3122 4434/6233/3123
f 4416/6231/3124 4417/6234/3125 4437/6235/3126 4436/6232/3127
f 4417/6234/3128 4415/6236/3128 4435/6237/3129 4437/6235/3130
f 4431/6238/3131 4433/6239/3132 4421/6240/3133 4419/6241/3133
f 4433/6239/3134 4432/6242/3135 4420/6243/3136 4421/6240/3137
f 4432/6242/3138 4430/6206/3139 4418/6205/3140 4420/6243/3140
f 4426/6196/3141 4428/6244/3142 4440/6245/3143 4438/6197/3144
f 4428/6244/3145 4429/6246/3145 4441/6247/3146 4440/6245/3147
f 4429/6246/3148 4427/6248/3148 4439/6249/3149 4441/6247/3150
f 4443/6202/3151 4445/6250/3152 4425/6251/3153 4423/6203/3153
f 4445/6250/3154 4444/6252/3155 4424/6253/3156 4425/6251/3157
f 4444/6252/3158 4442/6254/3159 4422/6255/3160 4424/6253/3160
f 4446/6256/3161 4448/6257/3161 4441/6258/3162 4439/6259/3163
f 4448/6257/3164 4449/6260/3164 4440/6261/3165 4441/6258/3166
f 4449/6260/3167 4447/6220/3167 4438/6219/3168 4440/6261/3169
f 4442/6262/3170 4444/6263/3171 4453/6264/3172 4451/6265/3172
f 4444/6263/3173 4445/6266/3174 4452/6267/3175 4453/6264/3175
f 4445/6266/3176 4443/6214/3177 4450/6217/3178 4452/6267/3178
f 4434/5935/3179 4436/6268/3180 4457/6269/3181 4455/6270/3181
f 4436/6268/3182 4437/6271/3183 4456/6272/3184 4457/6269/3184
f 4437/6271/3185 4435/6224/3186 4454/6227/3187 4456/6272/3187
f 4430/6209/3188 4432/6273/3189 4461/6274/3190 4459/6210/3190
f 4432/6273/3191 4433/6275/3192 4460/6276/3193 4461/6274/3193
f 4433/6275/3194 4431/6277/3195 4458/6278/3196 4460/6276/3196
f 4406/6279/3119 4435/6237/3119 4415/6236/3119 4402/6280/3119
f 4491/6281/3089 4479/6282/3089 4482/6283/3089 4502/6284/3089
f 4469/6285/3117 4465/6286/3117 4486/6287/3117 4498/6288/3117
f 4502/6284/3089 4499/6289/3089 4494/6290/3089 4491/6281/3089
f 4464/6291/3117 4468/6292/3117 4503/6293/3117 4483/6294/3117
f 4463/6295/3120 4478/6296/3120 4490/6297/3120 4467/6298/3120
f 4467/6299/3118 4490/6300/3118 4519/6301/3118 4473/5938/3118
f 4474/6302/3089 4494/6290/3089 4499/6289/3089 4487/6303/3089
f 4503/6304/3118 4468/6305/3118 4471/6306/3118 4510/6307/3118
f 4469/6308/3119 4498/6309/3119 4507/6310/3119 4470/6311/3119
f 4499/6289/3089 4502/6284/3089 4511/6312/3089 4506/6313/3089
f 4495/6314/3119 4466/6315/3119 4472/6316/3119 4514/6317/3119
f 4491/6281/3089 4494/6290/3089 4515/6318/3089 4518/6319/3089
f 4474/6320/3197 4476/6321/3197 4496/6322/3198 4494/6323/3199
f 4476/6321/3200 4477/6324/3201 4497/6325/3202 4496/6322/3203
f 4477/6324/3204 4475/6326/3204 4495/6327/3205 4497/6325/3206
f 4491/6328/3207 4493/6329/3208 4481/6330/3209 4479/6331/3209
f 4493/6329/3210 4492/6332/3211 4480/6333/3212 4481/6330/3213
f 4492/6332/3214 4490/6297/3215 4478/6296/3216 4480/6333/3216
f 4486/6287/3217 4488/6334/3217 4500/6335/3218 4498/6288/3219
f 4488/6334/3220 4489/6336/3221 4501/6337/3222 4500/6335/3223
f 4489/6336/3224 4487/6338/3224 4499/6339/3225 4501/6337/3226
f 4503/6293/3227 4505/6340/3228 4485/6341/3229 4483/6294/3229
f 4505/6340/3230 4504/6342/3231 4484/6343/3232 4485/6341/3232
f 4504/6342/3233 4502/6344/3234 4482/6345/3235 4484/6343/3235
f 4506/6346/3236 4508/6347/3236 4501/6348/3237 4499/6349/3238
f 4508/6347/3239 4509/6350/3240 4500/6351/3241 4501/6348/3242
f 4509/6350/3243 4507/6310/3243 4498/6309/3244 4500/6351/3245
f 4502/6352/3246 4504/6353/3247 4513/6354/3248 4511/6355/3248
f 4504/6353/3249 4505/6356/3250 4512/6357/3251 4513/6354/3252
f 4505/6356/3253 4503/6304/3254 4510/6307/3255 4512/6357/3255
f 4494/6358/3256 4496/6359/3257 4517/6360/3258 4515/6361/3258
f 4496/6359/3259 4497/6362/3260 4516/6363/3261 4517/6360/3262
f 4497/6362/3263 4495/6314/3264 4514/6317/3265 4516/6363/3265
f 4490/6300/3266 4492/6364/3267 4521/6365/3268 4519/6301/3268
f 4492/6364/3269 4493/6366/3270 4520/6367/3271 4521/6365/3271
f 4493/6366/3272 4491/6368/3273 4518/6369/3274 4520/6367/3274
f 4466/6370/3120 4495/6327/3120 4475/6326/3120 4462/6371/3120
f 4551/6372/3073 4539/6373/3073 4542/6374/3073 4562/6375/3073
f 4529/6376/2973 4525/6377/2973 4546/6378/2973 4558/6379/2973
f 4562/6375/3073 4559/6380/3073 4554/6381/3073 4551/6372/3073
f 4524/6382/2973 4528/6383/2973 4563/6384/2973 4543/6385/2973
f 4523/6386/2974 4538/6387/2974 4550/6388/2974 4527/6389/2974
f 4527/6390/2971 4550/6391/2971 4579/6392/2971 4533/6393/2971
f 4534/6394/3073 4554/6381/3073 4559/6380/3073 4547/6395/3073
f 4563/6396/2971 4528/6397/2971 4531/6398/2971 4570/6399/2971
f 4529/6400/2972 4558/6401/2972 4567/6402/2972 4530/6403/2972
f 4559/6380/3073 4562/6375/3073 4571/6404/3073 4566/6405/3073
f 4555/6406/2972 4526/6407/2972 4532/6408/2972 4574/6409/2972
f 4551/6372/3073 4554/6381/3073 4575/6410/3073 4578/6411/3073
f 4534/6412/3275 4536/6413/3276 4556/6414/3277 4554/6415/3278
f 4536/6413/3279 4537/6416/3279 4557/6417/3280 4556/6414/3281
f 4537/6416/3282 4535/6418/3282 4555/6419/3283 4557/6417/3284
f 4551/6420/3285 4553/6421/3286 4541/6422/3287 4539/6423/3287
f 4553/6421/3288 4552/6424/3289 4540/6425/3290 4541/6422/3291
f 4552/6424/3292 4550/6388/3293 4538/6387/3294 4540/6425/3294
f 4546/6378/3295 4548/6426/3296 4560/6427/3297 4558/6379/3298
f 4548/6426/3299 4549/6428/3300 4561/6429/3301 4560/6427/3302
f 4549/6428/3303 4547/6430/3303 4559/6431/3304 4561/6429/3305
f 4563/6384/3306 4565/6432/3307 4545/6433/3308 4543/6385/3308
f 4565/6432/3309 4564/6434/3310 4544/6435/3311 4545/6433/3311
f 4564/6434/3312 4562/6436/3313 4542/6437/3314 4544/6435/3314
f 4566/6438/3315 4568/6439/3316 4561/6440/3317 4559/6441/3318
f 4568/6439/3319 4569/6442/3320 4560/6443/3321 4561/6440/3322
f 4569/6442/3323 4567/6402/3323 4558/6401/3324 4560/6443/3325
f 4562/5887/3326 4564/6444/3327 4573/6445/3328 4571/6446/3328
f 4564/6444/3329 4565/6447/3330 4572/6448/3331 4573/6445/3332
f 4565/6447/3333 4563/6396/3334 4570/6399/3335 4572/6448/3335
f 4554/6449/3336 4556/6450/3337 4577/6451/3338 4575/6452/3338
f 4556/6450/3339 4557/6453/3340 4576/6454/3341 4577/6451/3342
f 4557/6453/3343 4555/6406/3344 4574/6409/3345 4576/6454/3345
f 4550/6391/3346 4552/6455/3347 4581/6456/3348 4579/6392/3348
f 4552/6455/3349 4553/6457/3350 4580/6458/3351 4581/6456/3351
f 4553/6457/3352 4551/6459/3353 4578/6460/3354 4580/6458/3355
f 4526/6461/2974 4555/6419/2974 4535/6418/2974 4522/6462/2974
o Crate_Plane.010
v -4.376356 5.633011 0.087464
v -4.940014 6.153573 0.854729
v -4.897547 6.114353 0.912536
v -4.333889 5.593791 0.145271
v -4.633894 5.870858 0.438030
v -4.682477 5.915726 0.504163
v -4.640010 5.876506 0.561970
v -4.591426 5.831637 0.495837
v -4.332156 5.592190 0.848763
v -4.380739 5.637059 0.914895
v -4.893165 6.110305 0.085105
v -4.941748 6.155174 0.151237
v -4.316805 5.682595 0.097571
v -4.329309 5.683954 0.087464
v -4.321198 5.685287 0.092518
v -4.325774 5.685784 0.088818
v -4.892967 6.204516 0.854729
v -4.880463 6.203157 0.864836
v -4.889432 6.206347 0.856083
v -4.884856 6.205849 0.859783
v -4.852847 6.177652 0.902429
v -4.850499 6.165296 0.912536
v -4.849814 6.173487 0.907482
v -4.848955 6.168964 0.911182
v -4.286841 5.644733 0.145271
v -4.289188 5.657090 0.135164
v -4.285297 5.648402 0.143917
v -4.286156 5.652925 0.140217
v -4.635429 5.966669 0.504163
v -4.617338 5.960150 0.506664
v -4.631146 5.967808 0.504498
v -4.624525 5.965422 0.505413
v -4.579930 5.925602 0.455744
v -4.586846 5.921801 0.438030
v -4.581529 5.925714 0.446887
v -4.584061 5.924323 0.440403
v -4.544379 5.882580 0.495837
v -4.552314 5.900097 0.493336
v -4.543583 5.886940 0.495502
v -4.546487 5.893352 0.494587
v -4.589721 5.934645 0.544256
v -4.592962 5.927449 0.561970
v -4.589483 5.933059 0.553113
v -4.590669 5.930426 0.559597
v -4.285618 5.653792 0.856369
v -4.285108 5.643133 0.848763
v -4.283504 5.650476 0.852566
v -4.283318 5.646574 0.849782
v -4.333691 5.688002 0.914895
v -4.323025 5.688340 0.907289
v -4.330404 5.690060 0.913876
v -4.326499 5.690183 0.911092
v -4.846117 6.161248 0.085105
v -4.846626 6.171907 0.092711
v -4.844326 6.164689 0.086124
v -4.844512 6.168591 0.088908
v -4.884034 6.206455 0.143631
v -4.894700 6.206117 0.151237
v -4.887508 6.208298 0.147434
v -4.891412 6.208175 0.150218
v -4.977339 4.948696 0.122489
v -4.894234 5.038681 0.000000
v -4.804249 4.955576 0.122489
v -4.907567 4.889966 0.015714
v -4.896053 4.879333 0.031386
v -4.893777 4.882775 0.016377
v -4.877603 4.899310 0.004193
v -4.899750 4.898430 0.004193
v -4.888274 4.888734 0.008266
v -4.879773 4.879980 0.031386
v -4.869140 4.891494 0.015714
v -4.882315 4.883231 0.016377
v -4.291994 5.510240 0.122489
v -4.381979 5.593345 0.000000
v -4.298874 5.683329 0.122489
v -4.233264 5.580012 0.015714
v -4.222631 5.591526 0.031386
v -4.226073 5.593801 0.016377
v -4.242608 5.609975 0.004193
v -4.241728 5.587828 0.004193
v -4.232032 5.599305 0.008266
v -4.223278 5.607805 0.031386
v -4.234792 5.618439 0.015714
v -4.226529 5.605263 0.016377
v -5.532002 5.460951 0.122489
v -5.538882 5.634041 0.122489
v -5.448898 5.550936 -0.000000
v -5.607598 5.536475 0.031386
v -5.596085 5.525842 0.015714
v -5.604347 5.539017 0.016377
v -5.597612 5.564269 0.015714
v -5.608245 5.552755 0.031386
v -5.604803 5.550479 0.016377
v -5.588268 5.534306 0.004193
v -5.589149 5.556452 0.004193
v -5.598845 5.544976 0.008266
v -4.853538 6.195584 0.122489
v -4.936643 6.105600 -0.000000
v -5.026627 6.188704 0.122489
v -4.923310 6.254314 0.015714
v -4.934824 6.264947 0.031386
v -4.937099 6.261505 0.016377
v -4.953273 6.244970 0.004193
v -4.931126 6.245851 0.004193
v -4.942602 6.255547 0.008266
v -4.951103 6.264300 0.031386
v -4.961737 6.252787 0.015714
v -4.948561 6.261050 0.016377
v -4.977339 4.948696 0.877511
v -4.804249 4.955576 0.877511
v -4.896053 4.879333 0.968614
v -4.907567 4.889966 0.984286
v -4.893777 4.882775 0.983623
v -4.869140 4.891494 0.984286
v -4.879773 4.879980 0.968614
v -4.882315 4.883231 0.983623
v -4.899750 4.898430 0.995807
v -4.877603 4.899310 0.995807
v -4.888274 4.888734 0.991734
v -4.291994 5.510240 0.877511
v -4.298874 5.683329 0.877511
v -4.222631 5.591526 0.968614
v -4.233264 5.580012 0.984286
v -4.226073 5.593802 0.983623
v -4.234792 5.618439 0.984286
v -4.223278 5.607805 0.968614
v -4.226529 5.605263 0.983623
v -4.241728 5.587828 0.995807
v -4.242608 5.609975 0.995807
v -4.232032 5.599305 0.991734
v -5.532002 5.460951 0.877511
v -5.538882 5.634041 0.877511
v -5.596085 5.525842 0.984286
v -5.607598 5.536475 0.968613
v -5.604348 5.539017 0.983623
v -5.589149 5.556452 0.995807
v -5.588268 5.534306 0.995807
v -5.598845 5.544976 0.991734
v -5.608245 5.552755 0.968613
v -5.597612 5.564269 0.984286
v -5.604803 5.550479 0.983623
v -4.853538 6.195584 0.877511
v -5.026627 6.188704 0.877511
v -4.934824 6.264947 0.968614
v -4.923310 6.254314 0.984286
v -4.937099 6.261505 0.983623
v -4.961737 6.252787 0.984286
v -4.951103 6.264300 0.968614
v -4.948561 6.261050 0.983623
v -4.931126 6.245851 0.995807
v -4.953273 6.244970 0.995807
v -4.942603 6.255547 0.991734
v -5.577635 5.545819 -0.000000
v -4.889117 4.909944 0.000000
v -4.910411 4.886886 0.031386
v -5.598929 5.522761 0.031386
v -4.253242 5.598462 0.000000
v -4.230184 5.577167 0.031386
v -4.866059 4.888649 0.031386
v -4.941760 6.234337 -0.000000
v -4.920465 6.257395 0.031386
v -4.231947 5.621519 0.031386
v -5.600692 5.567113 0.031386
v -4.964817 6.255631 0.031386
v -5.598929 5.522761 0.968614
v -4.910411 4.886886 0.968614
v -4.889117 4.909944 1.000000
v -5.577635 5.545819 1.000000
v -4.866059 4.888649 0.968614
v -4.230184 5.577167 0.968614
v -4.253242 5.598462 1.000000
v -4.231947 5.621519 0.968614
v -4.920465 6.257395 0.968614
v -4.941760 6.234337 1.000000
v -4.964817 6.255631 0.968614
v -5.600692 5.567114 0.968614
v -4.860691 5.007702 0.122489
v -4.348435 5.562366 0.122489
v -4.348435 5.562366 0.877511
v -4.860691 5.007702 0.877511
v -4.970185 6.136579 0.122489
v -5.482441 5.581914 0.122489
v -5.482441 5.581914 0.877511
v -4.970186 6.136579 0.877511
v -4.894234 5.038681 0.076830
v -5.448898 5.550936 0.076830
v -4.936643 6.105600 0.076830
v -4.381979 5.593345 0.076830
v -4.894234 5.038681 0.923170
v -4.381979 5.593345 0.923170
v -4.936643 6.105600 0.923170
v -5.448898 5.550936 0.923170
v -4.351000 5.626887 0.122489
v -4.905664 6.139143 0.122489
v -4.905664 6.139143 0.877511
v -4.351000 5.626888 0.877511
v -5.479876 5.517393 0.122489
v -4.925212 5.005137 0.122489
v -4.925212 5.005137 0.877511
v -5.479876 5.517393 0.877511
v -4.893023 5.008204 1.000000
v -4.894234 5.038681 0.978433
v -4.351502 5.594556 1.000000
v -4.381979 5.593345 0.978433
v -5.448898 5.550936 0.978433
v -5.479374 5.549725 1.000000
v -4.937854 6.136076 1.000000
v -4.936643 6.105600 0.978433
v -4.853302 5.031889 0.087464
v -4.332740 5.595548 0.854729
v -4.371960 5.553081 0.912536
v -4.892522 4.989422 0.145271
v -4.615455 5.289427 0.438030
v -4.570587 5.338010 0.504163
v -4.609807 5.295543 0.561970
v -4.654675 5.246960 0.495837
v -4.894123 4.987689 0.848763
v -4.849254 5.036273 0.914896
v -4.376008 5.548698 0.085105
v -4.331139 5.597281 0.151237
v -4.803718 4.972338 0.097571
v -4.802359 4.984842 0.087464
v -4.801026 4.976731 0.092518
v -4.800529 4.981308 0.088818
v -4.281797 5.548500 0.854729
v -4.283156 5.535996 0.864836
v -4.279966 5.544966 0.856083
v -4.280464 5.540389 0.859783
v -4.308661 5.508380 0.902429
v -4.321017 5.506033 0.912536
v -4.312827 5.505348 0.907483
v -4.317349 5.504488 0.911182
v -4.841579 4.942375 0.145271
v -4.829223 4.944722 0.135164
v -4.837911 4.940830 0.143917
v -4.833388 4.941689 0.140217
v -4.519644 5.290963 0.504163
v -4.526164 5.272871 0.506664
v -4.518505 5.286680 0.504498
v -4.520891 5.280058 0.505413
v -4.560711 5.235464 0.455744
v -4.564512 5.242379 0.438030
v -4.560599 5.237062 0.446887
v -4.561990 5.239594 0.440403
v -4.603733 5.199912 0.495837
v -4.586215 5.207847 0.493336
v -4.599373 5.199116 0.495502
v -4.592961 5.202021 0.494587
v -4.551668 5.245255 0.544256
v -4.558864 5.248495 0.561970
v -4.553254 5.245016 0.553113
v -4.555887 5.246202 0.559597
v -4.832520 4.941151 0.856369
v -4.843180 4.940641 0.848763
v -4.835838 4.939037 0.852566
v -4.839739 4.938851 0.849782
v -4.798311 4.989224 0.914896
v -4.797974 4.978559 0.907289
v -4.796253 4.985937 0.913877
v -4.796130 4.982033 0.911092
v -4.325065 5.501650 0.085105
v -4.314405 5.502160 0.092711
v -4.321624 5.499859 0.086124
v -4.317723 5.500046 0.088908
v -4.279859 5.539567 0.143631
v -4.280196 5.550233 0.151237
v -4.278015 5.543041 0.147434
v -4.278138 5.546945 0.150218
v -4.972763 6.107947 0.087464
v -5.493325 5.544289 0.854729
v -5.454105 5.586757 0.912536
v -4.933543 6.150414 0.145271
v -5.210610 5.850410 0.438030
v -5.255478 5.801827 0.504163
v -5.216258 5.844294 0.561970
v -5.171390 5.892877 0.495837
v -4.931942 6.152148 0.848763
v -4.976811 6.103565 0.914895
v -5.450057 5.591139 0.085105
v -5.494925 5.542556 0.151237
v -5.022347 6.167499 0.097571
v -5.023706 6.154995 0.087464
v -5.025039 6.163106 0.092518
v -5.025537 6.158529 0.088818
v -5.544268 5.591337 0.854729
v -5.542909 5.603841 0.864836
v -5.546099 5.594872 0.856083
v -5.545601 5.599448 0.859783
v -5.517404 5.631457 0.902429
v -5.505048 5.633805 0.912536
v -5.513239 5.634490 0.907482
v -5.508716 5.635349 0.911182
v -4.984486 6.197463 0.145271
v -4.996842 6.195116 0.135164
v -4.988154 6.199007 0.143917
v -4.992677 6.198148 0.140217
v -5.306421 5.848875 0.504163
v -5.299902 5.866966 0.506664
v -5.307560 5.853158 0.504498
v -5.305174 5.859779 0.505413
v -5.265355 5.904374 0.455744
v -5.261553 5.897458 0.438030
v -5.265466 5.902775 0.446887
v -5.264075 5.900243 0.440403
v -5.222332 5.939925 0.495837
v -5.239850 5.931990 0.493336
v -5.226692 5.940721 0.495502
v -5.233104 5.937817 0.494587
v -5.274397 5.894583 0.544256
v -5.267201 5.891342 0.561970
v -5.272812 5.894821 0.553113
v -5.270178 5.893635 0.559597
v -4.993545 6.198686 0.856369
v -4.982885 6.199196 0.848763
v -4.990228 6.200800 0.852566
v -4.986326 6.200986 0.849782
v -5.027754 6.150613 0.914895
v -5.028092 6.161279 0.907289
v -5.029812 6.153901 0.913876
v -5.029935 6.157804 0.911092
v -5.501000 5.638187 0.085105
v -5.511660 5.637678 0.092711
v -5.504441 5.639978 0.086124
v -5.508343 5.639791 0.088908
v -5.546207 5.600270 0.143631
v -5.545869 5.589604 0.151237
v -5.548050 5.596796 0.147434
v -5.547927 5.592892 0.150218
v -5.455125 5.510615 0.087464
v -4.891467 4.990053 0.854729
v -4.933934 5.029273 0.912536
v -5.497592 5.549835 0.145271
v -5.197587 5.272768 0.438030
v -5.149004 5.227899 0.504163
v -5.191472 5.267119 0.561970
v -5.240055 5.311988 0.495837
v -5.499325 5.551435 0.848763
v -5.450742 5.506567 0.914895
v -4.938317 5.033320 0.085105
v -4.889733 4.988452 0.151237
v -5.514677 5.461031 0.097571
v -5.502172 5.459672 0.087464
v -5.510283 5.458338 0.092518
v -5.505707 5.457841 0.088818
v -4.938515 4.939110 0.854729
v -4.951018 4.940469 0.864836
v -4.942049 4.937279 0.856083
v -4.946625 4.937777 0.859783
v -4.978635 4.965974 0.902429
v -4.980982 4.978330 0.912536
v -4.981667 4.970139 0.907482
v -4.982526 4.974662 0.911182
v -5.544640 5.498892 0.145271
v -5.542293 5.486536 0.135164
v -5.546185 5.495224 0.143917
v -5.545325 5.490701 0.140217
v -5.196052 5.176957 0.504163
v -5.214144 5.183476 0.506664
v -5.200335 5.175817 0.504498
v -5.206957 5.178204 0.505413
v -5.251551 5.218023 0.455744
v -5.244635 5.221825 0.438030
v -5.249952 5.217911 0.446887
v -5.247421 5.219303 0.440403
v -5.287103 5.261045 0.495837
v -5.279168 5.243528 0.493336
v -5.287898 5.256686 0.495502
v -5.284994 5.250274 0.494587
v -5.241760 5.208981 0.544256
v -5.238519 5.216177 0.561970
v -5.241999 5.210566 0.553113
v -5.240812 5.213200 0.559597
v -5.545864 5.489833 0.856369
v -5.546373 5.500493 0.848763
v -5.547977 5.493150 0.852566
v -5.548163 5.497052 0.849782
v -5.497790 5.455624 0.914895
v -5.508456 5.455286 0.907289
v -5.501078 5.453566 0.913876
v -5.504982 5.453442 0.911092
v -4.985364 4.982378 0.085105
v -4.984855 4.971718 0.092711
v -4.987155 4.978937 0.086124
v -4.986969 4.975035 0.088908
v -4.947448 4.937171 0.143631
v -4.936781 4.937509 0.151237
v -4.943974 4.935327 0.147434
v -4.940069 4.935451 0.150218
vn 0.6785 0.7346 -0.0000
vn 0.5195 -0.4797 0.7071
vn -0.5195 0.4797 -0.7071
vn -0.5195 0.4797 0.7071
vn 0.5195 -0.4797 -0.7071
vn 0.4449 0.8913 0.0881
vn 0.7844 0.6102 -0.1114
vn 0.7850 0.6105 -0.1052
vn 0.2134 0.9677 -0.1338
vn 0.2134 0.9678 -0.1339
vn 0.5727 0.7292 -0.3745
vn 0.5731 0.7295 -0.3734
vn -0.2826 0.8599 -0.4251
vn 0.0384 0.6453 -0.7630
vn 0.0372 0.6444 -0.7638
vn 0.5883 0.7921 0.1624
vn 0.5834 0.7958 0.1623
vn 0.7137 0.6430 -0.2779
vn 0.3531 0.9327 -0.0739
vn 0.3520 0.9331 -0.0740
vn 0.4822 0.7194 -0.4998
vn 0.4822 0.7194 -0.4999
vn -0.2228 0.8845 -0.4099
vn -0.2212 0.8850 -0.4096
vn -0.0137 0.6117 -0.7910
vn 0.6108 0.0349 0.7910
vn 0.8994 -0.1519 0.4098
vn 0.8998 -0.1502 0.4097
vn 0.6789 0.5379 0.4998
vn 0.6789 0.5378 0.4998
vn 0.9017 0.4260 0.0739
vn 0.9022 0.4249 0.0741
vn 0.5843 0.7625 0.2779
vn 0.7429 0.6493 -0.1624
vn 0.7470 0.6447 -0.1623
vn 0.6402 0.0895 0.7630
vn 0.6394 0.0882 0.7638
vn 0.8796 -0.2134 0.4251
vn 0.8796 -0.2135 0.4251
vn 0.6815 0.6288 0.3745
vn 0.6817 0.6292 0.3734
vn 0.9478 0.2895 0.1338
vn 0.5460 0.8304 0.1114
vn 0.5463 0.8310 0.1052
vn 0.8531 0.5142 -0.0881
vn 0.6018 0.7368 -0.3082
vn 0.7553 0.6421 0.1311
vn 0.7600 0.6365 0.1314
vn 0.6901 0.4419 -0.5731
vn 0.9231 0.3525 -0.1534
vn 0.9263 0.3439 -0.1537
vn 0.5693 -0.0533 -0.8204
vn 0.8649 -0.2355 -0.4433
vn 0.8636 -0.2396 -0.4436
vn 0.7636 0.6332 0.1265
vn 0.7641 0.6340 0.1192
vn 0.4179 0.9067 -0.0578
vn 0.4849 0.7516 0.4472
vn 0.4879 0.7545 0.4390
vn 0.1170 0.9713 0.2071
vn 0.1169 0.9713 0.2071
vn -0.0478 0.6021 0.7970
vn -0.0449 0.6048 0.7951
vn -0.3672 0.8116 0.4544
vn 0.5706 0.8114 -0.1265
vn 0.5714 0.8120 -0.1192
vn 0.8706 0.4885 0.0578
vn 0.7107 0.5431 -0.4472
vn 0.7134 0.5463 -0.4390
vn 0.9590 0.1937 -0.2071
vn 0.6040 0.0001 -0.7970
vn 0.6065 0.0033 -0.7951
vn 0.8382 -0.3016 -0.4544
vn -0.3033 0.8435 0.4433
vn -0.3074 0.8418 0.4436
vn -0.0983 0.5633 0.8204
vn 0.2781 0.9482 0.1534
vn 0.2693 0.9507 0.1536
vn 0.3858 0.7230 0.5731
vn 0.5802 0.8039 -0.1311
vn 0.5741 0.8081 -0.1314
vn 0.6867 0.6584 0.3082
vn -0.6784 -0.7347 -0.0000
vn -0.5876 -0.6363 -0.4998
vn -0.1968 -0.8724 -0.4474
vn -0.2204 -0.9754 -0.0000
vn -0.3391 -0.3672 -0.8661
vn 0.0251 -0.6321 -0.7744
vn -0.0000 -0.0001 -1.0000
vn 0.3672 -0.3391 -0.8661
vn 0.6363 -0.5876 -0.4998
vn 0.2654 -0.8541 -0.4473
vn 0.7346 -0.6785 -0.0000
vn 0.2972 -0.9548 -0.0000
vn 0.7347 -0.6784 -0.0000
vn 0.8724 -0.1968 -0.4473
vn 0.9754 -0.2204 -0.0000
vn 0.6321 0.0251 -0.7744
vn 0.0001 -0.0000 -1.0000
vn 0.3391 0.3672 -0.8661
vn 0.5876 0.6363 -0.4998
vn 0.8541 0.2654 -0.4473
vn 0.9548 0.2972 -0.0000
vn -0.6785 -0.7346 -0.0000
vn -0.9548 -0.2972 -0.0000
vn -0.8541 -0.2654 -0.4474
vn -0.9754 0.2204 -0.0000
vn -0.8724 0.1968 -0.4473
vn -0.7347 0.6784 -0.0000
vn -0.6363 0.5876 -0.4998
vn -0.3672 0.3391 -0.8661
vn -0.6321 -0.0251 -0.7744
vn -0.0001 -0.0000 -1.0000
vn 0.6784 0.7347 -0.0000
vn 0.1968 0.8724 -0.4473
vn 0.2204 0.9754 -0.0000
vn -0.0251 0.6321 -0.7744
vn -0.0000 0.0001 -1.0000
vn -0.2654 0.8541 -0.4473
vn -0.7346 0.6785 -0.0000
vn -0.2972 0.9548 -0.0000
vn -0.1968 -0.8724 0.4474
vn -0.5876 -0.6363 0.4998
vn 0.2654 -0.8541 0.4474
vn 0.6363 -0.5876 0.4998
vn 0.3672 -0.3391 0.8661
vn 0.0251 -0.6321 0.7744
vn -0.0000 -0.0001 1.0000
vn -0.3391 -0.3672 0.8661
vn 0.8724 -0.1968 0.4474
vn 0.8541 0.2654 0.4474
vn 0.5876 0.6363 0.4998
vn 0.3391 0.3672 0.8661
vn 0.6321 0.0251 0.7744
vn 0.0001 -0.0000 1.0000
vn -0.8541 -0.2654 0.4473
vn -0.6321 -0.0251 0.7744
vn -0.0001 -0.0000 1.0000
vn -0.3672 0.3391 0.8661
vn -0.6363 0.5876 0.4998
vn -0.8724 0.1968 0.4473
vn 0.1968 0.8724 0.4474
vn -0.2654 0.8541 0.4474
vn -0.0251 0.6321 0.7744
vn -0.0000 0.0001 1.0000
vn -0.0000 -0.0000 -1.0000
vn -0.0000 -0.0000 1.0000
vn 0.4797 0.5195 0.7071
vn -0.4797 -0.5195 0.7071
vn 0.4797 0.5195 -0.7071
vn -0.4797 -0.5195 -0.7071
vn 0.8913 -0.4449 0.0881
vn 0.6102 -0.7844 -0.1114
vn 0.6105 -0.7850 -0.1052
vn 0.9677 -0.2134 -0.1338
vn 0.9678 -0.2134 -0.1339
vn 0.7292 -0.5727 -0.3745
vn 0.7295 -0.5731 -0.3734
vn 0.8599 0.2826 -0.4251
vn 0.6453 -0.0384 -0.7629
vn 0.6444 -0.0372 -0.7638
vn 0.7921 -0.5883 0.1624
vn 0.7958 -0.5834 0.1623
vn 0.6430 -0.7137 -0.2779
vn 0.9327 -0.3531 -0.0739
vn 0.9331 -0.3520 -0.0741
vn 0.7195 -0.4823 -0.4998
vn 0.7195 -0.4822 -0.4998
vn 0.8845 0.2228 -0.4098
vn 0.8850 0.2212 -0.4097
vn 0.6116 0.0137 -0.7910
vn 0.0349 -0.6108 0.7910
vn 0.0348 -0.6108 0.7910
vn -0.1519 -0.8994 0.4098
vn -0.1503 -0.8998 0.4096
vn 0.5378 -0.6789 0.4998
vn 0.4260 -0.9017 0.0739
vn 0.4249 -0.9022 0.0741
vn 0.7625 -0.5843 0.2779
vn 0.6494 -0.7429 -0.1624
vn 0.6447 -0.7470 -0.1623
vn 0.0895 -0.6402 0.7630
vn 0.0882 -0.6394 0.7638
vn -0.2134 -0.8796 0.4251
vn 0.6288 -0.6815 0.3745
vn 0.6292 -0.6817 0.3734
vn 0.2896 -0.9478 0.1338
vn 0.2895 -0.9478 0.1339
vn 0.8304 -0.5460 0.1114
vn 0.8310 -0.5463 0.1052
vn 0.5142 -0.8531 -0.0881
vn 0.7368 -0.6018 -0.3082
vn 0.6421 -0.7553 0.1311
vn 0.6365 -0.7600 0.1314
vn 0.4420 -0.6901 -0.5731
vn 0.3525 -0.9231 -0.1534
vn 0.3440 -0.9263 -0.1536
vn -0.0533 -0.5693 -0.8204
vn -0.2354 -0.8649 -0.4433
vn -0.2396 -0.8636 -0.4436
vn 0.6332 -0.7636 0.1265
vn 0.6340 -0.7641 0.1192
vn 0.9067 -0.4179 -0.0578
vn 0.7516 -0.4850 0.4472
vn 0.7545 -0.4879 0.4390
vn 0.9713 -0.1170 0.2071
vn 0.6021 0.0478 0.7970
vn 0.6048 0.0449 0.7951
vn 0.8116 0.3672 0.4544
vn 0.8114 -0.5706 -0.1265
vn 0.8120 -0.5714 -0.1192
vn 0.4885 -0.8706 0.0578
vn 0.5431 -0.7107 -0.4472
vn 0.5463 -0.7134 -0.4390
vn 0.1937 -0.9590 -0.2071
vn 0.0001 -0.6040 -0.7970
vn 0.0033 -0.6065 -0.7951
vn -0.3016 -0.8382 -0.4544
vn 0.8435 0.3033 0.4433
vn 0.8418 0.3074 0.4436
vn 0.5633 0.0983 0.8204
vn 0.9482 -0.2781 0.1534
vn 0.9507 -0.2693 0.1536
vn 0.7230 -0.3858 0.5731
vn 0.8039 -0.5802 -0.1311
vn 0.8081 -0.5741 -0.1314
vn 0.6584 -0.6867 0.3082
vn -0.8913 0.4449 0.0881
vn -0.6102 0.7844 -0.1114
vn -0.6105 0.7850 -0.1052
vn -0.9677 0.2134 -0.1339
vn -0.9678 0.2134 -0.1339
vn -0.7292 0.5727 -0.3745
vn -0.7295 0.5731 -0.3734
vn -0.8599 -0.2826 -0.4251
vn -0.6453 0.0384 -0.7629
vn -0.6444 0.0372 -0.7638
vn -0.7921 0.5883 0.1624
vn -0.7958 0.5834 0.1623
vn -0.6430 0.7137 -0.2779
vn -0.9327 0.3531 -0.0740
vn -0.9331 0.3520 -0.0740
vn -0.7195 0.4823 -0.4998
vn -0.7195 0.4822 -0.4998
vn -0.8845 -0.2228 -0.4098
vn -0.8850 -0.2212 -0.4097
vn -0.6117 -0.0137 -0.7910
vn -0.0349 0.6108 0.7910
vn 0.1519 0.8994 0.4098
vn 0.1503 0.8998 0.4096
vn -0.5379 0.6789 0.4998
vn -0.5378 0.6789 0.4998
vn -0.4260 0.9017 0.0740
vn -0.4249 0.9022 0.0740
vn -0.7625 0.5843 0.2779
vn -0.6493 0.7429 -0.1624
vn -0.6447 0.7470 -0.1623
vn -0.0895 0.6402 0.7630
vn -0.0882 0.6394 0.7638
vn 0.2134 0.8796 0.4251
vn -0.6288 0.6815 0.3745
vn -0.6292 0.6817 0.3734
vn -0.2895 0.9478 0.1338
vn -0.8304 0.5460 0.1114
vn -0.8310 0.5463 0.1052
vn -0.5142 0.8531 -0.0881
vn -0.7368 0.6018 -0.3082
vn -0.6421 0.7554 0.1311
vn -0.6365 0.7600 0.1314
vn -0.4420 0.6901 -0.5731
vn -0.4419 0.6901 -0.5731
vn -0.3525 0.9231 -0.1535
vn -0.3439 0.9263 -0.1537
vn 0.0533 0.5693 -0.8204
vn 0.2354 0.8649 -0.4433
vn 0.2396 0.8636 -0.4436
vn -0.6332 0.7636 0.1265
vn -0.6340 0.7641 0.1192
vn -0.9067 0.4179 -0.0578
vn -0.7516 0.4850 0.4472
vn -0.7545 0.4879 0.4390
vn -0.9713 0.1170 0.2071
vn -0.9713 0.1169 0.2071
vn -0.6021 -0.0478 0.7970
vn -0.6048 -0.0450 0.7951
vn -0.8116 -0.3672 0.4544
vn -0.8114 0.5706 -0.1265
vn -0.8120 0.5714 -0.1192
vn -0.4885 0.8706 0.0578
vn -0.5431 0.7107 -0.4472
vn -0.5462 0.7134 -0.4390
vn -0.1937 0.9590 -0.2071
vn -0.1936 0.9590 -0.2071
vn -0.0001 0.6040 -0.7970
vn -0.0033 0.6065 -0.7951
vn 0.3016 0.8382 -0.4544
vn -0.8435 -0.3034 0.4433
vn -0.8418 -0.3074 0.4436
vn -0.5633 -0.0983 0.8204
vn -0.9482 0.2781 0.1535
vn -0.9507 0.2693 0.1537
vn -0.7230 0.3858 0.5731
vn -0.8039 0.5801 -0.1311
vn -0.8081 0.5741 -0.1314
vn -0.6584 0.6867 0.3082
vn -0.4449 -0.8913 0.0881
vn -0.4449 -0.8912 0.0881
vn -0.7844 -0.6102 -0.1114
vn -0.7850 -0.6105 -0.1052
vn -0.2133 -0.9678 -0.1338
vn -0.5727 -0.7292 -0.3745
vn -0.5731 -0.7295 -0.3734
vn 0.2826 -0.8599 -0.4251
vn -0.0384 -0.6453 -0.7629
vn -0.0372 -0.6444 -0.7638
vn -0.5883 -0.7921 0.1625
vn -0.5834 -0.7958 0.1622
vn -0.7137 -0.6430 -0.2779
vn -0.3531 -0.9327 -0.0740
vn -0.3520 -0.9331 -0.0740
vn -0.4823 -0.7195 -0.4998
vn -0.4822 -0.7195 -0.4998
vn 0.2228 -0.8845 -0.4098
vn 0.2212 -0.8850 -0.4097
vn 0.0137 -0.6116 -0.7910
vn -0.6108 -0.0349 0.7910
vn -0.6108 -0.0348 0.7910
vn -0.8994 0.1519 0.4098
vn -0.8998 0.1502 0.4097
vn -0.6789 -0.5379 0.4998
vn -0.6789 -0.5378 0.4998
vn -0.9017 -0.4260 0.0740
vn -0.9022 -0.4249 0.0740
vn -0.5843 -0.7625 0.2779
vn -0.7429 -0.6494 -0.1625
vn -0.7470 -0.6447 -0.1622
vn -0.6403 -0.0895 0.7629
vn -0.6394 -0.0882 0.7638
vn -0.8796 0.2134 0.4251
vn -0.6815 -0.6288 0.3745
vn -0.6817 -0.6292 0.3734
vn -0.9478 -0.2895 0.1338
vn -0.5460 -0.8303 0.1114
vn -0.5463 -0.8310 0.1052
vn -0.8531 -0.5142 -0.0881
vn -0.6018 -0.7368 -0.3082
vn -0.6018 -0.7368 -0.3081
vn -0.7553 -0.6421 0.1312
vn -0.7600 -0.6365 0.1314
vn -0.6901 -0.4420 -0.5731
vn -0.6901 -0.4419 -0.5731
vn -0.9231 -0.3525 -0.1535
vn -0.9263 -0.3439 -0.1536
vn -0.5693 0.0533 -0.8204
vn -0.8649 0.2355 -0.4433
vn -0.8636 0.2396 -0.4436
vn -0.7636 -0.6332 0.1265
vn -0.7641 -0.6340 0.1192
vn -0.4179 -0.9067 -0.0578
vn -0.4850 -0.7516 0.4472
vn -0.4879 -0.7545 0.4390
vn -0.1170 -0.9713 0.2071
vn -0.1169 -0.9713 0.2071
vn 0.0478 -0.6021 0.7970
vn 0.0449 -0.6048 0.7951
vn 0.3672 -0.8116 0.4544
vn -0.5706 -0.8114 -0.1265
vn -0.5714 -0.8120 -0.1192
vn -0.8706 -0.4885 0.0578
vn -0.7107 -0.5431 -0.4472
vn -0.7134 -0.5462 -0.4390
vn -0.9590 -0.1937 -0.2071
vn -0.9590 -0.1936 -0.2072
vn -0.6040 -0.0001 -0.7970
vn -0.6065 -0.0033 -0.7951
vn -0.8382 0.3016 -0.4544
vn 0.3033 -0.8435 0.4433
vn 0.3074 -0.8419 0.4436
vn 0.0983 -0.5633 0.8204
vn -0.2782 -0.9482 0.1535
vn -0.2693 -0.9507 0.1536
vn -0.3858 -0.7230 0.5731
vn -0.5802 -0.8039 -0.1312
vn -0.5742 -0.8081 -0.1314
vn -0.6867 -0.6584 0.3082
vn -0.6867 -0.6584 0.3081
vt 0.846577 0.822206
vt 0.756189 0.911385
vt 0.765549 0.920872
vt 0.855937 0.831693
vt 0.362941 0.314024
vt 0.362941 0.438303
vt 0.380324 0.438303
vt 0.380324 0.314024
vt 0.868787 0.819015
vt 0.859428 0.809528
vt 0.365818 0.061986
vt 0.365819 0.186269
vt 0.383202 0.186269
vt 0.383201 0.061986
vt 0.168576 0.430799
vt 0.185959 0.430799
vt 0.185959 0.306519
vt 0.168576 0.306519
vt 0.197030 0.190016
vt 0.214413 0.190016
vt 0.214413 0.064904
vt 0.197030 0.064904
vt 0.949816 0.720349
vt 0.959176 0.729836
vt 0.402053 0.314910
vt 0.384670 0.314910
vt 0.384668 0.440029
vt 0.402051 0.440029
vt 0.232227 0.307406
vt 0.214844 0.307406
vt 0.214844 0.432526
vt 0.232227 0.432526
vt 0.946326 0.923308
vt 0.959176 0.910630
vt 0.203061 0.805517
vt 0.185678 0.805517
vt 0.185677 0.930635
vt 0.203060 0.930635
vt 0.769038 0.717912
vt 0.756188 0.730591
vt 0.146525 0.065542
vt 0.144715 0.065542
vt 0.144716 0.191167
vt 0.146525 0.192516
vt 0.143235 0.065542
vt 0.143235 0.190180
vt 0.142180 0.065542
vt 0.142181 0.189819
vt 0.190302 0.303823
vt 0.188494 0.305171
vt 0.188493 0.430799
vt 0.190302 0.430799
vt 0.187014 0.306158
vt 0.187013 0.430799
vt 0.381376 0.438303
vt 0.381378 0.313663
vt 0.382857 0.438303
vt 0.382859 0.312676
vt 0.384668 0.438303
vt 0.384668 0.311328
vt 0.384255 0.186630
vt 0.384256 0.061986
vt 0.385736 0.187617
vt 0.385736 0.061986
vt 0.387544 0.188965
vt 0.387544 0.061986
vt 0.211266 0.432526
vt 0.212637 0.432526
vt 0.212637 0.305615
vt 0.211265 0.303823
vt 0.213839 0.432526
vt 0.213839 0.306926
vt 0.405631 0.311328
vt 0.404259 0.313120
vt 0.404259 0.440029
vt 0.405631 0.440029
vt 0.403057 0.314431
vt 0.403057 0.440029
vt 0.206640 0.801935
vt 0.205269 0.803726
vt 0.205268 0.930635
vt 0.206640 0.930635
vt 0.204067 0.805037
vt 0.204066 0.930635
vt 0.215418 0.190496
vt 0.215418 0.064904
vt 0.216622 0.191808
vt 0.216622 0.064904
vt 0.217993 0.193600
vt 0.217993 0.064904
vt 0.124798 0.189819
vt 0.124797 0.065542
vt 0.037991 0.257594
vt 0.033868 0.257402
vt 0.034077 0.253190
vt 0.038043 0.253587
vt 0.520746 0.509184
vt 0.520429 0.505058
vt 0.524270 0.505051
vt 0.524884 0.507999
vt 0.520310 0.501078
vt 0.524286 0.501191
vt 0.528402 0.501506
vt 0.527195 0.505714
vt 0.038002 0.245570
vt 0.038056 0.249573
vt 0.034094 0.249986
vt 0.033879 0.245766
vt 0.038010 0.010578
vt 0.033942 0.010506
vt 0.033970 0.006536
vt 0.037940 0.006510
vt 0.528402 0.265541
vt 0.524279 0.265855
vt 0.524275 0.262015
vt 0.527222 0.261405
vt 0.520304 0.265971
vt 0.520417 0.261997
vt 0.520734 0.257882
vt 0.524940 0.259092
vt 0.038027 0.986672
vt 0.038024 0.990690
vt 0.034100 0.990920
vt 0.033938 0.986822
vt 0.037880 0.994781
vt 0.033915 0.993906
vt 0.037980 0.492609
vt 0.038036 0.496616
vt 0.034071 0.497032
vt 0.033854 0.492807
vt 0.038025 0.500634
vt 0.034055 0.500239
vt 0.037975 0.504645
vt 0.033850 0.504453
vt 0.277104 0.501504
vt 0.281227 0.501191
vt 0.281231 0.505030
vt 0.278284 0.505640
vt 0.285202 0.501074
vt 0.285089 0.505048
vt 0.284772 0.509163
vt 0.280566 0.507953
vt 0.037995 0.751693
vt 0.033871 0.751502
vt 0.034074 0.747289
vt 0.038043 0.747682
vt 0.284760 0.257861
vt 0.285078 0.261987
vt 0.281236 0.261995
vt 0.280623 0.259046
vt 0.285197 0.265967
vt 0.281220 0.265854
vt 0.277104 0.265539
vt 0.278311 0.261331
vt 0.037994 0.739657
vt 0.038052 0.743663
vt 0.034087 0.744081
vt 0.033868 0.739857
vt 0.272980 0.257611
vt 0.272923 0.253608
vt 0.276886 0.253191
vt 0.277104 0.257412
vt 0.272934 0.249593
vt 0.276900 0.249987
vt 0.272983 0.245586
vt 0.277104 0.245777
vt 0.520780 0.257841
vt 0.520466 0.253718
vt 0.524306 0.253713
vt 0.524917 0.256661
vt 0.520350 0.249742
vt 0.524324 0.249855
vt 0.528440 0.250171
vt 0.527230 0.254378
vt 0.273007 0.010594
vt 0.273078 0.006526
vt 0.277048 0.006553
vt 0.277075 0.010523
vt 0.273146 0.994751
vt 0.273011 0.990661
vt 0.276939 0.990873
vt 0.277104 0.993893
vt 0.273003 0.986639
vt 0.277090 0.986783
vt 0.277104 0.250206
vt 0.281231 0.249887
vt 0.281239 0.253730
vt 0.278290 0.254343
vt 0.285211 0.249768
vt 0.285099 0.253745
vt 0.284784 0.257861
vt 0.280576 0.256655
vt 0.272973 0.492612
vt 0.277095 0.492804
vt 0.276889 0.497014
vt 0.272922 0.496619
vt 0.528440 0.014166
vt 0.524313 0.014484
vt 0.524305 0.010642
vt 0.527254 0.010028
vt 0.520333 0.014603
vt 0.520445 0.010627
vt 0.520760 0.006510
vt 0.524968 0.007717
vt 0.272966 0.504637
vt 0.272911 0.500634
vt 0.276873 0.500218
vt 0.277090 0.504439
vt 0.272968 0.751660
vt 0.272914 0.747656
vt 0.276876 0.747242
vt 0.277091 0.751462
vt 0.272927 0.743642
vt 0.276893 0.744038
vt 0.272978 0.739635
vt 0.277101 0.739827
vt 0.284764 0.006531
vt 0.285078 0.010654
vt 0.281238 0.010659
vt 0.280627 0.007711
vt 0.285195 0.014630
vt 0.281220 0.014517
vt 0.277104 0.014200
vt 0.278314 0.009994
vt 0.308055 0.478222
vt 0.497455 0.478223
vt 0.060831 0.280443
vt 0.060822 0.469762
vt 0.497452 0.288823
vt 0.060853 0.033422
vt 0.060843 0.222729
vt 0.308052 0.288822
vt 0.060838 0.774531
vt 0.060864 0.963827
vt 0.060818 0.527491
vt 0.060832 0.716808
vt 0.250132 0.469767
vt 0.250139 0.280453
vt 0.739168 0.265507
vt 0.739168 0.279360
vt 0.549901 0.279360
vt 0.549901 0.265507
vt 0.250145 0.222742
vt 0.250161 0.033435
vt 0.753021 0.468627
vt 0.739168 0.468627
vt 0.753021 0.279360
vt 0.250159 0.963800
vt 0.250131 0.774504
vt 0.549901 0.482480
vt 0.549901 0.468627
vt 0.739168 0.482480
vt 0.250137 0.716793
vt 0.250126 0.527481
vt 0.964715 0.698653
vt 0.775448 0.698653
vt 0.775448 0.509386
vt 0.964715 0.509386
vt 0.775448 0.717912
vt 0.964715 0.717912
vt 0.756188 0.509386
vt 0.756188 0.698653
vt 0.964715 0.490126
vt 0.775448 0.490126
vt 0.983974 0.698653
vt 0.983974 0.509386
vt 0.736929 0.509386
vt 0.736929 0.698653
vt 0.547661 0.698653
vt 0.547661 0.509386
vt 0.528402 0.509386
vt 0.528402 0.698653
vt 0.736929 0.490126
vt 0.547661 0.490126
vt 0.485631 0.717711
vt 0.296364 0.717711
vt 0.296364 0.528443
vt 0.485631 0.528443
vt 0.296364 0.736970
vt 0.485631 0.736970
vt 0.277104 0.528443
vt 0.277104 0.717711
vt 0.485631 0.509184
vt 0.296364 0.509184
vt 0.504890 0.717711
vt 0.504890 0.528443
vt 0.302656 0.232320
vt 0.502904 0.232299
vt 0.302640 0.032073
vt 0.502888 0.032052
vt 0.736929 0.926439
vt 0.547661 0.926439
vt 0.547661 0.737172
vt 0.736929 0.737172
vt 0.547661 0.945698
vt 0.736929 0.945698
vt 0.528402 0.737172
vt 0.528402 0.926439
vt 0.736929 0.717912
vt 0.547661 0.717912
vt 0.756188 0.926439
vt 0.756188 0.737172
vt 0.547699 0.025770
vt 0.736966 0.025770
vt 0.736966 0.215037
vt 0.547699 0.215037
vt 0.736966 0.006510
vt 0.547699 0.006510
vt 0.756226 0.215037
vt 0.756226 0.025770
vt 0.547699 0.234296
vt 0.736966 0.234296
vt 0.528440 0.025770
vt 0.528440 0.215037
vt 0.536048 0.279360
vt 0.536048 0.468627
vt 0.528402 0.474033
vt 0.528402 0.273954
vt 0.544495 0.257861
vt 0.744574 0.257861
vt 0.760667 0.273954
vt 0.760667 0.474034
vt 0.744574 0.490126
vt 0.544494 0.490126
vt 0.380343 0.850750
vt 0.470732 0.939929
vt 0.480092 0.930442
vt 0.389703 0.841263
vt 0.109704 0.429126
vt 0.109705 0.304848
vt 0.092322 0.304848
vt 0.092321 0.429125
vt 0.376853 0.828585
vt 0.367493 0.838072
vt 0.168576 0.430797
vt 0.168576 0.306521
vt 0.151193 0.306521
vt 0.151193 0.430797
vt 0.177879 0.800371
vt 0.160495 0.800371
vt 0.160495 0.924653
vt 0.177879 0.924653
vt 0.205348 0.555978
vt 0.187965 0.555978
vt 0.187965 0.681093
vt 0.205348 0.681093
vt 0.277105 0.748893
vt 0.286465 0.739406
vt 0.222732 0.557702
vt 0.205349 0.557702
vt 0.205348 0.682819
vt 0.222731 0.682819
vt 0.218562 0.929627
vt 0.235946 0.929628
vt 0.235947 0.804509
vt 0.218563 0.804509
vt 0.480092 0.749648
vt 0.467242 0.736970
vt 0.207687 0.307406
vt 0.190304 0.307406
vt 0.190302 0.432524
vt 0.207686 0.432524
vt 0.277104 0.929687
vt 0.289954 0.942365
vt 0.142012 0.304613
vt 0.140201 0.304613
vt 0.140203 0.430236
vt 0.142013 0.431586
vt 0.138720 0.304613
vt 0.138722 0.429249
vt 0.137667 0.304613
vt 0.137667 0.428888
vt 0.156153 0.927349
vt 0.157962 0.926001
vt 0.157961 0.800371
vt 0.156151 0.800371
vt 0.159441 0.925014
vt 0.159441 0.800371
vt 0.091268 0.304848
vt 0.091267 0.429487
vt 0.089787 0.304848
vt 0.089786 0.430474
vt 0.087977 0.304848
vt 0.087977 0.431822
vt 0.150139 0.306159
vt 0.150138 0.430797
vt 0.148658 0.305172
vt 0.148659 0.430797
vt 0.146848 0.303823
vt 0.146848 0.430797
vt 0.239525 0.804509
vt 0.238155 0.804509
vt 0.238153 0.931419
vt 0.239525 0.933211
vt 0.236953 0.804509
vt 0.236951 0.930108
vt 0.226311 0.554119
vt 0.224939 0.555911
vt 0.224939 0.682819
vt 0.226311 0.682819
vt 0.223737 0.557222
vt 0.223737 0.682819
vt 0.209893 0.305615
vt 0.209894 0.432524
vt 0.211265 0.432524
vt 0.208691 0.306927
vt 0.208691 0.432524
vt 0.186959 0.555498
vt 0.186959 0.681093
vt 0.185757 0.554186
vt 0.185757 0.681093
vt 0.184385 0.552394
vt 0.184386 0.681093
vt 0.120285 0.428888
vt 0.120285 0.304613
vt 0.859465 0.120290
vt 0.949854 0.209469
vt 0.959214 0.199983
vt 0.868825 0.110804
vt 0.114808 0.188521
vt 0.114808 0.064240
vt 0.097425 0.064240
vt 0.097425 0.188521
vt 0.855975 0.098125
vt 0.846615 0.107612
vt 0.122436 0.923611
vt 0.122436 0.799340
vt 0.105054 0.799340
vt 0.105054 0.923611
vt 0.387544 0.188963
vt 0.404928 0.188963
vt 0.404928 0.064683
vt 0.387545 0.064683
vt 0.405631 0.436444
vt 0.423014 0.436444
vt 0.423014 0.311328
vt 0.756226 0.018433
vt 0.765586 0.008947
vt 0.235377 0.068487
vt 0.217993 0.068487
vt 0.217993 0.193604
vt 0.235376 0.193604
vt 0.409271 0.187106
vt 0.426655 0.187106
vt 0.426656 0.061986
vt 0.409272 0.061986
vt 0.959214 0.019188
vt 0.946364 0.006510
vt 0.443977 0.314911
vt 0.426593 0.314911
vt 0.426593 0.440027
vt 0.443977 0.440027
vt 0.756226 0.199227
vt 0.769076 0.211906
vt 0.328767 0.438802
vt 0.330577 0.438802
vt 0.330575 0.313178
vt 0.328765 0.311829
vt 0.332058 0.438802
vt 0.332056 0.314165
vt 0.333111 0.438802
vt 0.333111 0.314527
vt 0.409271 0.061986
vt 0.407462 0.063335
vt 0.407462 0.188963
vt 0.409271 0.188963
vt 0.405981 0.064322
vt 0.405982 0.188963
vt 0.096372 0.064240
vt 0.096371 0.188883
vt 0.094891 0.064240
vt 0.094891 0.189870
vt 0.093082 0.064240
vt 0.093081 0.191218
vt 0.103999 0.798978
vt 0.103999 0.923611
vt 0.102518 0.797991
vt 0.102519 0.923611
vt 0.100708 0.796641
vt 0.100708 0.923612
vt 0.430234 0.061987
vt 0.428862 0.061987
vt 0.428863 0.188898
vt 0.430234 0.190688
vt 0.427661 0.061987
vt 0.427661 0.187586
vt 0.238956 0.064904
vt 0.237584 0.066696
vt 0.237584 0.193604
vt 0.238956 0.193604
vt 0.236382 0.068007
vt 0.236382 0.193604
vt 0.447556 0.311328
vt 0.446184 0.313120
vt 0.446184 0.440027
vt 0.447556 0.440027
vt 0.444982 0.314431
vt 0.444982 0.440027
vt 0.424019 0.436924
vt 0.424020 0.311328
vt 0.425222 0.438236
vt 0.425222 0.311328
vt 0.426593 0.440028
vt 0.426593 0.311328
vt 0.350493 0.314527
vt 0.350493 0.438802
vt 0.860416 0.349476
vt 0.770027 0.260297
vt 0.760667 0.269784
vt 0.851056 0.358963
vt 0.161894 0.555088
vt 0.161893 0.679367
vt 0.179276 0.679367
vt 0.179277 0.555088
vt 0.863906 0.371641
vt 0.873266 0.362154
vt 0.151842 0.066854
vt 0.151842 0.191136
vt 0.169225 0.191136
vt 0.169225 0.066854
vt 0.149182 0.798790
vt 0.131799 0.798790
vt 0.131799 0.923069
vt 0.149182 0.923069
vt 0.091395 0.795991
vt 0.074012 0.795991
vt 0.074012 0.921102
vt 0.091394 0.921102
vt 0.963655 0.451334
vt 0.954295 0.460820
vt 0.193452 0.068486
vt 0.176069 0.068486
vt 0.176067 0.193605
vt 0.193451 0.193606
vt 0.116351 0.679035
vt 0.133735 0.679035
vt 0.133735 0.553914
vt 0.116351 0.553914
vt 0.760667 0.450578
vt 0.773517 0.463256
vt 0.447618 0.065568
vt 0.430234 0.065568
vt 0.430234 0.190686
vt 0.447617 0.190686
vt 0.963655 0.270539
vt 0.950805 0.257861
vt 0.116351 0.555644
vt 0.114542 0.555644
vt 0.114542 0.681269
vt 0.116351 0.682617
vt 0.113061 0.555644
vt 0.113062 0.680282
vt 0.112007 0.555644
vt 0.112007 0.679920
vt 0.127455 0.925766
vt 0.129264 0.924417
vt 0.129265 0.798790
vt 0.127456 0.798790
vt 0.130745 0.923431
vt 0.130745 0.798790
vt 0.180329 0.679367
vt 0.180331 0.554727
vt 0.181810 0.679367
vt 0.181812 0.553740
vt 0.183621 0.679367
vt 0.183621 0.552392
vt 0.170278 0.191497
vt 0.170280 0.066854
vt 0.171759 0.192484
vt 0.171759 0.066854
vt 0.173568 0.193832
vt 0.173568 0.066854
vt 0.137313 0.553914
vt 0.135941 0.553914
vt 0.135941 0.680825
vt 0.137313 0.682617
vt 0.134740 0.553914
vt 0.134740 0.679515
vt 0.195658 0.066696
vt 0.195658 0.193606
vt 0.197030 0.193606
vt 0.194456 0.068007
vt 0.194456 0.193606
vt 0.451196 0.061986
vt 0.449825 0.063777
vt 0.449825 0.190686
vt 0.451196 0.190686
vt 0.448623 0.065088
vt 0.448622 0.190686
vt 0.073006 0.795511
vt 0.073006 0.921102
vt 0.071803 0.794198
vt 0.071803 0.921102
vt 0.070431 0.792406
vt 0.070431 0.921102
vt 0.094624 0.679920
vt 0.094624 0.555644
s 1
usemtl Material.010
f 4611/6463/3356 4599/6464/3356 4602/6465/3356 4622/6466/3356
f 4589/6467/3357 4585/6468/3357 4606/6469/3357 4618/6470/3357
f 4622/6466/3356 4619/6471/3356 4614/6472/3356 4611/6463/3356
f 4584/6473/3357 4588/6474/3357 4623/6475/3357 4603/6476/3357
f 4583/6477/3358 4598/6478/3358 4610/6479/3358 4587/6480/3358
f 4587/6481/3359 4610/6482/3359 4639/6483/3359 4593/6484/3359
f 4594/6485/3356 4614/6472/3356 4619/6471/3356 4607/6486/3356
f 4623/6487/3359 4588/6488/3359 4591/6489/3359 4630/6490/3359
f 4589/6491/3360 4618/6492/3360 4627/6493/3360 4590/6494/3360
f 4619/6471/3356 4622/6466/3356 4631/6495/3356 4626/6496/3356
f 4615/6497/3360 4586/6498/3360 4592/6499/3360 4634/6500/3360
f 4611/6463/3356 4614/6472/3356 4635/6501/3356 4638/6502/3356
f 4594/6503/3361 4596/6504/3361 4616/6505/3362 4614/6506/3363
f 4596/6504/3364 4597/6507/3365 4617/6508/3366 4616/6505/3367
f 4597/6507/3368 4595/6509/3368 4615/6510/3369 4617/6508/3370
f 4611/6511/3371 4613/6512/3372 4601/6513/3373 4599/6514/3373
f 4613/6512/3374 4612/6515/3375 4600/6516/3376 4601/6513/3377
f 4612/6515/3378 4610/6479/3379 4598/6478/3380 4600/6516/3380
f 4606/6469/3381 4608/6517/3381 4620/6518/3382 4618/6470/3383
f 4608/6517/3384 4609/6519/3385 4621/6520/3386 4620/6518/3387
f 4609/6519/3388 4607/6521/3388 4619/6522/3389 4621/6520/3390
f 4623/6475/3391 4625/6523/3392 4605/6524/3393 4603/6476/3394
f 4625/6523/3395 4624/6525/3396 4604/6526/3397 4605/6524/3397
f 4624/6525/3398 4622/6527/3399 4602/6528/3400 4604/6526/3400
f 4626/6529/3401 4628/6530/3401 4621/6531/3402 4619/6532/3403
f 4628/6530/3404 4629/6533/3404 4620/6534/3405 4621/6531/3406
f 4629/6533/3407 4627/6493/3407 4618/6492/3408 4620/6534/3409
f 4622/6535/3410 4624/6536/3411 4633/6537/3412 4631/6538/3412
f 4624/6536/3413 4625/6539/3414 4632/6540/3415 4633/6537/3416
f 4625/6539/3417 4623/6487/3418 4630/6490/3419 4632/6540/3419
f 4614/6541/3420 4616/6542/3421 4637/6543/3422 4635/6544/3422
f 4616/6542/3423 4617/6545/3424 4636/6546/3425 4637/6543/3425
f 4617/6545/3426 4615/6497/3427 4634/6500/3428 4636/6546/3428
f 4610/6482/3429 4612/6547/3430 4641/6548/3431 4639/6483/3431
f 4612/6547/3432 4613/6549/3433 4640/6550/3434 4641/6548/3434
f 4613/6549/3435 4611/6551/3436 4638/6552/3437 4640/6550/3437
f 4586/6553/3358 4615/6510/3358 4595/6509/3358 4582/6554/3358
f 4736/6555/3438 4645/6556/3439 4647/6557/3440 4646/6558/3441
f 4645/6559/3439 4649/6560/3442 4650/6561/3443 4647/6562/3440
f 4735/6563/3444 4648/6564/3445 4650/6561/3443 4649/6560/3442
f 4648/6564/3445 4652/6565/3446 4653/6566/3447 4650/6561/3443
f 4740/6567/3448 4651/6568/3449 4653/6569/3447 4652/6570/3446
f 4651/6568/3449 4646/6558/3441 4647/6557/3440 4653/6569/3447
f 4647/6562/3440 4650/6561/3443 4653/6566/3447
f 4739/6571/3450 4657/6572/3446 4659/6573/3451 4658/6574/3452
f 4657/6575/3446 4661/6576/3445 4662/6577/3453 4659/6578/3451
f 4738/6579/3454 4660/6580/3455 4662/6577/3453 4661/6576/3445
f 4660/6580/3455 4664/6581/3456 4665/6582/3457 4662/6577/3453
f 4743/6583/3356 4663/6584/3458 4665/6585/3457 4664/6586/3456
f 4663/6584/3458 4658/6587/3452 4659/6588/3451 4665/6585/3457
f 4659/6578/3451 4662/6577/3453 4665/6582/3457
f 4737/6589/3459 4669/6590/3460 4671/6591/3461 4670/6592/3439
f 4669/6590/3460 4673/6593/3462 4674/6594/3463 4671/6591/3461
f 4744/6595/3464 4672/6596/3465 4674/6594/3463 4673/6593/3462
f 4672/6597/3465 4676/6598/3466 4677/6599/3467 4674/6600/3463
f 4734/6601/3468 4675/6602/3442 4677/6599/3467 4676/6598/3466
f 4675/6602/3442 4670/6603/3439 4671/6604/3461 4677/6599/3467
f 4671/6604/3461 4674/6600/3463 4677/6599/3467
f 4742/6605/3469 4681/6606/3456 4683/6607/3470 4682/6608/3471
f 4681/6609/3456 4685/6610/3455 4686/6611/3472 4683/6612/3470
f 4741/6613/3473 4684/6614/3466 4686/6611/3472 4685/6610/3455
f 4684/6614/3466 4688/6615/3465 4689/6616/3474 4686/6611/3472
f 4745/6617/3475 4687/6618/3476 4689/6619/3474 4688/6620/3465
f 4687/6618/3476 4682/6608/3471 4683/6607/3470 4689/6619/3474
f 4683/6612/3470 4686/6611/3472 4689/6616/3474
f 4747/6621/3438 4692/6622/3441 4694/6623/3477 4693/6624/3478
f 4692/6622/3441 4696/6625/3449 4697/6626/3479 4694/6623/3477
f 4750/6627/3448 4695/6628/3480 4697/6626/3479 4696/6625/3449
f 4695/6629/3480 4699/6630/3481 4700/6631/3482 4697/6632/3479
f 4748/6633/3483 4698/6634/3484 4700/6631/3482 4699/6630/3481
f 4698/6634/3484 4693/6635/3478 4694/6636/3477 4700/6631/3482
f 4694/6636/3477 4697/6632/3479 4700/6631/3482
f 4751/6637/3450 4703/6638/3452 4705/6639/3485 4704/6640/3480
f 4703/6641/3452 4707/6642/3458 4708/6643/3486 4705/6644/3485
f 4753/6645/3356 4706/6646/3487 4708/6643/3486 4707/6642/3458
f 4706/6647/3487 4710/6648/3488 4711/6649/3489 4708/6650/3486
f 4752/6651/3490 4709/6652/3481 4711/6649/3489 4710/6648/3488
f 4709/6652/3481 4704/6653/3480 4705/6654/3485 4711/6649/3489
f 4705/6654/3485 4708/6650/3486 4711/6649/3489
f 4746/6655/3459 4714/6656/3478 4716/6657/3491 4715/6658/3460
f 4714/6659/3478 4718/6660/3484 4719/6661/3492 4716/6662/3491
f 4749/6663/3493 4717/6664/3494 4719/6661/3492 4718/6660/3484
f 4717/6664/3494 4721/6665/3495 4722/6666/3496 4719/6661/3492
f 4757/6667/3464 4720/6668/3462 4722/6669/3496 4721/6670/3495
f 4720/6668/3462 4715/6658/3460 4716/6657/3491 4722/6669/3496
f 4716/6662/3491 4719/6661/3492 4722/6666/3496
f 4754/6671/3469 4725/6672/3471 4727/6673/3497 4726/6674/3487
f 4725/6672/3471 4729/6675/3476 4730/6676/3498 4727/6673/3497
f 4756/6677/3475 4728/6678/3495 4730/6676/3498 4729/6675/3476
f 4728/6679/3495 4732/6680/3494 4733/6681/3499 4730/6682/3498
f 4755/6683/3500 4731/6684/3488 4733/6681/3499 4732/6680/3494
f 4731/6684/3488 4726/6685/3487 4727/6686/3497 4733/6681/3499
f 4727/6686/3497 4730/6682/3498 4733/6681/3499
f 4734/6601/3468 4735/6563/3444 4649/6560/3442 4675/6602/3442
f 4675/6602/3442 4649/6560/3442 4645/6559/3439 4670/6603/3439
f 4670/6592/3439 4645/6556/3439 4736/6555/3438 4737/6589/3459
f 4735/6563/3444 4738/6579/3454 4661/6576/3445 4648/6564/3445
f 4648/6564/3445 4661/6576/3445 4657/6575/3446 4652/6565/3446
f 4652/6570/3446 4657/6572/3446 4739/6571/3450 4740/6567/3448
f 4738/6579/3454 4741/6613/3473 4685/6610/3455 4660/6580/3455
f 4660/6580/3455 4685/6610/3455 4681/6609/3456 4664/6581/3456
f 4664/6586/3456 4681/6606/3456 4742/6605/3469 4743/6583/3356
f 4741/6613/3473 4734/6601/3468 4676/6598/3466 4684/6614/3466
f 4684/6614/3466 4676/6598/3466 4672/6597/3465 4688/6615/3465
f 4688/6620/3465 4672/6596/3465 4744/6595/3464 4745/6617/3475
f 4746/6655/3459 4747/6621/3438 4693/6624/3478 4714/6656/3478
f 4714/6659/3478 4693/6635/3478 4698/6634/3484 4718/6660/3484
f 4718/6660/3484 4698/6634/3484 4748/6633/3483 4749/6663/3493
f 4750/6627/3448 4751/6637/3450 4704/6640/3480 4695/6628/3480
f 4695/6629/3480 4704/6653/3480 4709/6652/3481 4699/6630/3481
f 4699/6630/3481 4709/6652/3481 4752/6651/3490 4748/6633/3483
f 4753/6645/3356 4754/6671/3469 4726/6674/3487 4706/6646/3487
f 4706/6647/3487 4726/6685/3487 4731/6684/3488 4710/6648/3488
f 4710/6648/3488 4731/6684/3488 4755/6683/3500 4752/6651/3490
f 4756/6677/3475 4757/6667/3464 4721/6670/3495 4728/6678/3495
f 4728/6679/3495 4721/6665/3495 4717/6664/3494 4732/6680/3494
f 4732/6680/3494 4717/6664/3494 4749/6663/3493 4755/6683/3500
f 4745/6617/3475 4756/6677/3475 4729/6675/3476 4687/6618/3476
f 4687/6618/3476 4729/6675/3476 4725/6672/3471 4682/6608/3471
f 4682/6608/3471 4725/6672/3471 4754/6671/3469 4742/6605/3469
f 4751/6637/3450 4739/6571/3450 4658/6574/3452 4703/6638/3452
f 4703/6641/3452 4658/6587/3452 4663/6584/3458 4707/6642/3458
f 4707/6642/3458 4663/6584/3458 4743/6583/3356 4753/6645/3356
f 4740/6567/3448 4750/6627/3448 4696/6625/3449 4651/6568/3449
f 4651/6568/3449 4696/6625/3449 4692/6622/3441 4646/6558/3441
f 4646/6558/3441 4692/6622/3441 4747/6621/3438 4736/6555/3438
f 4757/6667/3464 4744/6595/3464 4673/6593/3462 4720/6668/3462
f 4720/6668/3462 4673/6593/3462 4669/6590/3460 4715/6658/3460
f 4715/6658/3460 4669/6590/3460 4737/6589/3459 4746/6655/3459
f 4668/6687/3501 4643/6688/3501 4735/6563/3444 4734/6601/3468
f 4642/6689/3459 4666/6690/3459 4737/6589/3459 4736/6555/3438
f 4643/6688/3501 4655/6691/3501 4738/6579/3454 4735/6563/3444
f 4654/6692/3448 4644/6693/3448 4740/6567/3448 4739/6571/3450
f 4655/6691/3501 4679/6694/3501 4741/6613/3473 4738/6579/3454
f 4678/6695/3356 4656/6696/3356 4743/6583/3356 4742/6605/3469
f 4679/6694/3501 4668/6687/3501 4734/6601/3468 4741/6613/3473
f 4667/6697/3475 4680/6698/3475 4745/6617/3475 4744/6595/3464
f 4712/6699/3459 4690/6700/3459 4747/6621/3438 4746/6655/3459
f 4785/6701/3475 4771/6702/3475 4770/6703/3475 4783/6704/3475
f 4691/6705/3448 4701/6706/3448 4751/6637/3450 4750/6627/3448
f 4789/6707/3459 4772/6708/3459 4771/6702/3459 4785/6709/3459
f 4702/6710/3356 4723/6711/3356 4754/6671/3469 4753/6645/3356
f 4786/6712/3448 4773/6713/3448 4772/6708/3448 4789/6714/3448
f 4724/6715/3475 4713/6716/3475 4757/6667/3464 4756/6677/3475
f 4680/6698/3475 4724/6715/3475 4756/6677/3475 4745/6617/3475
f 4723/6711/3356 4678/6695/3356 4742/6605/3469 4754/6671/3469
f 4701/6706/3448 4654/6692/3448 4739/6571/3450 4751/6637/3450
f 4656/6696/3356 4702/6710/3356 4753/6645/3356 4743/6583/3356
f 4644/6693/3448 4691/6705/3448 4750/6627/3448 4740/6567/3448
f 4690/6700/3459 4642/6689/3459 4736/6555/3438 4747/6621/3438
f 4713/6716/3475 4667/6697/3475 4744/6595/3464 4757/6667/3464
f 4666/6690/3459 4712/6699/3459 4746/6655/3459 4737/6589/3459
f 4758/6717/3448 4759/6718/3448 4760/6719/3448 4761/6720/3448
f 4654/6721/3502 4759/6718/3502 4758/6717/3502 4644/6722/3502
f 4701/6723/3459 4760/6719/3459 4759/6718/3459 4654/6724/3459
f 4691/6725/3501 4761/6720/3501 4760/6719/3501 4701/6726/3501
f 4644/6727/3356 4758/6717/3356 4761/6720/3356 4691/6728/3356
f 4762/6729/3475 4763/6730/3475 4764/6731/3475 4765/6732/3475
f 4667/6724/3502 4763/6730/3502 4762/6729/3502 4680/6723/3502
f 4724/6733/3501 4765/6732/3501 4764/6731/3501 4713/6734/3501
f 4680/6735/3459 4762/6729/3459 4765/6732/3459 4724/6736/3459
f 4766/6737/3501 4767/6738/3501 4768/6739/3501 4769/6740/3501
f 4668/6741/3356 4767/6738/3356 4766/6737/3356 4643/6742/3356
f 4679/6743/3448 4768/6739/3448 4767/6738/3448 4668/6744/3448
f 4655/6745/3459 4769/6740/3459 4768/6739/3459 4679/6746/3459
f 4643/6747/3475 4766/6737/3475 4769/6740/3475 4655/6748/3475
f 4770/6703/3502 4771/6702/3502 4772/6708/3502 4773/6713/3502
f 4784/6749/3502 4782/6750/3502 4748/6633/3483 4752/6651/3490
f 4788/6751/3502 4784/6749/3502 4752/6651/3490 4755/6683/3500
f 4787/6752/3502 4788/6751/3502 4755/6683/3500 4749/6663/3493
f 4782/6750/3502 4787/6752/3502 4749/6663/3493 4748/6633/3483
f 4774/6753/3356 4775/6754/3356 4776/6755/3356 4777/6756/3356
f 4678/6757/3502 4775/6754/3502 4774/6753/3502 4656/6758/3502
f 4723/6759/3448 4776/6755/3448 4775/6754/3448 4678/6760/3448
f 4702/6761/3501 4777/6756/3501 4776/6755/3501 4723/6762/3501
f 4656/6763/3475 4774/6753/3475 4777/6756/3475 4702/6764/3475
f 4778/6765/3459 4779/6766/3459 4780/6767/3459 4781/6768/3459
f 4642/6769/3502 4779/6766/3502 4778/6765/3502 4666/6770/3502
f 4690/6771/3475 4780/6767/3475 4779/6766/3475 4642/6772/3475
f 4712/6773/3501 4781/6768/3501 4780/6767/3501 4690/6774/3501
f 4666/6775/3448 4778/6765/3448 4781/6768/3448 4712/6776/3448
f 4667/6761/3356 4713/6762/3356 4764/6731/3356 4763/6730/3356
f 4783/6777/3503 4786/6778/3503 4787/6779/3503 4782/6780/3503
f 4785/6701/3359 4783/6704/3359 4782/6781/3359 4784/6782/3359
f 4789/6707/3504 4785/6709/3504 4784/6783/3504 4788/6784/3504
f 4786/6712/3357 4789/6714/3357 4788/6785/3357 4787/6786/3357
f 4783/6777/3356 4770/6703/3356 4773/6713/3356 4786/6778/3356
f 4819/6787/3448 4807/6788/3448 4810/6789/3448 4830/6790/3448
f 4797/6791/3504 4793/6792/3504 4814/6793/3504 4826/6794/3504
f 4830/6790/3448 4827/6795/3448 4822/6796/3448 4819/6787/3448
f 4792/6797/3504 4796/6798/3504 4831/6799/3504 4811/6800/3504
f 4791/6801/3505 4806/6802/3505 4818/6803/3505 4795/6804/3505
f 4795/6805/3503 4818/6806/3503 4847/6807/3503 4801/6808/3503
f 4802/6809/3448 4822/6796/3448 4827/6795/3448 4815/6810/3448
f 4831/6811/3503 4796/6812/3503 4799/6813/3503 4838/6814/3503
f 4797/6815/3506 4826/6816/3506 4835/6817/3506 4798/6818/3506
f 4827/6795/3448 4830/6790/3448 4839/6819/3448 4834/6820/3448
f 4823/6821/3506 4794/6822/3506 4800/6823/3506 4842/6824/3506
f 4819/6787/3448 4822/6796/3448 4843/6825/3448 4846/6826/3448
f 4802/6827/3507 4804/6828/3507 4824/6829/3508 4822/6830/3509
f 4804/6828/3510 4805/6831/3511 4825/6832/3512 4824/6829/3513
f 4805/6831/3514 4803/6833/3514 4823/6834/3515 4825/6832/3516
f 4819/6835/3517 4821/6836/3518 4809/6837/3519 4807/6838/3519
f 4821/6836/3520 4820/6839/3521 4808/6840/3522 4809/6837/3523
f 4820/6839/3524 4818/6803/3525 4806/6802/3526 4808/6840/3526
f 4814/6793/3527 4816/6841/3528 4828/6842/3529 4826/6794/3530
f 4816/6841/3531 4817/6843/3531 4829/6844/3532 4828/6842/3533
f 4817/6843/3534 4815/6845/3534 4827/6846/3535 4829/6844/3536
f 4831/6799/3537 4833/6847/3538 4813/6848/3539 4811/6800/3539
f 4833/6847/3540 4832/6849/3541 4812/6850/3542 4813/6848/3543
f 4832/6849/3544 4830/6851/3545 4810/6852/3546 4812/6850/3546
f 4834/6853/3547 4836/6854/3547 4829/6855/3548 4827/6856/3549
f 4836/6854/3550 4837/6857/3550 4828/6858/3551 4829/6855/3552
f 4837/6857/3553 4835/6817/3553 4826/6816/3554 4828/6858/3555
f 4830/6859/3556 4832/6860/3557 4841/6861/3558 4839/6862/3558
f 4832/6860/3559 4833/6863/3560 4840/6864/3561 4841/6861/3561
f 4833/6863/3562 4831/6811/3563 4838/6814/3564 4840/6864/3564
f 4822/6532/3565 4824/6865/3566 4845/6866/3567 4843/6867/3567
f 4824/6865/3568 4825/6868/3569 4844/6869/3570 4845/6866/3570
f 4825/6868/3571 4823/6821/3572 4842/6824/3573 4844/6869/3573
f 4818/6806/3574 4820/6870/3575 4849/6871/3576 4847/6807/3576
f 4820/6870/3577 4821/6872/3578 4848/6873/3579 4849/6871/3579
f 4821/6872/3580 4819/6874/3581 4846/6875/3582 4848/6873/3582
f 4794/6876/3505 4823/6834/3505 4803/6833/3505 4790/6877/3505
f 4879/6878/3475 4867/6879/3475 4870/6880/3475 4890/6881/3475
f 4857/6882/3503 4853/6883/3503 4874/6884/3503 4886/6885/3503
f 4890/6881/3475 4887/6886/3475 4882/6887/3475 4879/6878/3475
f 4852/6888/3503 4856/6889/3503 4891/6890/3503 4871/6891/3503
f 4851/6892/3506 4866/6893/3506 4878/6894/3506 4855/6895/3506
f 4855/6896/3504 4878/6897/3504 4907/6898/3504 4861/6535/3504
f 4862/6899/3475 4882/6887/3475 4887/6886/3475 4875/6900/3475
f 4891/6901/3504 4856/6902/3504 4859/6903/3504 4898/6904/3504
f 4857/6905/3505 4886/6906/3505 4895/6907/3505 4858/6908/3505
f 4887/6886/3475 4890/6881/3475 4899/6909/3475 4894/6910/3475
f 4883/6911/3505 4854/6912/3505 4860/6913/3505 4902/6914/3505
f 4879/6878/3475 4882/6887/3475 4903/6915/3475 4906/6916/3475
f 4862/6917/3583 4864/6918/3583 4884/6919/3584 4882/6920/3585
f 4864/6918/3586 4865/6921/3587 4885/6922/3588 4884/6919/3589
f 4865/6921/3590 4863/6923/3590 4883/6924/3591 4885/6922/3592
f 4879/6925/3593 4881/6926/3594 4869/6927/3595 4867/6928/3595
f 4881/6926/3596 4880/6929/3597 4868/6930/3598 4869/6927/3599
f 4880/6929/3600 4878/6894/3601 4866/6893/3602 4868/6930/3602
f 4874/6884/3603 4876/6931/3603 4888/6932/3604 4886/6885/3605
f 4876/6931/3606 4877/6933/3607 4889/6934/3608 4888/6932/3609
f 4877/6933/3610 4875/6935/3610 4887/6936/3611 4889/6934/3612
f 4891/6890/3613 4893/6937/3614 4873/6938/3615 4871/6891/3615
f 4893/6937/3616 4892/6939/3617 4872/6940/3618 4873/6938/3618
f 4892/6939/3619 4890/6941/3620 4870/6942/3621 4872/6940/3621
f 4894/6943/3622 4896/6944/3622 4889/6945/3623 4887/6946/3624
f 4896/6944/3625 4897/6947/3626 4888/6948/3627 4889/6945/3628
f 4897/6947/3629 4895/6907/3629 4886/6906/3630 4888/6948/3631
f 4890/6949/3632 4892/6950/3633 4901/6951/3634 4899/6952/3634
f 4892/6950/3635 4893/6953/3636 4900/6954/3637 4901/6951/3638
f 4893/6953/3639 4891/6901/3640 4898/6904/3641 4900/6954/3641
f 4882/6955/3642 4884/6956/3643 4905/6957/3644 4903/6958/3644
f 4884/6956/3645 4885/6959/3646 4904/6960/3647 4905/6957/3648
f 4885/6959/3649 4883/6911/3650 4902/6914/3651 4904/6960/3651
f 4878/6897/3652 4880/6961/3653 4909/6962/3654 4907/6898/3654
f 4880/6961/3655 4881/6963/3656 4908/6964/3657 4909/6962/3657
f 4881/6963/3658 4879/6965/3659 4906/6966/3660 4908/6964/3660
f 4854/6967/3506 4883/6924/3506 4863/6923/3506 4850/6968/3506
f 4939/6969/3459 4927/6970/3459 4930/6971/3459 4950/6972/3459
f 4917/6973/3359 4913/6974/3359 4934/6975/3359 4946/6976/3359
f 4950/6972/3459 4947/6977/3459 4942/6978/3459 4939/6969/3459
f 4912/6979/3359 4916/6980/3359 4951/6981/3359 4931/6982/3359
f 4911/6983/3360 4926/6984/3360 4938/6985/3360 4915/6986/3360
f 4915/6987/3357 4938/6988/3357 4967/6989/3357 4921/6990/3357
f 4922/6991/3459 4942/6978/3459 4947/6977/3459 4935/6992/3459
f 4951/6993/3357 4916/6994/3357 4919/6995/3357 4958/6996/3357
f 4917/6997/3358 4946/6998/3358 4955/6999/3358 4918/7000/3358
f 4947/6977/3459 4950/6972/3459 4959/7001/3459 4954/7002/3459
f 4943/7003/3358 4914/7004/3358 4920/7005/3358 4962/7006/3358
f 4939/6969/3459 4942/6978/3459 4963/7007/3459 4966/7008/3459
f 4922/7009/3661 4924/7010/3662 4944/7011/3663 4942/7012/3664
f 4924/7010/3665 4925/7013/3665 4945/7014/3666 4944/7011/3667
f 4925/7013/3668 4923/7015/3668 4943/7016/3669 4945/7014/3670
f 4939/7017/3671 4941/7018/3672 4929/7019/3673 4927/7020/3673
f 4941/7018/3674 4940/7021/3675 4928/7022/3676 4929/7019/3677
f 4940/7021/3678 4938/6985/3679 4926/6984/3680 4928/7022/3680
f 4934/6975/3681 4936/7023/3682 4948/7024/3683 4946/6976/3684
f 4936/7023/3685 4937/7025/3686 4949/7026/3687 4948/7024/3688
f 4937/7025/3689 4935/7027/3689 4947/7028/3690 4949/7026/3691
f 4951/6981/3692 4953/7029/3693 4933/7030/3694 4931/6982/3694
f 4953/7029/3695 4952/7031/3696 4932/7032/3697 4933/7030/3697
f 4952/7031/3698 4950/7033/3699 4930/7034/3700 4932/7032/3700
f 4954/7035/3701 4956/7036/3702 4949/7037/3703 4947/7038/3704
f 4956/7036/3705 4957/7039/3706 4948/7040/3707 4949/7037/3708
f 4957/7039/3709 4955/6999/3709 4946/6998/3710 4948/7040/3711
f 4950/6484/3712 4952/7041/3713 4961/7042/3714 4959/7043/3714
f 4952/7041/3715 4953/7044/3716 4960/7045/3717 4961/7042/3718
f 4953/7044/3719 4951/6993/3720 4958/6996/3721 4960/7045/3721
f 4942/7046/3722 4944/7047/3723 4965/7048/3724 4963/7049/3724
f 4944/7047/3725 4945/7050/3726 4964/7051/3727 4965/7048/3728
f 4945/7050/3729 4943/7003/3730 4962/7006/3731 4964/7051/3731
f 4938/6988/3732 4940/7052/3733 4969/7053/3734 4967/6989/3734
f 4940/7052/3735 4941/7054/3736 4968/7055/3737 4969/7053/3737
f 4941/7054/3738 4939/7056/3739 4966/7057/3740 4968/7055/3741
f 4914/7058/3360 4943/7016/3360 4923/7015/3360 4910/7059/3360
o Crate_Plane.011
v -3.613501 4.928482 0.087464
v -4.177159 5.449044 0.854729
v -4.134692 5.409824 0.912536
v -3.571034 4.889262 0.145271
v -3.871039 5.166329 0.438030
v -3.919622 5.211197 0.504163
v -3.877155 5.171977 0.561970
v -3.828572 5.127109 0.495837
v -3.569301 4.887661 0.848763
v -3.617884 4.932530 0.914895
v -4.130310 5.405776 0.085105
v -4.178893 5.450645 0.151237
v -3.553950 4.978066 0.097571
v -3.566453 4.979425 0.087464
v -3.558343 4.980758 0.092518
v -3.562919 4.981256 0.088818
v -4.130112 5.499987 0.854729
v -4.117608 5.498628 0.864836
v -4.126577 5.501818 0.856083
v -4.122001 5.501320 0.859783
v -4.089992 5.473123 0.902429
v -4.087645 5.460767 0.912536
v -4.086959 5.468958 0.907482
v -4.086100 5.464435 0.911182
v -3.523986 4.940205 0.145271
v -3.526333 4.952561 0.135164
v -3.522442 4.943873 0.143917
v -3.523301 4.948396 0.140217
v -3.872574 5.262140 0.504163
v -3.854483 5.255621 0.506664
v -3.868291 5.263279 0.504498
v -3.861669 5.260893 0.505413
v -3.817075 5.221074 0.455744
v -3.823991 5.217272 0.438030
v -3.818674 5.221185 0.446887
v -3.821205 5.219794 0.440403
v -3.781524 5.178051 0.495837
v -3.789459 5.195569 0.493336
v -3.780728 5.182411 0.495502
v -3.783632 5.188823 0.494587
v -3.826866 5.230116 0.544256
v -3.830107 5.222920 0.561970
v -3.826628 5.228530 0.553113
v -3.827814 5.225897 0.559597
v -3.522763 4.949264 0.856369
v -3.522253 4.938604 0.848763
v -3.520649 4.945947 0.852566
v -3.520463 4.942045 0.849782
v -3.570836 4.983473 0.914895
v -3.560170 4.983811 0.907289
v -3.567549 4.985531 0.913876
v -3.563644 4.985654 0.911092
v -4.083261 5.456719 0.085105
v -4.083771 5.467379 0.092711
v -4.081471 5.460160 0.086124
v -4.081657 5.464062 0.088908
v -4.121179 5.501926 0.143631
v -4.131845 5.501588 0.151237
v -4.124653 5.503769 0.147434
v -4.128557 5.503646 0.150218
v -4.214483 4.244167 0.122489
v -4.131379 4.334152 0.000000
v -4.041394 4.251047 0.122489
v -4.144711 4.185438 0.015714
v -4.133198 4.174804 0.031386
v -4.130922 4.178246 0.016377
v -4.114748 4.194781 0.004193
v -4.136895 4.193901 0.004193
v -4.125419 4.184205 0.008266
v -4.116918 4.175451 0.031386
v -4.106285 4.186965 0.015714
v -4.119460 4.178702 0.016377
v -3.529139 4.805711 0.122489
v -3.619123 4.888816 0.000000
v -3.536019 4.978800 0.122489
v -3.470409 4.875483 0.015714
v -3.459776 4.886997 0.031386
v -3.463218 4.889273 0.016377
v -3.479753 4.905447 0.004193
v -3.478873 4.883299 0.004193
v -3.469177 4.894776 0.008266
v -3.460423 4.903276 0.031386
v -3.471937 4.913910 0.015714
v -3.463674 4.900734 0.016377
v -4.769147 4.756423 0.122489
v -4.776027 4.929512 0.122489
v -4.686043 4.846407 -0.000000
v -4.844743 4.831946 0.031386
v -4.833230 4.821313 0.015714
v -4.841493 4.834488 0.016377
v -4.834757 4.859740 0.015714
v -4.845390 4.848226 0.031386
v -4.841948 4.845950 0.016377
v -4.825413 4.829777 0.004193
v -4.826293 4.851923 0.004193
v -4.835989 4.840447 0.008266
v -4.090683 5.491055 0.122489
v -4.173787 5.401071 -0.000000
v -4.263772 5.484176 0.122489
v -4.160455 5.549786 0.015714
v -4.171968 5.560419 0.031386
v -4.174244 5.556976 0.016377
v -4.190418 5.540442 0.004193
v -4.168271 5.541322 0.004193
v -4.179748 5.551018 0.008266
v -4.188248 5.559772 0.031386
v -4.198882 5.548258 0.015714
v -4.185706 5.556521 0.016377
v -4.214484 4.244167 0.877511
v -4.041394 4.251047 0.877511
v -4.133198 4.174804 0.968614
v -4.144711 4.185438 0.984286
v -4.130922 4.178246 0.983623
v -4.106285 4.186965 0.984286
v -4.116918 4.175451 0.968614
v -4.119460 4.178702 0.983623
v -4.136895 4.193901 0.995807
v -4.114748 4.194781 0.995807
v -4.125419 4.184205 0.991734
v -3.529139 4.805711 0.877511
v -3.536019 4.978800 0.877511
v -3.459776 4.886997 0.968614
v -3.470409 4.875483 0.984286
v -3.463218 4.889273 0.983623
v -3.471937 4.913910 0.984286
v -3.460423 4.903276 0.968614
v -3.463674 4.900734 0.983623
v -3.478873 4.883299 0.995807
v -3.479753 4.905447 0.995807
v -3.469177 4.894776 0.991734
v -4.769147 4.756423 0.877511
v -4.776027 4.929512 0.877511
v -4.833230 4.821313 0.984286
v -4.844743 4.831946 0.968613
v -4.841493 4.834488 0.983623
v -4.826293 4.851923 0.995807
v -4.825413 4.829777 0.995807
v -4.835989 4.840447 0.991734
v -4.845390 4.848226 0.968613
v -4.834757 4.859740 0.984286
v -4.841948 4.845950 0.983623
v -4.090683 5.491055 0.877511
v -4.263772 5.484176 0.877511
v -4.171968 5.560419 0.968614
v -4.160455 5.549786 0.984286
v -4.174244 5.556976 0.983623
v -4.198882 5.548258 0.984286
v -4.188248 5.559772 0.968614
v -4.185706 5.556521 0.983623
v -4.168271 5.541322 0.995807
v -4.190418 5.540442 0.995807
v -4.179748 5.551018 0.991734
v -4.814780 4.841290 -0.000000
v -4.126262 4.205415 0.000000
v -4.147556 4.182357 0.031386
v -4.836074 4.818233 0.031386
v -3.490386 4.893933 0.000000
v -3.467329 4.872638 0.031386
v -4.103204 4.184120 0.031386
v -4.178905 5.529808 -0.000000
v -4.157610 5.552866 0.031386
v -3.469092 4.916990 0.031386
v -4.837837 4.862585 0.031386
v -4.201962 5.551103 0.031386
v -4.836075 4.818233 0.968614
v -4.147556 4.182357 0.968614
v -4.126262 4.205415 1.000000
v -4.814780 4.841290 1.000000
v -4.103204 4.184120 0.968614
v -3.467329 4.872638 0.968614
v -3.490386 4.893933 1.000000
v -3.469092 4.916990 0.968614
v -4.157610 5.552866 0.968614
v -4.178905 5.529808 1.000000
v -4.201962 5.551103 0.968614
v -4.837837 4.862585 0.968614
v -4.097836 4.303174 0.122489
v -3.585580 4.857837 0.122489
v -3.585580 4.857837 0.877511
v -4.097836 4.303174 0.877511
v -4.207330 5.432050 0.122489
v -4.719586 4.877386 0.122489
v -4.719586 4.877386 0.877511
v -4.207331 5.432050 0.877511
v -4.131379 4.334152 0.076830
v -4.686043 4.846407 0.076830
v -4.173787 5.401071 0.076830
v -3.619123 4.888816 0.076830
v -4.131379 4.334152 0.923170
v -3.619123 4.888816 0.923170
v -4.173788 5.401071 0.923170
v -4.686043 4.846407 0.923170
v -3.588145 4.922359 0.122489
v -4.142809 5.434614 0.122489
v -4.142809 5.434614 0.877511
v -3.588145 4.922359 0.877511
v -4.717021 4.812864 0.122489
v -4.162357 4.300609 0.122489
v -4.162357 4.300609 0.877511
v -4.717021 4.812864 0.877511
v -4.130167 4.303676 1.000000
v -4.131379 4.334152 0.978433
v -3.588647 4.890027 1.000000
v -3.619123 4.888816 0.978433
v -4.686043 4.846407 0.978433
v -4.716519 4.845196 1.000000
v -4.174999 5.431547 1.000000
v -4.173788 5.401071 0.978433
v -4.090447 4.327361 0.087464
v -3.569885 4.891019 0.854729
v -3.609105 4.848552 0.912536
v -4.129667 4.284894 0.145271
v -3.852600 4.584898 0.438030
v -3.807732 4.633482 0.504163
v -3.846952 4.591014 0.561970
v -3.891820 4.542431 0.495837
v -4.131268 4.283160 0.848763
v -4.086399 4.331744 0.914896
v -3.613153 4.844169 0.085105
v -3.568284 4.892752 0.151237
v -4.040863 4.267809 0.097571
v -4.039504 4.280313 0.087464
v -4.038171 4.272202 0.092518
v -4.037673 4.276779 0.088818
v -3.518942 4.843971 0.854729
v -3.520301 4.831467 0.864836
v -3.517111 4.840437 0.856083
v -3.517609 4.835860 0.859783
v -3.545806 4.803851 0.902429
v -3.558162 4.801504 0.912536
v -3.549971 4.800819 0.907483
v -3.554494 4.799960 0.911182
v -4.078724 4.237846 0.145271
v -4.066368 4.240193 0.135164
v -4.075056 4.236301 0.143917
v -4.070533 4.237161 0.140217
v -3.756789 4.586434 0.504163
v -3.763308 4.568342 0.506664
v -3.755649 4.582151 0.504498
v -3.758036 4.575529 0.505413
v -3.797856 4.530935 0.455744
v -3.801657 4.537850 0.438030
v -3.797744 4.532534 0.446887
v -3.799135 4.535065 0.440403
v -3.840878 4.495383 0.495837
v -3.823361 4.503318 0.493336
v -3.836518 4.494587 0.495502
v -3.830106 4.497492 0.494587
v -3.788813 4.540726 0.544256
v -3.796009 4.543966 0.561970
v -3.790399 4.540487 0.553113
v -3.793032 4.541674 0.559597
v -4.069665 4.236622 0.856369
v -4.080325 4.236113 0.848763
v -4.072983 4.234509 0.852566
v -4.076884 4.234322 0.849782
v -4.035457 4.284696 0.914896
v -4.035119 4.274030 0.907289
v -4.033398 4.281408 0.913877
v -4.033275 4.277504 0.911092
v -3.562210 4.797121 0.085105
v -3.551550 4.797631 0.092711
v -3.558769 4.795331 0.086124
v -3.554868 4.795517 0.088908
v -3.517003 4.835038 0.143631
v -3.517341 4.845704 0.151237
v -3.515160 4.838512 0.147434
v -3.515283 4.842416 0.150218
v -4.209908 5.403419 0.087464
v -4.730470 4.839760 0.854729
v -4.691250 4.882228 0.912536
v -4.170688 5.445886 0.145271
v -4.447755 5.145881 0.438030
v -4.492623 5.097298 0.504163
v -4.453403 5.139765 0.561970
v -4.408535 5.188348 0.495837
v -4.169087 5.447619 0.848763
v -4.213956 5.399036 0.914895
v -4.687202 4.886611 0.085105
v -4.732071 4.838027 0.151237
v -4.259492 5.462970 0.097571
v -4.260851 5.450467 0.087464
v -4.262184 5.458577 0.092518
v -4.262681 5.454000 0.088818
v -4.781413 4.886808 0.854729
v -4.780054 4.899312 0.864836
v -4.783244 4.890343 0.856083
v -4.782746 4.894919 0.859783
v -4.754549 4.926929 0.902429
v -4.742193 4.929276 0.912536
v -4.750384 4.929961 0.907482
v -4.745861 4.930820 0.911182
v -4.221631 5.492934 0.145271
v -4.233987 5.490587 0.135164
v -4.225299 5.494478 0.143917
v -4.229822 5.493619 0.140217
v -4.543566 5.144346 0.504163
v -4.537047 5.162437 0.506664
v -4.544705 5.148629 0.504498
v -4.542319 5.155251 0.505413
v -4.502500 5.199845 0.455744
v -4.498698 5.192929 0.438030
v -4.502611 5.198246 0.446887
v -4.501220 5.195714 0.440403
v -4.459477 5.235396 0.495837
v -4.476995 5.227461 0.493336
v -4.463837 5.236192 0.495502
v -4.470249 5.233288 0.494587
v -4.511542 5.190054 0.544256
v -4.504346 5.186813 0.561970
v -4.509957 5.190292 0.553113
v -4.507323 5.189106 0.559597
v -4.230690 5.494157 0.856369
v -4.220030 5.494667 0.848763
v -4.227372 5.496271 0.852566
v -4.223471 5.496458 0.849782
v -4.264899 5.446084 0.914895
v -4.265237 5.456750 0.907289
v -4.266957 5.449372 0.913876
v -4.267080 5.453276 0.911092
v -4.738145 4.933659 0.085105
v -4.748805 4.933149 0.092711
v -4.741586 4.935449 0.086124
v -4.745488 4.935262 0.088908
v -4.783352 4.895741 0.143631
v -4.783014 4.885076 0.151237
v -4.785195 4.892267 0.147434
v -4.785071 4.888363 0.150218
v -4.692270 4.806086 0.087464
v -4.128612 4.285524 0.854729
v -4.171079 4.324744 0.912536
v -4.734737 4.845306 0.145271
v -4.434732 4.568239 0.438030
v -4.386149 4.523370 0.504163
v -4.428617 4.562591 0.561970
v -4.477200 4.607460 0.495837
v -4.736470 4.846907 0.848763
v -4.687887 4.802038 0.914895
v -4.175462 4.328792 0.085105
v -4.126878 4.283923 0.151237
v -4.751822 4.756502 0.097571
v -4.739318 4.755143 0.087464
v -4.747428 4.753809 0.092518
v -4.742852 4.753313 0.088818
v -4.175660 4.234581 0.854729
v -4.188163 4.235940 0.864836
v -4.179193 4.232750 0.856083
v -4.183770 4.233248 0.859783
v -4.215780 4.261445 0.902429
v -4.218127 4.273801 0.912536
v -4.218812 4.265610 0.907482
v -4.219671 4.270133 0.911182
v -4.781785 4.794363 0.145271
v -4.779438 4.782007 0.135164
v -4.783329 4.790695 0.143917
v -4.782470 4.786172 0.140217
v -4.433197 4.472428 0.504163
v -4.451289 4.478947 0.506664
v -4.437479 4.471288 0.504498
v -4.444102 4.473675 0.505413
v -4.488696 4.513494 0.455744
v -4.481780 4.517296 0.438030
v -4.487097 4.513382 0.446887
v -4.484566 4.514774 0.440403
v -4.524247 4.556517 0.495837
v -4.516313 4.539000 0.493336
v -4.525043 4.552157 0.495502
v -4.522139 4.545745 0.494587
v -4.478905 4.504452 0.544256
v -4.475664 4.511648 0.561970
v -4.479144 4.506037 0.553113
v -4.477957 4.508671 0.559597
v -4.783009 4.785305 0.856369
v -4.783518 4.795964 0.848763
v -4.785122 4.788621 0.852566
v -4.785309 4.792523 0.849782
v -4.734935 4.751095 0.914895
v -4.745601 4.750757 0.907289
v -4.738223 4.749037 0.913876
v -4.742127 4.748913 0.911092
v -4.222509 4.277849 0.085105
v -4.222000 4.267190 0.092711
v -4.224300 4.274408 0.086124
v -4.224113 4.270506 0.088908
v -4.184592 4.232642 0.143631
v -4.173926 4.232980 0.151237
v -4.181118 4.230798 0.147434
v -4.177214 4.230922 0.150218
vn 0.6785 0.7346 -0.0000
vn 0.5195 -0.4797 0.7071
vn -0.5195 0.4797 -0.7071
vn -0.5195 0.4797 0.7071
vn 0.5195 -0.4797 -0.7071
vn 0.4449 0.8913 0.0881
vn 0.7844 0.6102 -0.1114
vn 0.7850 0.6105 -0.1052
vn 0.2134 0.9677 -0.1338
vn 0.2134 0.9678 -0.1339
vn 0.5727 0.7292 -0.3745
vn 0.5731 0.7295 -0.3734
vn -0.2826 0.8599 -0.4251
vn 0.0384 0.6453 -0.7630
vn 0.0372 0.6444 -0.7638
vn 0.5883 0.7921 0.1624
vn 0.5834 0.7958 0.1623
vn 0.7137 0.6430 -0.2779
vn 0.3531 0.9327 -0.0739
vn 0.3520 0.9331 -0.0740
vn 0.4822 0.7194 -0.4998
vn 0.4822 0.7194 -0.4999
vn -0.2228 0.8845 -0.4099
vn -0.2212 0.8850 -0.4096
vn -0.0137 0.6117 -0.7910
vn 0.6108 0.0349 0.7910
vn 0.8994 -0.1519 0.4098
vn 0.8998 -0.1502 0.4097
vn 0.6789 0.5379 0.4998
vn 0.6789 0.5378 0.4998
vn 0.9017 0.4260 0.0739
vn 0.9022 0.4249 0.0741
vn 0.5843 0.7625 0.2779
vn 0.7429 0.6493 -0.1624
vn 0.7470 0.6447 -0.1623
vn 0.6402 0.0895 0.7630
vn 0.6394 0.0882 0.7638
vn 0.8796 -0.2134 0.4251
vn 0.8796 -0.2135 0.4251
vn 0.6815 0.6288 0.3745
vn 0.6817 0.6292 0.3734
vn 0.9478 0.2895 0.1338
vn 0.5460 0.8304 0.1114
vn 0.5463 0.8310 0.1052
vn 0.8531 0.5142 -0.0881
vn 0.6018 0.7368 -0.3082
vn 0.7553 0.6421 0.1311
vn 0.7600 0.6365 0.1314
vn 0.6901 0.4419 -0.5731
vn 0.9231 0.3525 -0.1534
vn 0.9263 0.3439 -0.1537
vn 0.5693 -0.0533 -0.8204
vn 0.8649 -0.2355 -0.4433
vn 0.8636 -0.2396 -0.4436
vn 0.7636 0.6332 0.1265
vn 0.7641 0.6340 0.1192
vn 0.4179 0.9067 -0.0578
vn 0.4849 0.7516 0.4472
vn 0.4879 0.7545 0.4390
vn 0.1170 0.9713 0.2071
vn 0.1169 0.9713 0.2071
vn -0.0478 0.6021 0.7970
vn -0.0449 0.6048 0.7951
vn -0.3672 0.8116 0.4544
vn 0.5706 0.8114 -0.1265
vn 0.5714 0.8120 -0.1192
vn 0.8706 0.4885 0.0578
vn 0.7107 0.5431 -0.4472
vn 0.7134 0.5463 -0.4390
vn 0.9590 0.1937 -0.2071
vn 0.6040 0.0001 -0.7970
vn 0.6065 0.0033 -0.7951
vn 0.8382 -0.3016 -0.4544
vn -0.3033 0.8435 0.4433
vn -0.3074 0.8418 0.4436
vn -0.0983 0.5633 0.8204
vn 0.2781 0.9482 0.1534
vn 0.2693 0.9507 0.1536
vn 0.3858 0.7230 0.5731
vn 0.5802 0.8039 -0.1311
vn 0.5741 0.8081 -0.1314
vn 0.6867 0.6584 0.3082
vn -0.6784 -0.7347 -0.0000
vn -0.5876 -0.6363 -0.4998
vn -0.1968 -0.8724 -0.4474
vn -0.2204 -0.9754 -0.0000
vn -0.3391 -0.3672 -0.8661
vn 0.0251 -0.6321 -0.7744
vn -0.0000 -0.0001 -1.0000
vn 0.3672 -0.3391 -0.8661
vn 0.6363 -0.5876 -0.4998
vn 0.2654 -0.8541 -0.4473
vn 0.7346 -0.6785 -0.0000
vn 0.2972 -0.9548 -0.0000
vn 0.7347 -0.6784 -0.0000
vn 0.8724 -0.1968 -0.4473
vn 0.9754 -0.2204 -0.0000
vn 0.6321 0.0251 -0.7744
vn 0.0001 -0.0000 -1.0000
vn 0.3391 0.3672 -0.8661
vn 0.5876 0.6363 -0.4998
vn 0.8541 0.2654 -0.4473
vn 0.9548 0.2972 -0.0000
vn -0.6785 -0.7346 -0.0000
vn -0.9548 -0.2972 -0.0000
vn -0.8541 -0.2654 -0.4474
vn -0.9754 0.2204 -0.0000
vn -0.8724 0.1968 -0.4473
vn -0.7347 0.6784 -0.0000
vn -0.6363 0.5876 -0.4998
vn -0.3672 0.3391 -0.8661
vn -0.6321 -0.0251 -0.7744
vn -0.0001 -0.0000 -1.0000
vn 0.6784 0.7347 -0.0000
vn 0.1968 0.8724 -0.4473
vn 0.2204 0.9754 -0.0000
vn -0.0251 0.6321 -0.7744
vn -0.0000 0.0001 -1.0000
vn -0.2654 0.8541 -0.4473
vn -0.7346 0.6785 -0.0000
vn -0.2972 0.9548 -0.0000
vn -0.1968 -0.8724 0.4474
vn -0.5876 -0.6363 0.4998
vn 0.2654 -0.8541 0.4474
vn 0.6363 -0.5876 0.4998
vn 0.3672 -0.3391 0.8661
vn 0.0251 -0.6321 0.7744
vn -0.0000 -0.0001 1.0000
vn -0.3391 -0.3672 0.8661
vn 0.8724 -0.1968 0.4474
vn 0.8541 0.2654 0.4474
vn 0.5876 0.6363 0.4998
vn 0.3391 0.3672 0.8661
vn 0.6321 0.0251 0.7744
vn 0.0001 -0.0000 1.0000
vn -0.8541 -0.2654 0.4473
vn -0.6321 -0.0251 0.7744
vn -0.0001 -0.0000 1.0000
vn -0.3672 0.3391 0.8661
vn -0.6363 0.5876 0.4998
vn -0.8724 0.1968 0.4473
vn 0.1968 0.8724 0.4474
vn -0.2654 0.8541 0.4474
vn -0.0251 0.6321 0.7744
vn -0.0000 0.0001 1.0000
vn -0.0000 -0.0000 -1.0000
vn -0.0000 -0.0000 1.0000
vn 0.4797 0.5195 0.7071
vn -0.4797 -0.5195 0.7071
vn 0.4797 0.5195 -0.7071
vn -0.4797 -0.5195 -0.7071
vn 0.8913 -0.4449 0.0881
vn 0.6102 -0.7844 -0.1114
vn 0.6105 -0.7850 -0.1052
vn 0.9677 -0.2134 -0.1338
vn 0.9678 -0.2134 -0.1339
vn 0.7292 -0.5727 -0.3745
vn 0.7295 -0.5731 -0.3734
vn 0.8599 0.2826 -0.4251
vn 0.6453 -0.0384 -0.7629
vn 0.6444 -0.0372 -0.7638
vn 0.7921 -0.5883 0.1624
vn 0.7958 -0.5834 0.1623
vn 0.6430 -0.7137 -0.2779
vn 0.9327 -0.3531 -0.0739
vn 0.9331 -0.3520 -0.0741
vn 0.7195 -0.4823 -0.4998
vn 0.7195 -0.4822 -0.4998
vn 0.8845 0.2228 -0.4098
vn 0.8850 0.2212 -0.4097
vn 0.6116 0.0137 -0.7910
vn 0.0349 -0.6108 0.7910
vn 0.0348 -0.6108 0.7910
vn -0.1519 -0.8994 0.4098
vn -0.1503 -0.8998 0.4096
vn 0.5378 -0.6789 0.4998
vn 0.4260 -0.9017 0.0739
vn 0.4249 -0.9022 0.0741
vn 0.7625 -0.5843 0.2779
vn 0.6494 -0.7429 -0.1624
vn 0.6447 -0.7470 -0.1623
vn 0.0895 -0.6402 0.7630
vn 0.0882 -0.6394 0.7638
vn -0.2134 -0.8796 0.4251
vn 0.6288 -0.6815 0.3745
vn 0.6292 -0.6817 0.3734
vn 0.2896 -0.9478 0.1338
vn 0.2895 -0.9478 0.1339
vn 0.8304 -0.5460 0.1114
vn 0.8310 -0.5463 0.1052
vn 0.5142 -0.8531 -0.0881
vn 0.7368 -0.6018 -0.3082
vn 0.6421 -0.7553 0.1311
vn 0.6365 -0.7600 0.1314
vn 0.4420 -0.6901 -0.5731
vn 0.3525 -0.9231 -0.1534
vn 0.3440 -0.9263 -0.1536
vn -0.0533 -0.5693 -0.8204
vn -0.2354 -0.8649 -0.4433
vn -0.2396 -0.8636 -0.4436
vn 0.6332 -0.7636 0.1265
vn 0.6340 -0.7641 0.1192
vn 0.9067 -0.4179 -0.0578
vn 0.7516 -0.4850 0.4472
vn 0.7545 -0.4879 0.4390
vn 0.9713 -0.1170 0.2071
vn 0.6021 0.0478 0.7970
vn 0.6048 0.0449 0.7951
vn 0.8116 0.3672 0.4544
vn 0.8114 -0.5706 -0.1265
vn 0.8120 -0.5714 -0.1192
vn 0.4885 -0.8706 0.0578
vn 0.5431 -0.7107 -0.4472
vn 0.5463 -0.7134 -0.4390
vn 0.1937 -0.9590 -0.2071
vn 0.0001 -0.6040 -0.7970
vn 0.0033 -0.6065 -0.7951
vn -0.3016 -0.8382 -0.4544
vn 0.8435 0.3033 0.4433
vn 0.8418 0.3074 0.4436
vn 0.5633 0.0983 0.8204
vn 0.9482 -0.2781 0.1534
vn 0.9507 -0.2693 0.1536
vn 0.7230 -0.3858 0.5731
vn 0.8039 -0.5802 -0.1311
vn 0.8081 -0.5741 -0.1314
vn 0.6584 -0.6867 0.3082
vn -0.8913 0.4449 0.0881
vn -0.6102 0.7844 -0.1114
vn -0.6105 0.7850 -0.1052
vn -0.9677 0.2134 -0.1339
vn -0.9678 0.2134 -0.1339
vn -0.7292 0.5727 -0.3745
vn -0.7295 0.5731 -0.3734
vn -0.8599 -0.2826 -0.4251
vn -0.6453 0.0384 -0.7629
vn -0.6444 0.0372 -0.7638
vn -0.7921 0.5883 0.1624
vn -0.7958 0.5834 0.1623
vn -0.6430 0.7137 -0.2779
vn -0.9327 0.3531 -0.0740
vn -0.9331 0.3520 -0.0740
vn -0.7195 0.4823 -0.4998
vn -0.7195 0.4822 -0.4998
vn -0.8845 -0.2228 -0.4098
vn -0.8850 -0.2212 -0.4097
vn -0.6117 -0.0137 -0.7910
vn -0.0349 0.6108 0.7910
vn 0.1519 0.8994 0.4098
vn 0.1503 0.8998 0.4096
vn -0.5379 0.6789 0.4998
vn -0.5378 0.6789 0.4998
vn -0.4260 0.9017 0.0740
vn -0.4249 0.9022 0.0740
vn -0.7625 0.5843 0.2779
vn -0.6493 0.7429 -0.1624
vn -0.6447 0.7470 -0.1623
vn -0.0895 0.6402 0.7630
vn -0.0882 0.6394 0.7638
vn 0.2134 0.8796 0.4251
vn -0.6288 0.6815 0.3745
vn -0.6292 0.6817 0.3734
vn -0.2895 0.9478 0.1338
vn -0.8304 0.5460 0.1114
vn -0.8310 0.5463 0.1052
vn -0.5142 0.8531 -0.0881
vn -0.7368 0.6018 -0.3082
vn -0.6421 0.7554 0.1311
vn -0.6365 0.7600 0.1314
vn -0.4420 0.6901 -0.5731
vn -0.4419 0.6901 -0.5731
vn -0.3525 0.9231 -0.1535
vn -0.3439 0.9263 -0.1537
vn 0.0533 0.5693 -0.8204
vn 0.2354 0.8649 -0.4433
vn 0.2396 0.8636 -0.4436
vn -0.6332 0.7636 0.1265
vn -0.6340 0.7641 0.1192
vn -0.9067 0.4179 -0.0578
vn -0.7516 0.4850 0.4472
vn -0.7545 0.4879 0.4390
vn -0.9713 0.1170 0.2071
vn -0.9713 0.1169 0.2071
vn -0.6021 -0.0478 0.7970
vn -0.6048 -0.0450 0.7951
vn -0.8116 -0.3672 0.4544
vn -0.8114 0.5706 -0.1265
vn -0.8120 0.5714 -0.1192
vn -0.4885 0.8706 0.0578
vn -0.5431 0.7107 -0.4472
vn -0.5462 0.7134 -0.4390
vn -0.1937 0.9590 -0.2071
vn -0.1936 0.9590 -0.2071
vn -0.0001 0.6040 -0.7970
vn -0.0033 0.6065 -0.7951
vn 0.3016 0.8382 -0.4544
vn -0.8435 -0.3034 0.4433
vn -0.8418 -0.3074 0.4436
vn -0.5633 -0.0983 0.8204
vn -0.9482 0.2781 0.1535
vn -0.9507 0.2693 0.1537
vn -0.7230 0.3858 0.5731
vn -0.8039 0.5801 -0.1311
vn -0.8081 0.5741 -0.1314
vn -0.6584 0.6867 0.3082
vn -0.4449 -0.8913 0.0881
vn -0.4449 -0.8912 0.0881
vn -0.7844 -0.6102 -0.1114
vn -0.7850 -0.6105 -0.1052
vn -0.2133 -0.9678 -0.1338
vn -0.5727 -0.7292 -0.3745
vn -0.5731 -0.7295 -0.3734
vn 0.2826 -0.8599 -0.4251
vn -0.0384 -0.6453 -0.7629
vn -0.0372 -0.6444 -0.7638
vn -0.5883 -0.7921 0.1625
vn -0.5834 -0.7958 0.1622
vn -0.7137 -0.6430 -0.2779
vn -0.3531 -0.9327 -0.0740
vn -0.3520 -0.9331 -0.0740
vn -0.4823 -0.7195 -0.4998
vn -0.4822 -0.7195 -0.4998
vn 0.2228 -0.8845 -0.4098
vn 0.2212 -0.8850 -0.4097
vn 0.0137 -0.6116 -0.7910
vn -0.6108 -0.0349 0.7910
vn -0.6108 -0.0348 0.7910
vn -0.8994 0.1519 0.4098
vn -0.8998 0.1502 0.4097
vn -0.6789 -0.5379 0.4998
vn -0.6789 -0.5378 0.4998
vn -0.9017 -0.4260 0.0740
vn -0.9022 -0.4249 0.0740
vn -0.5843 -0.7625 0.2779
vn -0.7429 -0.6494 -0.1625
vn -0.7470 -0.6447 -0.1622
vn -0.6403 -0.0895 0.7629
vn -0.6394 -0.0882 0.7638
vn -0.8796 0.2134 0.4251
vn -0.6815 -0.6288 0.3745
vn -0.6817 -0.6292 0.3734
vn -0.9478 -0.2895 0.1338
vn -0.5460 -0.8303 0.1114
vn -0.5463 -0.8310 0.1052
vn -0.8531 -0.5142 -0.0881
vn -0.6018 -0.7368 -0.3082
vn -0.6018 -0.7368 -0.3081
vn -0.7553 -0.6421 0.1312
vn -0.7600 -0.6365 0.1314
vn -0.6901 -0.4420 -0.5731
vn -0.6901 -0.4419 -0.5731
vn -0.9231 -0.3525 -0.1535
vn -0.9263 -0.3439 -0.1536
vn -0.5693 0.0533 -0.8204
vn -0.8649 0.2355 -0.4433
vn -0.8636 0.2396 -0.4436
vn -0.7636 -0.6332 0.1265
vn -0.7641 -0.6340 0.1192
vn -0.4179 -0.9067 -0.0578
vn -0.4850 -0.7516 0.4472
vn -0.4879 -0.7545 0.4390
vn -0.1170 -0.9713 0.2071
vn -0.1169 -0.9713 0.2071
vn 0.0478 -0.6021 0.7970
vn 0.0449 -0.6048 0.7951
vn 0.3672 -0.8116 0.4544
vn -0.5706 -0.8114 -0.1265
vn -0.5714 -0.8120 -0.1192
vn -0.8706 -0.4885 0.0578
vn -0.7107 -0.5431 -0.4472
vn -0.7134 -0.5462 -0.4390
vn -0.9590 -0.1937 -0.2071
vn -0.9590 -0.1936 -0.2072
vn -0.6040 -0.0001 -0.7970
vn -0.6065 -0.0033 -0.7951
vn -0.8382 0.3016 -0.4544
vn 0.3033 -0.8435 0.4433
vn 0.3074 -0.8419 0.4436
vn 0.0983 -0.5633 0.8204
vn -0.2782 -0.9482 0.1535
vn -0.2693 -0.9507 0.1536
vn -0.3858 -0.7230 0.5731
vn -0.5802 -0.8039 -0.1312
vn -0.5742 -0.8081 -0.1314
vn -0.6867 -0.6584 0.3082
vn -0.6867 -0.6584 0.3081
vt 0.846577 0.822206
vt 0.756189 0.911385
vt 0.765549 0.920872
vt 0.855937 0.831693
vt 0.362941 0.314024
vt 0.362941 0.438303
vt 0.380324 0.438303
vt 0.380324 0.314024
vt 0.868787 0.819015
vt 0.859428 0.809528
vt 0.365818 0.061986
vt 0.365819 0.186269
vt 0.383202 0.186269
vt 0.383201 0.061986
vt 0.168576 0.430799
vt 0.185959 0.430799
vt 0.185959 0.306519
vt 0.168576 0.306519
vt 0.197030 0.190016
vt 0.214413 0.190016
vt 0.214413 0.064904
vt 0.197030 0.064904
vt 0.949816 0.720349
vt 0.959176 0.729836
vt 0.402053 0.314910
vt 0.384670 0.314910
vt 0.384668 0.440029
vt 0.402051 0.440029
vt 0.232227 0.307406
vt 0.214844 0.307406
vt 0.214844 0.432526
vt 0.232227 0.432526
vt 0.946326 0.923308
vt 0.959176 0.910630
vt 0.203061 0.805517
vt 0.185678 0.805517
vt 0.185677 0.930635
vt 0.203060 0.930635
vt 0.769038 0.717912
vt 0.756188 0.730591
vt 0.146525 0.065542
vt 0.144715 0.065542
vt 0.144716 0.191167
vt 0.146525 0.192516
vt 0.143235 0.065542
vt 0.143235 0.190180
vt 0.142180 0.065542
vt 0.142181 0.189819
vt 0.190302 0.303823
vt 0.188494 0.305171
vt 0.188493 0.430799
vt 0.190302 0.430799
vt 0.187014 0.306158
vt 0.187013 0.430799
vt 0.381376 0.438303
vt 0.381378 0.313663
vt 0.382857 0.438303
vt 0.382859 0.312676
vt 0.384668 0.438303
vt 0.384668 0.311328
vt 0.384255 0.186630
vt 0.384256 0.061986
vt 0.385736 0.187617
vt 0.385736 0.061986
vt 0.387544 0.188965
vt 0.387544 0.061986
vt 0.211266 0.432526
vt 0.212637 0.432526
vt 0.212637 0.305615
vt 0.211265 0.303823
vt 0.213839 0.432526
vt 0.213839 0.306926
vt 0.405631 0.311328
vt 0.404259 0.313120
vt 0.404259 0.440029
vt 0.405631 0.440029
vt 0.403057 0.314431
vt 0.403057 0.440029
vt 0.206640 0.801935
vt 0.205269 0.803726
vt 0.205268 0.930635
vt 0.206640 0.930635
vt 0.204067 0.805037
vt 0.204066 0.930635
vt 0.215418 0.190496
vt 0.215418 0.064904
vt 0.216622 0.191808
vt 0.216622 0.064904
vt 0.217993 0.193600
vt 0.217993 0.064904
vt 0.124798 0.189819
vt 0.124797 0.065542
vt 0.037991 0.257594
vt 0.033868 0.257402
vt 0.034077 0.253190
vt 0.038043 0.253587
vt 0.520746 0.509184
vt 0.520429 0.505058
vt 0.524270 0.505051
vt 0.524884 0.507999
vt 0.520310 0.501078
vt 0.524286 0.501191
vt 0.528402 0.501506
vt 0.527195 0.505714
vt 0.038002 0.245570
vt 0.038056 0.249573
vt 0.034094 0.249986
vt 0.033879 0.245766
vt 0.038010 0.010578
vt 0.033942 0.010506
vt 0.033970 0.006536
vt 0.037940 0.006510
vt 0.528402 0.265541
vt 0.524279 0.265855
vt 0.524275 0.262015
vt 0.527222 0.261405
vt 0.520304 0.265971
vt 0.520417 0.261997
vt 0.520734 0.257882
vt 0.524940 0.259092
vt 0.038027 0.986672
vt 0.038024 0.990690
vt 0.034100 0.990920
vt 0.033938 0.986822
vt 0.037880 0.994781
vt 0.033915 0.993906
vt 0.037980 0.492609
vt 0.038036 0.496616
vt 0.034071 0.497032
vt 0.033854 0.492807
vt 0.038025 0.500634
vt 0.034055 0.500239
vt 0.037975 0.504645
vt 0.033850 0.504453
vt 0.277104 0.501504
vt 0.281227 0.501191
vt 0.281231 0.505030
vt 0.278284 0.505640
vt 0.285202 0.501074
vt 0.285089 0.505048
vt 0.284772 0.509163
vt 0.280566 0.507953
vt 0.037995 0.751693
vt 0.033871 0.751502
vt 0.034074 0.747289
vt 0.038043 0.747682
vt 0.284760 0.257861
vt 0.285078 0.261987
vt 0.281236 0.261995
vt 0.280623 0.259046
vt 0.285197 0.265967
vt 0.281220 0.265854
vt 0.277104 0.265539
vt 0.278311 0.261331
vt 0.037994 0.739657
vt 0.038052 0.743663
vt 0.034087 0.744081
vt 0.033868 0.739857
vt 0.272980 0.257611
vt 0.272923 0.253608
vt 0.276886 0.253191
vt 0.277104 0.257412
vt 0.272934 0.249593
vt 0.276900 0.249987
vt 0.272983 0.245586
vt 0.277104 0.245777
vt 0.520780 0.257841
vt 0.520466 0.253718
vt 0.524306 0.253713
vt 0.524917 0.256661
vt 0.520350 0.249742
vt 0.524324 0.249855
vt 0.528440 0.250171
vt 0.527230 0.254378
vt 0.273007 0.010594
vt 0.273078 0.006526
vt 0.277048 0.006553
vt 0.277075 0.010523
vt 0.273146 0.994751
vt 0.273011 0.990661
vt 0.276939 0.990873
vt 0.277104 0.993893
vt 0.273003 0.986639
vt 0.277090 0.986783
vt 0.277104 0.250206
vt 0.281231 0.249887
vt 0.281239 0.253730
vt 0.278290 0.254343
vt 0.285211 0.249768
vt 0.285099 0.253745
vt 0.284784 0.257861
vt 0.280576 0.256655
vt 0.272973 0.492612
vt 0.277095 0.492804
vt 0.276889 0.497014
vt 0.272922 0.496619
vt 0.528440 0.014166
vt 0.524313 0.014484
vt 0.524305 0.010642
vt 0.527254 0.010028
vt 0.520333 0.014603
vt 0.520445 0.010627
vt 0.520760 0.006510
vt 0.524968 0.007717
vt 0.272966 0.504637
vt 0.272911 0.500634
vt 0.276873 0.500218
vt 0.277090 0.504439
vt 0.272968 0.751660
vt 0.272914 0.747656
vt 0.276876 0.747242
vt 0.277091 0.751462
vt 0.272927 0.743642
vt 0.276893 0.744038
vt 0.272978 0.739635
vt 0.277101 0.739827
vt 0.284764 0.006531
vt 0.285078 0.010654
vt 0.281238 0.010659
vt 0.280627 0.007711
vt 0.285195 0.014630
vt 0.281220 0.014517
vt 0.277104 0.014200
vt 0.278314 0.009994
vt 0.308055 0.478222
vt 0.497455 0.478223
vt 0.060831 0.280443
vt 0.060822 0.469762
vt 0.497452 0.288823
vt 0.060853 0.033422
vt 0.060843 0.222729
vt 0.308052 0.288822
vt 0.060838 0.774531
vt 0.060864 0.963827
vt 0.060818 0.527491
vt 0.060832 0.716808
vt 0.250132 0.469767
vt 0.250139 0.280453
vt 0.739168 0.265507
vt 0.739168 0.279360
vt 0.549901 0.279360
vt 0.549901 0.265507
vt 0.250145 0.222742
vt 0.250161 0.033435
vt 0.753021 0.468627
vt 0.739168 0.468627
vt 0.753021 0.279360
vt 0.250159 0.963800
vt 0.250131 0.774504
vt 0.549901 0.482480
vt 0.549901 0.468627
vt 0.739168 0.482480
vt 0.250137 0.716793
vt 0.250126 0.527481
vt 0.964715 0.698653
vt 0.775448 0.698653
vt 0.775448 0.509386
vt 0.964715 0.509386
vt 0.775448 0.717912
vt 0.964715 0.717912
vt 0.756188 0.509386
vt 0.756188 0.698653
vt 0.964715 0.490126
vt 0.775448 0.490126
vt 0.983974 0.698653
vt 0.983974 0.509386
vt 0.736929 0.509386
vt 0.736929 0.698653
vt 0.547661 0.698653
vt 0.547661 0.509386
vt 0.528402 0.509386
vt 0.528402 0.698653
vt 0.736929 0.490126
vt 0.547661 0.490126
vt 0.485631 0.717711
vt 0.296364 0.717711
vt 0.296364 0.528443
vt 0.485631 0.528443
vt 0.296364 0.736970
vt 0.485631 0.736970
vt 0.277104 0.528443
vt 0.277104 0.717711
vt 0.485631 0.509184
vt 0.296364 0.509184
vt 0.504890 0.717711
vt 0.504890 0.528443
vt 0.302656 0.232320
vt 0.502904 0.232299
vt 0.302640 0.032073
vt 0.502888 0.032052
vt 0.736929 0.926439
vt 0.547661 0.926439
vt 0.547661 0.737172
vt 0.736929 0.737172
vt 0.547661 0.945698
vt 0.736929 0.945698
vt 0.528402 0.737172
vt 0.528402 0.926439
vt 0.736929 0.717912
vt 0.547661 0.717912
vt 0.756188 0.926439
vt 0.756188 0.737172
vt 0.547699 0.025770
vt 0.736966 0.025770
vt 0.736966 0.215037
vt 0.547699 0.215037
vt 0.736966 0.006510
vt 0.547699 0.006510
vt 0.756226 0.215037
vt 0.756226 0.025770
vt 0.547699 0.234296
vt 0.736966 0.234296
vt 0.528440 0.025770
vt 0.528440 0.215037
vt 0.536048 0.279360
vt 0.536048 0.468627
vt 0.528402 0.474033
vt 0.528402 0.273954
vt 0.544495 0.257861
vt 0.744574 0.257861
vt 0.760667 0.273954
vt 0.760667 0.474034
vt 0.744574 0.490126
vt 0.544494 0.490126
vt 0.380343 0.850750
vt 0.470732 0.939929
vt 0.480092 0.930442
vt 0.389703 0.841263
vt 0.109704 0.429126
vt 0.109705 0.304848
vt 0.092322 0.304848
vt 0.092321 0.429125
vt 0.376853 0.828585
vt 0.367493 0.838072
vt 0.168576 0.430797
vt 0.168576 0.306521
vt 0.151193 0.306521
vt 0.151193 0.430797
vt 0.177879 0.800371
vt 0.160495 0.800371
vt 0.160495 0.924653
vt 0.177879 0.924653
vt 0.205348 0.555978
vt 0.187965 0.555978
vt 0.187965 0.681093
vt 0.205348 0.681093
vt 0.277105 0.748893
vt 0.286465 0.739406
vt 0.222732 0.557702
vt 0.205349 0.557702
vt 0.205348 0.682819
vt 0.222731 0.682819
vt 0.218562 0.929627
vt 0.235946 0.929628
vt 0.235947 0.804509
vt 0.218563 0.804509
vt 0.480092 0.749648
vt 0.467242 0.736970
vt 0.207687 0.307406
vt 0.190304 0.307406
vt 0.190302 0.432524
vt 0.207686 0.432524
vt 0.277104 0.929687
vt 0.289954 0.942365
vt 0.142012 0.304613
vt 0.140201 0.304613
vt 0.140203 0.430236
vt 0.142013 0.431586
vt 0.138720 0.304613
vt 0.138722 0.429249
vt 0.137667 0.304613
vt 0.137667 0.428888
vt 0.156153 0.927349
vt 0.157962 0.926001
vt 0.157961 0.800371
vt 0.156151 0.800371
vt 0.159441 0.925014
vt 0.159441 0.800371
vt 0.091268 0.304848
vt 0.091267 0.429487
vt 0.089787 0.304848
vt 0.089786 0.430474
vt 0.087977 0.304848
vt 0.087977 0.431822
vt 0.150139 0.306159
vt 0.150138 0.430797
vt 0.148658 0.305172
vt 0.148659 0.430797
vt 0.146848 0.303823
vt 0.146848 0.430797
vt 0.239525 0.804509
vt 0.238155 0.804509
vt 0.238153 0.931419
vt 0.239525 0.933211
vt 0.236953 0.804509
vt 0.236951 0.930108
vt 0.226311 0.554119
vt 0.224939 0.555911
vt 0.224939 0.682819
vt 0.226311 0.682819
vt 0.223737 0.557222
vt 0.223737 0.682819
vt 0.209893 0.305615
vt 0.209894 0.432524
vt 0.211265 0.432524
vt 0.208691 0.306927
vt 0.208691 0.432524
vt 0.186959 0.555498
vt 0.186959 0.681093
vt 0.185757 0.554186
vt 0.185757 0.681093
vt 0.184385 0.552394
vt 0.184386 0.681093
vt 0.120285 0.428888
vt 0.120285 0.304613
vt 0.859465 0.120290
vt 0.949854 0.209469
vt 0.959214 0.199983
vt 0.868825 0.110804
vt 0.114808 0.188521
vt 0.114808 0.064240
vt 0.097425 0.064240
vt 0.097425 0.188521
vt 0.855975 0.098125
vt 0.846615 0.107612
vt 0.122436 0.923611
vt 0.122436 0.799340
vt 0.105054 0.799340
vt 0.105054 0.923611
vt 0.387544 0.188963
vt 0.404928 0.188963
vt 0.404928 0.064683
vt 0.387545 0.064683
vt 0.405631 0.436444
vt 0.423014 0.436444
vt 0.423014 0.311328
vt 0.756226 0.018433
vt 0.765586 0.008947
vt 0.235377 0.068487
vt 0.217993 0.068487
vt 0.217993 0.193604
vt 0.235376 0.193604
vt 0.409271 0.187106
vt 0.426655 0.187106
vt 0.426656 0.061986
vt 0.409272 0.061986
vt 0.959214 0.019188
vt 0.946364 0.006510
vt 0.443977 0.314911
vt 0.426593 0.314911
vt 0.426593 0.440027
vt 0.443977 0.440027
vt 0.756226 0.199227
vt 0.769076 0.211906
vt 0.328767 0.438802
vt 0.330577 0.438802
vt 0.330575 0.313178
vt 0.328765 0.311829
vt 0.332058 0.438802
vt 0.332056 0.314165
vt 0.333111 0.438802
vt 0.333111 0.314527
vt 0.409271 0.061986
vt 0.407462 0.063335
vt 0.407462 0.188963
vt 0.409271 0.188963
vt 0.405981 0.064322
vt 0.405982 0.188963
vt 0.096372 0.064240
vt 0.096371 0.188883
vt 0.094891 0.064240
vt 0.094891 0.189870
vt 0.093082 0.064240
vt 0.093081 0.191218
vt 0.103999 0.798978
vt 0.103999 0.923611
vt 0.102518 0.797991
vt 0.102519 0.923611
vt 0.100708 0.796641
vt 0.100708 0.923612
vt 0.430234 0.061987
vt 0.428862 0.061987
vt 0.428863 0.188898
vt 0.430234 0.190688
vt 0.427661 0.061987
vt 0.427661 0.187586
vt 0.238956 0.064904
vt 0.237584 0.066696
vt 0.237584 0.193604
vt 0.238956 0.193604
vt 0.236382 0.068007
vt 0.236382 0.193604
vt 0.447556 0.311328
vt 0.446184 0.313120
vt 0.446184 0.440027
vt 0.447556 0.440027
vt 0.444982 0.314431
vt 0.444982 0.440027
vt 0.424019 0.436924
vt 0.424020 0.311328
vt 0.425222 0.438236
vt 0.425222 0.311328
vt 0.426593 0.440028
vt 0.426593 0.311328
vt 0.350493 0.314527
vt 0.350493 0.438802
vt 0.860416 0.349476
vt 0.770027 0.260297
vt 0.760667 0.269784
vt 0.851056 0.358963
vt 0.161894 0.555088
vt 0.161893 0.679367
vt 0.179276 0.679367
vt 0.179277 0.555088
vt 0.863906 0.371641
vt 0.873266 0.362154
vt 0.151842 0.066854
vt 0.151842 0.191136
vt 0.169225 0.191136
vt 0.169225 0.066854
vt 0.149182 0.798790
vt 0.131799 0.798790
vt 0.131799 0.923069
vt 0.149182 0.923069
vt 0.091395 0.795991
vt 0.074012 0.795991
vt 0.074012 0.921102
vt 0.091394 0.921102
vt 0.963655 0.451334
vt 0.954295 0.460820
vt 0.193452 0.068486
vt 0.176069 0.068486
vt 0.176067 0.193605
vt 0.193451 0.193606
vt 0.116351 0.679035
vt 0.133735 0.679035
vt 0.133735 0.553914
vt 0.116351 0.553914
vt 0.760667 0.450578
vt 0.773517 0.463256
vt 0.447618 0.065568
vt 0.430234 0.065568
vt 0.430234 0.190686
vt 0.447617 0.190686
vt 0.963655 0.270539
vt 0.950805 0.257861
vt 0.116351 0.555644
vt 0.114542 0.555644
vt 0.114542 0.681269
vt 0.116351 0.682617
vt 0.113061 0.555644
vt 0.113062 0.680282
vt 0.112007 0.555644
vt 0.112007 0.679920
vt 0.127455 0.925766
vt 0.129264 0.924417
vt 0.129265 0.798790
vt 0.127456 0.798790
vt 0.130745 0.923431
vt 0.130745 0.798790
vt 0.180329 0.679367
vt 0.180331 0.554727
vt 0.181810 0.679367
vt 0.181812 0.553740
vt 0.183621 0.679367
vt 0.183621 0.552392
vt 0.170278 0.191497
vt 0.170280 0.066854
vt 0.171759 0.192484
vt 0.171759 0.066854
vt 0.173568 0.193832
vt 0.173568 0.066854
vt 0.137313 0.553914
vt 0.135941 0.553914
vt 0.135941 0.680825
vt 0.137313 0.682617
vt 0.134740 0.553914
vt 0.134740 0.679515
vt 0.195658 0.066696
vt 0.195658 0.193606
vt 0.197030 0.193606
vt 0.194456 0.068007
vt 0.194456 0.193606
vt 0.451196 0.061986
vt 0.449825 0.063777
vt 0.449825 0.190686
vt 0.451196 0.190686
vt 0.448623 0.065088
vt 0.448622 0.190686
vt 0.073006 0.795511
vt 0.073006 0.921102
vt 0.071803 0.794198
vt 0.071803 0.921102
vt 0.070431 0.792406
vt 0.070431 0.921102
vt 0.094624 0.679920
vt 0.094624 0.555644
s 1
usemtl Material.011
f 4999/7060/3742 4987/7061/3742 4990/7062/3742 5010/7063/3742
f 4977/7064/3743 4973/7065/3743 4994/7066/3743 5006/7067/3743
f 5010/7063/3742 5007/7068/3742 5002/7069/3742 4999/7060/3742
f 4972/7070/3743 4976/7071/3743 5011/7072/3743 4991/7073/3743
f 4971/7074/3744 4986/7075/3744 4998/7076/3744 4975/7077/3744
f 4975/7078/3745 4998/7079/3745 5027/7080/3745 4981/7081/3745
f 4982/7082/3742 5002/7069/3742 5007/7068/3742 4995/7083/3742
f 5011/7084/3745 4976/7085/3745 4979/7086/3745 5018/7087/3745
f 4977/7088/3746 5006/7089/3746 5015/7090/3746 4978/7091/3746
f 5007/7068/3742 5010/7063/3742 5019/7092/3742 5014/7093/3742
f 5003/7094/3746 4974/7095/3746 4980/7096/3746 5022/7097/3746
f 4999/7060/3742 5002/7069/3742 5023/7098/3742 5026/7099/3742
f 4982/7100/3747 4984/7101/3747 5004/7102/3748 5002/7103/3749
f 4984/7101/3750 4985/7104/3751 5005/7105/3752 5004/7102/3753
f 4985/7104/3754 4983/7106/3754 5003/7107/3755 5005/7105/3756
f 4999/7108/3757 5001/7109/3758 4989/7110/3759 4987/7111/3759
f 5001/7109/3760 5000/7112/3761 4988/7113/3762 4989/7110/3763
f 5000/7112/3764 4998/7076/3765 4986/7075/3766 4988/7113/3766
f 4994/7066/3767 4996/7114/3767 5008/7115/3768 5006/7067/3769
f 4996/7114/3770 4997/7116/3771 5009/7117/3772 5008/7115/3773
f 4997/7116/3774 4995/7118/3774 5007/7119/3775 5009/7117/3776
f 5011/7072/3777 5013/7120/3778 4993/7121/3779 4991/7073/3780
f 5013/7120/3781 5012/7122/3782 4992/7123/3783 4993/7121/3783
f 5012/7122/3784 5010/7124/3785 4990/7125/3786 4992/7123/3786
f 5014/7126/3787 5016/7127/3787 5009/7128/3788 5007/7129/3789
f 5016/7127/3790 5017/7130/3790 5008/7131/3791 5009/7128/3792
f 5017/7130/3793 5015/7090/3793 5006/7089/3794 5008/7131/3795
f 5010/7132/3796 5012/7133/3797 5021/7134/3798 5019/7135/3798
f 5012/7133/3799 5013/7136/3800 5020/7137/3801 5021/7134/3802
f 5013/7136/3803 5011/7084/3804 5018/7087/3805 5020/7137/3805
f 5002/7138/3806 5004/7139/3807 5025/7140/3808 5023/7141/3808
f 5004/7139/3809 5005/7142/3810 5024/7143/3811 5025/7140/3811
f 5005/7142/3812 5003/7094/3813 5022/7097/3814 5024/7143/3814
f 4998/7079/3815 5000/7144/3816 5029/7145/3817 5027/7080/3817
f 5000/7144/3818 5001/7146/3819 5028/7147/3820 5029/7145/3820
f 5001/7146/3821 4999/7148/3822 5026/7149/3823 5028/7147/3823
f 4974/7150/3744 5003/7107/3744 4983/7106/3744 4970/7151/3744
f 5124/7152/3824 5033/7153/3825 5035/7154/3826 5034/7155/3827
f 5033/7156/3825 5037/7157/3828 5038/7158/3829 5035/7159/3826
f 5123/7160/3830 5036/7161/3831 5038/7158/3829 5037/7157/3828
f 5036/7161/3831 5040/7162/3832 5041/7163/3833 5038/7158/3829
f 5128/7164/3834 5039/7165/3835 5041/7166/3833 5040/7167/3832
f 5039/7165/3835 5034/7155/3827 5035/7154/3826 5041/7166/3833
f 5035/7159/3826 5038/7158/3829 5041/7163/3833
f 5127/7168/3836 5045/7169/3832 5047/7170/3837 5046/7171/3838
f 5045/7172/3832 5049/7173/3831 5050/7174/3839 5047/7175/3837
f 5126/7176/3840 5048/7177/3841 5050/7174/3839 5049/7173/3831
f 5048/7177/3841 5052/7178/3842 5053/7179/3843 5050/7174/3839
f 5131/7180/3742 5051/7181/3844 5053/7182/3843 5052/7183/3842
f 5051/7181/3844 5046/7184/3838 5047/7185/3837 5053/7182/3843
f 5047/7175/3837 5050/7174/3839 5053/7179/3843
f 5125/7186/3845 5057/7187/3846 5059/7188/3847 5058/7189/3825
f 5057/7187/3846 5061/7190/3848 5062/7191/3849 5059/7188/3847
f 5132/7192/3850 5060/7193/3851 5062/7191/3849 5061/7190/3848
f 5060/7194/3851 5064/7195/3852 5065/7196/3853 5062/7197/3849
f 5122/7198/3854 5063/7199/3828 5065/7196/3853 5064/7195/3852
f 5063/7199/3828 5058/7200/3825 5059/7201/3847 5065/7196/3853
f 5059/7201/3847 5062/7197/3849 5065/7196/3853
f 5130/7202/3855 5069/7203/3842 5071/7204/3856 5070/7205/3857
f 5069/7206/3842 5073/7207/3841 5074/7208/3858 5071/7209/3856
f 5129/7210/3859 5072/7211/3852 5074/7208/3858 5073/7207/3841
f 5072/7211/3852 5076/7212/3851 5077/7213/3860 5074/7208/3858
f 5133/7214/3861 5075/7215/3862 5077/7216/3860 5076/7217/3851
f 5075/7215/3862 5070/7205/3857 5071/7204/3856 5077/7216/3860
f 5071/7209/3856 5074/7208/3858 5077/7213/3860
f 5135/7218/3824 5080/7219/3827 5082/7220/3863 5081/7221/3864
f 5080/7219/3827 5084/7222/3835 5085/7223/3865 5082/7220/3863
f 5138/7224/3834 5083/7225/3866 5085/7223/3865 5084/7222/3835
f 5083/7226/3866 5087/7227/3867 5088/7228/3868 5085/7229/3865
f 5136/7230/3869 5086/7231/3870 5088/7228/3868 5087/7227/3867
f 5086/7231/3870 5081/7232/3864 5082/7233/3863 5088/7228/3868
f 5082/7233/3863 5085/7229/3865 5088/7228/3868
f 5139/7234/3836 5091/7235/3838 5093/7236/3871 5092/7237/3866
f 5091/7238/3838 5095/7239/3844 5096/7240/3872 5093/7241/3871
f 5141/7242/3742 5094/7243/3873 5096/7240/3872 5095/7239/3844
f 5094/7244/3873 5098/7245/3874 5099/7246/3875 5096/7247/3872
f 5140/7248/3876 5097/7249/3867 5099/7246/3875 5098/7245/3874
f 5097/7249/3867 5092/7250/3866 5093/7251/3871 5099/7246/3875
f 5093/7251/3871 5096/7247/3872 5099/7246/3875
f 5134/7252/3845 5102/7253/3864 5104/7254/3877 5103/7255/3846
f 5102/7256/3864 5106/7257/3870 5107/7258/3878 5104/7259/3877
f 5137/7260/3879 5105/7261/3880 5107/7258/3878 5106/7257/3870
f 5105/7261/3880 5109/7262/3881 5110/7263/3882 5107/7258/3878
f 5145/7264/3850 5108/7265/3848 5110/7266/3882 5109/7267/3881
f 5108/7265/3848 5103/7255/3846 5104/7254/3877 5110/7266/3882
f 5104/7259/3877 5107/7258/3878 5110/7263/3882
f 5142/7268/3855 5113/7269/3857 5115/7270/3883 5114/7271/3873
f 5113/7269/3857 5117/7272/3862 5118/7273/3884 5115/7270/3883
f 5144/7274/3861 5116/7275/3881 5118/7273/3884 5117/7272/3862
f 5116/7276/3881 5120/7277/3880 5121/7278/3885 5118/7279/3884
f 5143/7280/3886 5119/7281/3874 5121/7278/3885 5120/7277/3880
f 5119/7281/3874 5114/7282/3873 5115/7283/3883 5121/7278/3885
f 5115/7283/3883 5118/7279/3884 5121/7278/3885
f 5122/7198/3854 5123/7160/3830 5037/7157/3828 5063/7199/3828
f 5063/7199/3828 5037/7157/3828 5033/7156/3825 5058/7200/3825
f 5058/7189/3825 5033/7153/3825 5124/7152/3824 5125/7186/3845
f 5123/7160/3830 5126/7176/3840 5049/7173/3831 5036/7161/3831
f 5036/7161/3831 5049/7173/3831 5045/7172/3832 5040/7162/3832
f 5040/7167/3832 5045/7169/3832 5127/7168/3836 5128/7164/3834
f 5126/7176/3840 5129/7210/3859 5073/7207/3841 5048/7177/3841
f 5048/7177/3841 5073/7207/3841 5069/7206/3842 5052/7178/3842
f 5052/7183/3842 5069/7203/3842 5130/7202/3855 5131/7180/3742
f 5129/7210/3859 5122/7198/3854 5064/7195/3852 5072/7211/3852
f 5072/7211/3852 5064/7195/3852 5060/7194/3851 5076/7212/3851
f 5076/7217/3851 5060/7193/3851 5132/7192/3850 5133/7214/3861
f 5134/7252/3845 5135/7218/3824 5081/7221/3864 5102/7253/3864
f 5102/7256/3864 5081/7232/3864 5086/7231/3870 5106/7257/3870
f 5106/7257/3870 5086/7231/3870 5136/7230/3869 5137/7260/3879
f 5138/7224/3834 5139/7234/3836 5092/7237/3866 5083/7225/3866
f 5083/7226/3866 5092/7250/3866 5097/7249/3867 5087/7227/3867
f 5087/7227/3867 5097/7249/3867 5140/7248/3876 5136/7230/3869
f 5141/7242/3742 5142/7268/3855 5114/7271/3873 5094/7243/3873
f 5094/7244/3873 5114/7282/3873 5119/7281/3874 5098/7245/3874
f 5098/7245/3874 5119/7281/3874 5143/7280/3886 5140/7248/3876
f 5144/7274/3861 5145/7264/3850 5109/7267/3881 5116/7275/3881
f 5116/7276/3881 5109/7262/3881 5105/7261/3880 5120/7277/3880
f 5120/7277/3880 5105/7261/3880 5137/7260/3879 5143/7280/3886
f 5133/7214/3861 5144/7274/3861 5117/7272/3862 5075/7215/3862
f 5075/7215/3862 5117/7272/3862 5113/7269/3857 5070/7205/3857
f 5070/7205/3857 5113/7269/3857 5142/7268/3855 5130/7202/3855
f 5139/7234/3836 5127/7168/3836 5046/7171/3838 5091/7235/3838
f 5091/7238/3838 5046/7184/3838 5051/7181/3844 5095/7239/3844
f 5095/7239/3844 5051/7181/3844 5131/7180/3742 5141/7242/3742
f 5128/7164/3834 5138/7224/3834 5084/7222/3835 5039/7165/3835
f 5039/7165/3835 5084/7222/3835 5080/7219/3827 5034/7155/3827
f 5034/7155/3827 5080/7219/3827 5135/7218/3824 5124/7152/3824
f 5145/7264/3850 5132/7192/3850 5061/7190/3848 5108/7265/3848
f 5108/7265/3848 5061/7190/3848 5057/7187/3846 5103/7255/3846
f 5103/7255/3846 5057/7187/3846 5125/7186/3845 5134/7252/3845
f 5056/7284/3887 5031/7285/3887 5123/7160/3830 5122/7198/3854
f 5030/7286/3845 5054/7287/3845 5125/7186/3845 5124/7152/3824
f 5031/7285/3887 5043/7288/3887 5126/7176/3840 5123/7160/3830
f 5042/7289/3834 5032/7290/3834 5128/7164/3834 5127/7168/3836
f 5043/7288/3887 5067/7291/3887 5129/7210/3859 5126/7176/3840
f 5066/7292/3742 5044/7293/3742 5131/7180/3742 5130/7202/3855
f 5067/7291/3887 5056/7284/3887 5122/7198/3854 5129/7210/3859
f 5055/7294/3861 5068/7295/3861 5133/7214/3861 5132/7192/3850
f 5100/7296/3845 5078/7297/3845 5135/7218/3824 5134/7252/3845
f 5173/7298/3861 5159/7299/3861 5158/7300/3861 5171/7301/3861
f 5079/7302/3834 5089/7303/3834 5139/7234/3836 5138/7224/3834
f 5177/7304/3845 5160/7305/3845 5159/7299/3845 5173/7306/3845
f 5090/7307/3742 5111/7308/3742 5142/7268/3855 5141/7242/3742
f 5174/7309/3834 5161/7310/3834 5160/7305/3834 5177/7311/3834
f 5112/7312/3861 5101/7313/3861 5145/7264/3850 5144/7274/3861
f 5068/7295/3861 5112/7312/3861 5144/7274/3861 5133/7214/3861
f 5111/7308/3742 5066/7292/3742 5130/7202/3855 5142/7268/3855
f 5089/7303/3834 5042/7289/3834 5127/7168/3836 5139/7234/3836
f 5044/7293/3742 5090/7307/3742 5141/7242/3742 5131/7180/3742
f 5032/7290/3834 5079/7302/3834 5138/7224/3834 5128/7164/3834
f 5078/7297/3845 5030/7286/3845 5124/7152/3824 5135/7218/3824
f 5101/7313/3861 5055/7294/3861 5132/7192/3850 5145/7264/3850
f 5054/7287/3845 5100/7296/3845 5134/7252/3845 5125/7186/3845
f 5146/7314/3834 5147/7315/3834 5148/7316/3834 5149/7317/3834
f 5042/7318/3888 5147/7315/3888 5146/7314/3888 5032/7319/3888
f 5089/7320/3845 5148/7316/3845 5147/7315/3845 5042/7321/3845
f 5079/7322/3887 5149/7317/3887 5148/7316/3887 5089/7323/3887
f 5032/7324/3742 5146/7314/3742 5149/7317/3742 5079/7325/3742
f 5150/7326/3861 5151/7327/3861 5152/7328/3861 5153/7329/3861
f 5055/7321/3888 5151/7327/3888 5150/7326/3888 5068/7320/3888
f 5112/7330/3887 5153/7329/3887 5152/7328/3887 5101/7331/3887
f 5068/7332/3845 5150/7326/3845 5153/7329/3845 5112/7333/3845
f 5154/7334/3887 5155/7335/3887 5156/7336/3887 5157/7337/3887
f 5056/7338/3742 5155/7335/3742 5154/7334/3742 5031/7339/3742
f 5067/7340/3834 5156/7336/3834 5155/7335/3834 5056/7341/3834
f 5043/7342/3845 5157/7337/3845 5156/7336/3845 5067/7343/3845
f 5031/7344/3861 5154/7334/3861 5157/7337/3861 5043/7345/3861
f 5158/7300/3888 5159/7299/3888 5160/7305/3888 5161/7310/3888
f 5172/7346/3888 5170/7347/3888 5136/7230/3869 5140/7248/3876
f 5176/7348/3888 5172/7346/3888 5140/7248/3876 5143/7280/3886
f 5175/7349/3888 5176/7348/3888 5143/7280/3886 5137/7260/3879
f 5170/7347/3888 5175/7349/3888 5137/7260/3879 5136/7230/3869
f 5162/7350/3742 5163/7351/3742 5164/7352/3742 5165/7353/3742
f 5066/7354/3888 5163/7351/3888 5162/7350/3888 5044/7355/3888
f 5111/7356/3834 5164/7352/3834 5163/7351/3834 5066/7357/3834
f 5090/7358/3887 5165/7353/3887 5164/7352/3887 5111/7359/3887
f 5044/7360/3861 5162/7350/3861 5165/7353/3861 5090/7361/3861
f 5166/7362/3845 5167/7363/3845 5168/7364/3845 5169/7365/3845
f 5030/7366/3888 5167/7363/3888 5166/7362/3888 5054/7367/3888
f 5078/7368/3861 5168/7364/3861 5167/7363/3861 5030/7369/3861
f 5100/7370/3887 5169/7365/3887 5168/7364/3887 5078/7371/3887
f 5054/7372/3834 5166/7362/3834 5169/7365/3834 5100/7373/3834
f 5055/7358/3742 5101/7359/3742 5152/7328/3742 5151/7327/3742
f 5171/7374/3889 5174/7375/3889 5175/7376/3889 5170/7377/3889
f 5173/7298/3745 5171/7301/3745 5170/7378/3745 5172/7379/3745
f 5177/7304/3890 5173/7306/3890 5172/7380/3890 5176/7381/3890
f 5174/7309/3743 5177/7311/3743 5176/7382/3743 5175/7383/3743
f 5171/7374/3742 5158/7300/3742 5161/7310/3742 5174/7375/3742
f 5207/7384/3834 5195/7385/3834 5198/7386/3834 5218/7387/3834
f 5185/7388/3890 5181/7389/3890 5202/7390/3890 5214/7391/3890
f 5218/7387/3834 5215/7392/3834 5210/7393/3834 5207/7384/3834
f 5180/7394/3890 5184/7395/3890 5219/7396/3890 5199/7397/3890
f 5179/7398/3891 5194/7399/3891 5206/7400/3891 5183/7401/3891
f 5183/7402/3889 5206/7403/3889 5235/7404/3889 5189/7405/3889
f 5190/7406/3834 5210/7393/3834 5215/7392/3834 5203/7407/3834
f 5219/7408/3889 5184/7409/3889 5187/7410/3889 5226/7411/3889
f 5185/7412/3892 5214/7413/3892 5223/7414/3892 5186/7415/3892
f 5215/7392/3834 5218/7387/3834 5227/7416/3834 5222/7417/3834
f 5211/7418/3892 5182/7419/3892 5188/7420/3892 5230/7421/3892
f 5207/7384/3834 5210/7393/3834 5231/7422/3834 5234/7423/3834
f 5190/7424/3893 5192/7425/3893 5212/7426/3894 5210/7427/3895
f 5192/7425/3896 5193/7428/3897 5213/7429/3898 5212/7426/3899
f 5193/7428/3900 5191/7430/3900 5211/7431/3901 5213/7429/3902
f 5207/7432/3903 5209/7433/3904 5197/7434/3905 5195/7435/3905
f 5209/7433/3906 5208/7436/3907 5196/7437/3908 5197/7434/3909
f 5208/7436/3910 5206/7400/3911 5194/7399/3912 5196/7437/3912
f 5202/7390/3913 5204/7438/3914 5216/7439/3915 5214/7391/3916
f 5204/7438/3917 5205/7440/3917 5217/7441/3918 5216/7439/3919
f 5205/7440/3920 5203/7442/3920 5215/7443/3921 5217/7441/3922
f 5219/7396/3923 5221/7444/3924 5201/7445/3925 5199/7397/3925
f 5221/7444/3926 5220/7446/3927 5200/7447/3928 5201/7445/3929
f 5220/7446/3930 5218/7448/3931 5198/7449/3932 5200/7447/3932
f 5222/7450/3933 5224/7451/3933 5217/7452/3934 5215/7453/3935
f 5224/7451/3936 5225/7454/3936 5216/7455/3937 5217/7452/3938
f 5225/7454/3939 5223/7414/3939 5214/7413/3940 5216/7455/3941
f 5218/7456/3942 5220/7457/3943 5229/7458/3944 5227/7459/3944
f 5220/7457/3945 5221/7460/3946 5228/7461/3947 5229/7458/3947
f 5221/7460/3948 5219/7408/3949 5226/7411/3950 5228/7461/3950
f 5210/7129/3951 5212/7462/3952 5233/7463/3953 5231/7464/3953
f 5212/7462/3954 5213/7465/3955 5232/7466/3956 5233/7463/3956
f 5213/7465/3957 5211/7418/3958 5230/7421/3959 5232/7466/3959
f 5206/7403/3960 5208/7467/3961 5237/7468/3962 5235/7404/3962
f 5208/7467/3963 5209/7469/3964 5236/7470/3965 5237/7468/3965
f 5209/7469/3966 5207/7471/3967 5234/7472/3968 5236/7470/3968
f 5182/7473/3891 5211/7431/3891 5191/7430/3891 5178/7474/3891
f 5267/7475/3861 5255/7476/3861 5258/7477/3861 5278/7478/3861
f 5245/7479/3889 5241/7480/3889 5262/7481/3889 5274/7482/3889
f 5278/7478/3861 5275/7483/3861 5270/7484/3861 5267/7475/3861
f 5240/7485/3889 5244/7486/3889 5279/7487/3889 5259/7488/3889
f 5239/7489/3892 5254/7490/3892 5266/7491/3892 5243/7492/3892
f 5243/7493/3890 5266/7494/3890 5295/7495/3890 5249/7132/3890
f 5250/7496/3861 5270/7484/3861 5275/7483/3861 5263/7497/3861
f 5279/7498/3890 5244/7499/3890 5247/7500/3890 5286/7501/3890
f 5245/7502/3891 5274/7503/3891 5283/7504/3891 5246/7505/3891
f 5275/7483/3861 5278/7478/3861 5287/7506/3861 5282/7507/3861
f 5271/7508/3891 5242/7509/3891 5248/7510/3891 5290/7511/3891
f 5267/7475/3861 5270/7484/3861 5291/7512/3861 5294/7513/3861
f 5250/7514/3969 5252/7515/3969 5272/7516/3970 5270/7517/3971
f 5252/7515/3972 5253/7518/3973 5273/7519/3974 5272/7516/3975
f 5253/7518/3976 5251/7520/3976 5271/7521/3977 5273/7519/3978
f 5267/7522/3979 5269/7523/3980 5257/7524/3981 5255/7525/3981
f 5269/7523/3982 5268/7526/3983 5256/7527/3984 5257/7524/3985
f 5268/7526/3986 5266/7491/3987 5254/7490/3988 5256/7527/3988
f 5262/7481/3989 5264/7528/3989 5276/7529/3990 5274/7482/3991
f 5264/7528/3992 5265/7530/3993 5277/7531/3994 5276/7529/3995
f 5265/7530/3996 5263/7532/3996 5275/7533/3997 5277/7531/3998
f 5279/7487/3999 5281/7534/4000 5261/7535/4001 5259/7488/4001
f 5281/7534/4002 5280/7536/4003 5260/7537/4004 5261/7535/4004
f 5280/7536/4005 5278/7538/4006 5258/7539/4007 5260/7537/4007
f 5282/7540/4008 5284/7541/4008 5277/7542/4009 5275/7543/4010
f 5284/7541/4011 5285/7544/4012 5276/7545/4013 5277/7542/4014
f 5285/7544/4015 5283/7504/4015 5274/7503/4016 5276/7545/4017
f 5278/7546/4018 5280/7547/4019 5289/7548/4020 5287/7549/4020
f 5280/7547/4021 5281/7550/4022 5288/7551/4023 5289/7548/4024
f 5281/7550/4025 5279/7498/4026 5286/7501/4027 5288/7551/4027
f 5270/7552/4028 5272/7553/4029 5293/7554/4030 5291/7555/4030
f 5272/7553/4031 5273/7556/4032 5292/7557/4033 5293/7554/4034
f 5273/7556/4035 5271/7508/4036 5290/7511/4037 5292/7557/4037
f 5266/7494/4038 5268/7558/4039 5297/7559/4040 5295/7495/4040
f 5268/7558/4041 5269/7560/4042 5296/7561/4043 5297/7559/4043
f 5269/7560/4044 5267/7562/4045 5294/7563/4046 5296/7561/4046
f 5242/7564/3892 5271/7521/3892 5251/7520/3892 5238/7565/3892
f 5327/7566/3845 5315/7567/3845 5318/7568/3845 5338/7569/3845
f 5305/7570/3745 5301/7571/3745 5322/7572/3745 5334/7573/3745
f 5338/7569/3845 5335/7574/3845 5330/7575/3845 5327/7566/3845
f 5300/7576/3745 5304/7577/3745 5339/7578/3745 5319/7579/3745
f 5299/7580/3746 5314/7581/3746 5326/7582/3746 5303/7583/3746
f 5303/7584/3743 5326/7585/3743 5355/7586/3743 5309/7587/3743
f 5310/7588/3845 5330/7575/3845 5335/7574/3845 5323/7589/3845
f 5339/7590/3743 5304/7591/3743 5307/7592/3743 5346/7593/3743
f 5305/7594/3744 5334/7595/3744 5343/7596/3744 5306/7597/3744
f 5335/7574/3845 5338/7569/3845 5347/7598/3845 5342/7599/3845
f 5331/7600/3744 5302/7601/3744 5308/7602/3744 5350/7603/3744
f 5327/7566/3845 5330/7575/3845 5351/7604/3845 5354/7605/3845
f 5310/7606/4047 5312/7607/4048 5332/7608/4049 5330/7609/4050
f 5312/7607/4051 5313/7610/4051 5333/7611/4052 5332/7608/4053
f 5313/7610/4054 5311/7612/4054 5331/7613/4055 5333/7611/4056
f 5327/7614/4057 5329/7615/4058 5317/7616/4059 5315/7617/4059
f 5329/7615/4060 5328/7618/4061 5316/7619/4062 5317/7616/4063
f 5328/7618/4064 5326/7582/4065 5314/7581/4066 5316/7619/4066
f 5322/7572/4067 5324/7620/4068 5336/7621/4069 5334/7573/4070
f 5324/7620/4071 5325/7622/4072 5337/7623/4073 5336/7621/4074
f 5325/7622/4075 5323/7624/4075 5335/7625/4076 5337/7623/4077
f 5339/7578/4078 5341/7626/4079 5321/7627/4080 5319/7579/4080
f 5341/7626/4081 5340/7628/4082 5320/7629/4083 5321/7627/4083
f 5340/7628/4084 5338/7630/4085 5318/7631/4086 5320/7629/4086
f 5342/7632/4087 5344/7633/4088 5337/7634/4089 5335/7635/4090
f 5344/7633/4091 5345/7636/4092 5336/7637/4093 5337/7634/4094
f 5345/7636/4095 5343/7596/4095 5334/7595/4096 5336/7637/4097
f 5338/7081/4098 5340/7638/4099 5349/7639/4100 5347/7640/4100
f 5340/7638/4101 5341/7641/4102 5348/7642/4103 5349/7639/4104
f 5341/7641/4105 5339/7590/4106 5346/7593/4107 5348/7642/4107
f 5330/7643/4108 5332/7644/4109 5353/7645/4110 5351/7646/4110
f 5332/7644/4111 5333/7647/4112 5352/7648/4113 5353/7645/4114
f 5333/7647/4115 5331/7600/4116 5350/7603/4117 5352/7648/4117
f 5326/7585/4118 5328/7649/4119 5357/7650/4120 5355/7586/4120
f 5328/7649/4121 5329/7651/4122 5356/7652/4123 5357/7650/4123
f 5329/7651/4124 5327/7653/4125 5354/7654/4126 5356/7652/4127
f 5302/7655/3746 5331/7613/3746 5311/7612/3746 5298/7656/3746
o Cube
v 7.900000 -10.000000 -0.012107
v 7.900000 -10.000000 1.987893
v 7.900000 10.000000 -0.012107
v 7.900000 10.000000 1.987893
v 8.100000 -10.000000 -0.012107
v 8.100000 -10.000000 1.987893
v 8.100000 10.000000 -0.012107
v 8.100000 10.000000 1.987893
vn -1.0000 -0.0000 -0.0000
vn -0.0000 1.0000 -0.0000
vn 1.0000 -0.0000 -0.0000
vn -0.0000 -1.0000 -0.0000
vn -0.0000 -0.0000 -1.0000
vn -0.0000 -0.0000 1.0000
vt 0.375000 0.000000
vt 0.625000 0.000000
vt 0.625000 0.250000
vt 0.375000 0.250000
vt 0.625000 0.500000
vt 0.375000 0.500000
vt 0.625000 0.750000
vt 0.375000 0.750000
vt 0.625000 1.000000
vt 0.375000 1.000000
vt 0.125000 0.500000
vt 0.125000 0.750000
vt 0.875000 0.500000
vt 0.875000 0.750000
s 0
f 5358/7657/4128 5359/7658/4128 5361/7659/4128 5360/7660/4128
f 5360/7660/4129 5361/7659/4129 5365/7661/4129 5364/7662/4129
f 5364/7662/4130 5365/7661/4130 5363/7663/4130 5362/7664/4130
f 5362/7664/4131 5363/7663/4131 5359/7665/4131 5358/7666/4131
f 5360/7667/4132 5364/7662/4132 5362/7664/4132 5358/7668/4132
f 5365/7661/4133 5361/7669/4133 5359/7670/4133 5363/7663/4133
o Cube.001
v -8.100000 -10.000000 -0.012107
v -8.100000 -10.000000 1.987893
v -8.100000 10.000000 -0.012107
v -8.100000 10.000000 1.987893
v -7.900000 -10.000000 -0.012107
v -7.900000 -10.000000 1.987893
v -7.900000 10.000000 -0.012107
v -7.900000 10.000000 1.987893
vn -1.0000 -0.0000 -0.0000
vn -0.0000 1.0000 -0.0000
vn 1.0000 -0.0000 -0.0000
vn -0.0000 -1.0000 -0.0000
vn -0.0000 -0.0000 -1.0000
vn -0.0000 -0.0000 1.0000
vt 0.375000 0.000000
vt 0.625000 0.000000
vt 0.625000 0.250000
vt 0.375000 0.250000
vt 0.625000 0.500000
vt 0.375000 0.500000
vt 0.625000 0.750000
vt 0.375000 0.750000
vt 0.625000 1.000000
vt 0.375000 1.000000
vt 0.125000 0.500000
vt 0.125000 0.750000
vt 0.875000 0.500000
vt 0.875000 0.750000
s 0
f 5366/7671/4134 5367/7672/4134 5369/7673/4134 5368/7674/4134
f 5368/7674/4135 5369/7673/4135 5373/7675/4135 5372/7676/4135
f 5372/7676/4136 5373/7675/4136 5371/7677/4136 5370/7678/4136
f 5370/7678/4137 5371/7677/4137 5367/7679/4137 5366/7680/4137
f 5368/7681/4138 5372/7676/4138 5370/7678/4138 5366/7682/4138
f 5373/7675/4139 5369/7683/4139 5367/7684/4139 5371/7677/4139
o Cube.002
v 8.000000 9.900001 -0.012107
v 8.000000 9.900001 1.987893
v -8.000000 9.900000 -0.012107
v -8.000000 9.900000 1.987893
v 8.000000 10.100000 -0.012107
v 8.000000 10.100000 1.987893
v -8.000000 10.099999 -0.012107
v -8.000000 10.099999 1.987893
vn -0.0000 -1.0000 -0.0000
vn -1.0000 -0.0000 -0.0000
vn -0.0000 1.0000 -0.0000
vn 1.0000 -0.0000 -0.0000
vn -0.0000 -0.0000 -1.0000
vn -0.0000 -0.0000 1.0000
vt 0.375000 0.000000
vt 0.625000 0.000000
vt 0.625000 0.250000
vt 0.375000 0.250000
vt 0.625000 0.500000
vt 0.375000 0.500000
vt 0.625000 0.750000
vt 0.375000 0.750000
vt 0.625000 1.000000
vt 0.375000 1.000000
vt 0.125000 0.500000
vt 0.125000 0.750000
vt 0.875000 0.500000
vt 0.875000 0.750000
s 0
f 5374/7685/4140 5375/7686/4140 5377/7687/4140 5376/7688/4140
f 5376/7688/4141 5377/7687/4141 5381/7689/4141 5380/7690/4141
f 5380/7690/4142 5381/7689/4142 5379/7691/4142 5378/7692/4142
f 5378/7692/4143 5379/7691/4143 5375/7693/4143 5374/7694/4143
f 5376/7695/4144 5380/7690/4144 5378/7692/4144 5374/7696/4144
f 5381/7689/4145 5377/7697/4145 5375/7698/4145 5379/7691/4145
o Cube.003
v 8.000000 -10.099999 -0.012107
v 8.000000 -10.099999 1.987893
v -8.000000 -10.100000 -0.012107
v -8.000000 -10.100000 1.987893
v 8.000000 -9.900000 -0.012107
v 8.000000 -9.900000 1.987893
v -8.000000 -9.900001 -0.012107
v -8.000000 -9.900001 1.987893
vn -0.0000 -1.0000 -0.0000
vn -1.0000 -0.0000 -0.0000
vn -0.0000 1.0000 -0.0000
vn 1.0000 -0.0000 -0.0000
vn -0.0000 -0.0000 -1.0000
vn -0.0000 -0.0000 1.0000
vt 0.375000 0.000000
vt 0.625000 0.000000
vt 0.625000 0.250000
vt 0.375000 0.250000
vt 0.625000 0.500000
vt 0.375000 0.500000
vt 0.625000 0.750000
vt 0.375000 0.750000
vt 0.625000 1.000000
vt 0.375000 1.000000
vt 0.125000 0.500000
vt 0.125000 0.750000
vt 0.875000 0.500000
vt 0.875000 0.750000
s 0
f 5382/7699/4146 5383/7700/4146 5385/7701/4146 5384/7702/4146
f 5384/7702/4147 5385/7701/4147 5389/7703/4147 5388/7704/4147
f 5388/7704/4148 5389/7703/4148 5387/7705/4148 5386/7706/4148
f 5386/7706/4149 5387/7705/4149 5383/7707/4149 5382/7708/4149
f 5384/7709/4150 5388/7704/4150 5386/7706/4150 5382/7710/4150
f 5389/7703/4151 5385/7711/4151 5383/7712/4151 5387/7705/4151
